{
	"format_version": "1.21.6",
	"credit": "Made with Blockbench",
	"texture_size": [64, 64],
	"textures": {
		"1": "hazbin:item/abel_mask",
		"particle": "hazbin:item/abel_mask"
	},
	"elements": [
		{
			"from": [3.49, -0.01, 3.49],
			"to": [12.51, 9.01, 12.51],
			"rotation": {"angle": 0, "axis": "y", "origin": [3.5, 0, 3.5]},
			"faces": {
				"north": {"uv": [4.5, 6, 6.75, 8.25], "texture": "#1"},
				"east": {"uv": [6.75, 0, 9, 2.25], "texture": "#1"},
				"south": {"uv": [6.75, 2.25, 9, 4.5], "texture": "#1"},
				"west": {"uv": [6.75, 4.5, 9, 6.75], "texture": "#1"},
				"up": {"uv": [9, 9, 6.75, 6.75], "texture": "#1"},
				"down": {"uv": [6.75, 8.25, 4.5, 10.5], "texture": "#1"}
			}
		},
		{
			"from": [8, 18, 8],
			"to": [9, 19, 17],
			"rotation": {"angle": 15, "axis": "x", "origin": [4, 20.44248, 12.75]},
			"faces": {
				"north": {"uv": [12.25, 0, 12.5, 0.25], "texture": "#1"},
				"east": {"uv": [1, 12, 3.25, 12.25], "texture": "#1"},
				"south": {"uv": [12.25, 0.25, 12.5, 0.5], "texture": "#1"},
				"west": {"uv": [12, 1, 14.25, 1.25], "texture": "#1"},
				"up": {"uv": [6.5, 12.75, 6.25, 10.5], "texture": "#1"},
				"down": {"uv": [6.75, 10.5, 6.5, 12.75], "texture": "#1"}
			}
		},
		{
			"from": [0, 18, 17],
			"to": [9, 19, 18],
			"rotation": {"angle": 15, "axis": "x", "origin": [4, 20.44248, 12.75]},
			"faces": {
				"north": {"uv": [12, 1.25, 14.25, 1.5], "texture": "#1"},
				"east": {"uv": [12.25, 0.5, 12.5, 0.75], "texture": "#1"},
				"south": {"uv": [12, 1.5, 14.25, 1.75], "texture": "#1"},
				"west": {"uv": [12.25, 0.75, 12.5, 1], "texture": "#1"},
				"up": {"uv": [14.25, 2, 12, 1.75], "texture": "#1"},
				"down": {"uv": [14.25, 2, 12, 2.25], "texture": "#1"}
			}
		},
		{
			"from": [-1.01, 17.99, 7.99],
			"to": [8.01, 19.01, 9.01],
			"rotation": {"angle": 15, "axis": "x", "origin": [4, 20.44248, 12.75]},
			"faces": {
				"north": {"uv": [12, 2.25, 14.25, 2.5], "texture": "#1"},
				"east": {"uv": [1, 12.25, 1.25, 12.5], "texture": "#1"},
				"south": {"uv": [12, 2.5, 14.25, 2.75], "texture": "#1"},
				"west": {"uv": [1.25, 12.25, 1.5, 12.5], "texture": "#1"},
				"up": {"uv": [14.25, 3, 12, 2.75], "texture": "#1"},
				"down": {"uv": [14.25, 3, 12, 3.25], "texture": "#1"}
			}
		},
		{
			"from": [-1, 18.7188, 8.58179],
			"to": [0, 19.7188, 10.58179],
			"rotation": {"angle": 4, "axis": "x", "origin": [4, 20.44248, 12.75]},
			"faces": {
				"north": {"uv": [1.5, 12.25, 1.75, 12.5], "texture": "#1"},
				"east": {"uv": [4, 9.75, 4.5, 10], "texture": "#1"},
				"south": {"uv": [1.75, 12.25, 2, 12.5], "texture": "#1"},
				"west": {"uv": [4, 10, 4.5, 10.25], "texture": "#1"},
				"up": {"uv": [3.75, 12.5, 3.5, 12], "texture": "#1"},
				"down": {"uv": [4, 12, 3.75, 12.5], "texture": "#1"}
			}
		},
		{
			"from": [-1.01, 17.94557, 10.9817],
			"to": [0.01, 18.96557, 13.0017],
			"rotation": {"angle": 26, "axis": "x", "origin": [4, 20.44248, 12.75]},
			"faces": {
				"north": {"uv": [2, 12.25, 2.25, 12.5], "texture": "#1"},
				"east": {"uv": [4, 10.25, 4.5, 10.5], "texture": "#1"},
				"south": {"uv": [2.25, 12.25, 2.5, 12.5], "texture": "#1"},
				"west": {"uv": [12, 6.25, 12.5, 6.5], "texture": "#1"},
				"up": {"uv": [12.25, 7, 12, 6.5], "texture": "#1"},
				"down": {"uv": [7, 12, 6.75, 12.5], "texture": "#1"}
			}
		},
		{
			"from": [-1.01, 17.03657, 12.11265],
			"to": [0.01, 19.05657, 13.13265],
			"rotation": {"angle": -19, "axis": "x", "origin": [4, 20.44248, 12.75]},
			"faces": {
				"north": {"uv": [7, 12, 7.25, 12.5], "texture": "#1"},
				"east": {"uv": [12, 7, 12.25, 7.5], "texture": "#1"},
				"south": {"uv": [7.25, 12, 7.5, 12.5], "texture": "#1"},
				"west": {"uv": [7.5, 12, 7.75, 12.5], "texture": "#1"},
				"up": {"uv": [2.75, 12.5, 2.5, 12.25], "texture": "#1"},
				"down": {"uv": [3, 12.25, 2.75, 12.5], "texture": "#1"}
			}
		},
		{
			"from": [-1, 18.95202, 10.79105],
			"to": [0, 19.95202, 12.79105],
			"rotation": {"angle": -31.5, "axis": "x", "origin": [4, 20.44248, 12.75]},
			"faces": {
				"north": {"uv": [3, 12.25, 3.25, 12.5], "texture": "#1"},
				"east": {"uv": [12, 7.5, 12.5, 7.75], "texture": "#1"},
				"south": {"uv": [12.25, 6.5, 12.5, 6.75], "texture": "#1"},
				"west": {"uv": [12, 7.75, 12.5, 8], "texture": "#1"},
				"up": {"uv": [12.25, 8.5, 12, 8], "texture": "#1"},
				"down": {"uv": [12.25, 8.5, 12, 9], "texture": "#1"}
			}
		},
		{
			"from": [-1, 17.04657, 12.72265],
			"to": [0, 18.04657, 15.72265],
			"rotation": {"angle": -19, "axis": "x", "origin": [4, 20.44248, 12.75]},
			"faces": {
				"north": {"uv": [12.25, 6.75, 12.5, 7], "texture": "#1"},
				"east": {"uv": [12, 5.75, 12.75, 6], "texture": "#1"},
				"south": {"uv": [12.25, 7, 12.5, 7.25], "texture": "#1"},
				"west": {"uv": [12, 6, 12.75, 6.25], "texture": "#1"},
				"up": {"uv": [4.25, 9.75, 4, 9], "texture": "#1"},
				"down": {"uv": [4.5, 9, 4.25, 9.75], "texture": "#1"}
			}
		},
		{
			"from": [-1.01, 15.42758, 14.25562],
			"to": [0.01, 17.44758, 15.27562],
			"rotation": {"angle": -29, "axis": "x", "origin": [4, 20.44248, 12.75]},
			"faces": {
				"north": {"uv": [12, 9, 12.25, 9.5], "texture": "#1"},
				"east": {"uv": [12, 9.5, 12.25, 10], "texture": "#1"},
				"south": {"uv": [12, 10, 12.25, 10.5], "texture": "#1"},
				"west": {"uv": [12, 10.5, 12.25, 11], "texture": "#1"},
				"up": {"uv": [12.5, 7.5, 12.25, 7.25], "texture": "#1"},
				"down": {"uv": [8, 12.25, 7.75, 12.5], "texture": "#1"}
			}
		},
		{
			"from": [9.15, 19.15, 17.15],
			"to": [7.85, 17.85, 7.85],
			"rotation": {"angle": 15, "axis": "x", "origin": [4, 20.44248, 12.75]},
			"faces": {
				"north": {"uv": [8, 12.25, 8.25, 12.5], "texture": "#1"},
				"east": {"uv": [12, 4.25, 13.75, 4.5], "texture": "#1"},
				"south": {"uv": [12.25, 8, 12.5, 8.25], "texture": "#1"},
				"west": {"uv": [12, 4.5, 13.75, 4.75], "texture": "#1"},
				"up": {"uv": [6.25, 13.25, 6, 11.5], "texture": "#1"},
				"down": {"uv": [3.5, 12, 3.25, 13.75], "texture": "#1"}
			}
		},
		{
			"from": [9.15, 19.15, 18.15],
			"to": [-1.15, 17.85, 16.85],
			"rotation": {"angle": 15, "axis": "x", "origin": [4, 20.44248, 12.75]},
			"faces": {
				"north": {"uv": [12, 3.25, 14, 3.5], "texture": "#1"},
				"east": {"uv": [8.25, 12.25, 8.5, 12.5], "texture": "#1"},
				"south": {"uv": [12, 3.5, 14, 3.75], "texture": "#1"},
				"west": {"uv": [12.25, 8.25, 12.5, 8.5], "texture": "#1"},
				"up": {"uv": [14, 4, 12, 3.75], "texture": "#1"},
				"down": {"uv": [14, 4, 12, 4.25], "texture": "#1"}
			}
		},
		{
			"from": [8.15, 19.15, 9.15],
			"to": [-1.15, 17.85, 7.85],
			"rotation": {"angle": 15, "axis": "x", "origin": [4, 20.44248, 12.75]},
			"faces": {
				"north": {"uv": [12, 4.75, 13.75, 5], "texture": "#1"},
				"east": {"uv": [8.5, 12.25, 8.75, 12.5], "texture": "#1"},
				"south": {"uv": [12, 5, 13.75, 5.25], "texture": "#1"},
				"west": {"uv": [12.25, 8.5, 12.5, 8.75], "texture": "#1"},
				"up": {"uv": [13.75, 5.5, 12, 5.25], "texture": "#1"},
				"down": {"uv": [13.75, 5.5, 12, 5.75], "texture": "#1"}
			}
		},
		{
			"from": [0.15, 19.8688, 10.73179],
			"to": [-1.15, 18.5688, 8.43179],
			"rotation": {"angle": 4, "axis": "x", "origin": [4, 20.44248, 12.75]},
			"faces": {
				"north": {"uv": [11.75, 12, 12, 12.25], "texture": "#1"},
				"east": {"uv": [13.25, 4, 13.25, 4.25], "texture": "#1"},
				"south": {"uv": [12, 12, 12.25, 12.25], "texture": "#1"},
				"west": {"uv": [12.5, 4.5, 12.5, 4.75], "texture": "#1"},
				"up": {"uv": [13, 4.25, 12.75, 4.25], "texture": "#1"},
				"down": {"uv": [12.5, 3.75, 12.25, 3.75], "texture": "#1"}
			}
		},
		{
			"from": [0.15, 19.10557, 13.1417],
			"to": [-1.15, 17.80557, 10.8417],
			"rotation": {"angle": 26, "axis": "x", "origin": [4, 20.44248, 12.75]},
			"faces": {
				"north": {"uv": [8.75, 12.25, 9, 12.5], "texture": "#1"},
				"east": {"uv": [13, 4.25, 13, 4.5], "texture": "#1"},
				"south": {"uv": [12.25, 8.75, 12.5, 9], "texture": "#1"},
				"west": {"uv": [12.5, 3.75, 12.5, 4], "texture": "#1"},
				"up": {"uv": [12.75, 4.5, 12.5, 4.5], "texture": "#1"},
				"down": {"uv": [12.75, 4.25, 12.5, 4.25], "texture": "#1"}
			}
		},
		{
			"from": [0.15, 19.19657, 13.27265],
			"to": [-1.15, 16.89657, 11.97265],
			"rotation": {"angle": -19, "axis": "x", "origin": [4, 20.44248, 12.75]},
			"faces": {
				"north": {"uv": [13.75, 4.5, 14, 4], "texture": "#1"},
				"east": {"uv": [12.5, 4.25, 12.75, 4.25], "texture": "#1"},
				"south": {"uv": [12.75, 4, 13, 4], "texture": "#1"},
				"west": {"uv": [12.75, 4, 13, 4], "texture": "#1"},
				"up": {"uv": [9.25, 12.5, 9, 12.25], "texture": "#1"},
				"down": {"uv": [12.5, 9, 12.25, 9.25], "texture": "#1"}
			}
		},
		{
			"from": [0.15, 20.10202, 12.94105],
			"to": [-1.15, 18.80202, 10.64105],
			"rotation": {"angle": -31.5, "axis": "x", "origin": [4, 20.44248, 12.75]},
			"faces": {
				"north": {"uv": [9.25, 12.25, 9.5, 12.5], "texture": "#1"},
				"east": {"uv": [12.75, 4.25, 12.75, 4.5], "texture": "#1"},
				"south": {"uv": [12.25, 9.25, 12.5, 9.5], "texture": "#1"},
				"west": {"uv": [12.5, 4, 12.5, 4.25], "texture": "#1"},
				"up": {"uv": [13.75, 3.5, 14, 4], "texture": "#1"},
				"down": {"uv": [13, 4, 12.75, 4], "texture": "#1"}
			}
		},
		{
			"from": [0.15, 18.19657, 15.87265],
			"to": [-1.15, 16.89657, 12.57265],
			"rotation": {"angle": -19, "axis": "x", "origin": [4, 20.44248, 12.75]},
			"faces": {
				"north": {"uv": [9.5, 12.25, 9.75, 12.5], "texture": "#1"},
				"east": {"uv": [12.25, 9.5, 12.5, 9.75], "texture": "#1"},
				"south": {"uv": [12.25, 9.75, 12.5, 10], "texture": "#1"},
				"west": {"uv": [12.25, 10, 12.5, 10.25], "texture": "#1"},
				"up": {"uv": [12.5, 8.75, 12.25, 8], "texture": "#1"},
				"down": {"uv": [12.5, 10.5, 12.25, 10.75], "texture": "#1"}
			}
		},
		{
			"from": [0.15, 17.58758, 15.41562],
			"to": [-1.15, 15.28758, 14.11562],
			"rotation": {"angle": -29, "axis": "x", "origin": [4, 20.44248, 12.75]},
			"faces": {
				"north": {"uv": [12.75, 4, 13, 4], "texture": "#1"},
				"east": {"uv": [12.75, 3.75, 13, 3.75], "texture": "#1"},
				"south": {"uv": [13.75, 4.25, 14, 3.75], "texture": "#1"},
				"west": {"uv": [13, 4.5, 13.25, 4.5], "texture": "#1"},
				"up": {"uv": [12.5, 11, 12.25, 10.75], "texture": "#1"},
				"down": {"uv": [12, 12.25, 11.75, 12.5], "texture": "#1"}
			}
		},
		{
			"from": [8.25, 4.75, 3],
			"to": [12.25, 8.75, 12],
			"rotation": {"angle": -42.5, "axis": "x", "origin": [8.25, 9.75, 3]},
			"faces": {
				"north": {"uv": [4, 11.5, 5, 12.5], "texture": "#1"},
				"east": {"uv": [7.75, 9, 10, 10], "texture": "#1"},
				"south": {"uv": [5, 11.5, 6, 12.5], "texture": "#1"},
				"west": {"uv": [10, 0, 12.25, 1], "texture": "#1"},
				"up": {"uv": [11, 3.25, 10, 1], "texture": "#1"},
				"down": {"uv": [11, 3.25, 10, 5.5], "texture": "#1"}
			}
		},
		{
			"from": [3.75, 4.75, 3],
			"to": [7.75, 8.75, 12],
			"rotation": {"angle": -42.5, "axis": "x", "origin": [7.75, 9.75, 3]},
			"faces": {
				"north": {"uv": [5, 11.5, 4, 12.5], "texture": "#1"},
				"east": {"uv": [12.25, 0, 10, 1], "texture": "#1"},
				"south": {"uv": [6, 11.5, 5, 12.5], "texture": "#1"},
				"west": {"uv": [10, 9, 7.75, 10], "texture": "#1"},
				"up": {"uv": [10, 3.25, 11, 1], "texture": "#1"},
				"down": {"uv": [10, 3.25, 11, 5.5], "texture": "#1"}
			}
		},
		{
			"from": [10.5, 3.85333, 6.27716],
			"to": [14.5, 15.85333, 15.27716],
			"rotation": {"angle": 15, "axis": "z", "origin": [12.5, 10.85333, 11.52716]},
			"faces": {
				"north": {"uv": [1, 9, 2, 12], "texture": "#1"},
				"east": {"uv": [0, 3, 2.25, 6], "texture": "#1"},
				"south": {"uv": [2, 9, 3, 12], "texture": "#1"},
				"west": {"uv": [2.25, 3, 4.5, 6], "texture": "#1"},
				"up": {"uv": [11, 10, 10, 7.75], "texture": "#1"},
				"down": {"uv": [9.75, 10, 8.75, 12.25], "texture": "#1"}
			}
		},
		{
			"from": [10.5, 3.85333, 15.27284],
			"to": [14.5, 15.85333, 6.27284],
			"rotation": {"angle": 15, "axis": "z", "origin": [12.5, 10.85333, 4.47284]},
			"faces": {
				"north": {"uv": [3, 9, 2, 12], "texture": "#1"},
				"east": {"uv": [2.25, 3, 0, 6], "texture": "#1"},
				"south": {"uv": [2, 9, 1, 12], "texture": "#1"},
				"west": {"uv": [4.5, 3, 2.25, 6], "texture": "#1"},
				"up": {"uv": [11, 7.75, 10, 10], "texture": "#1"},
				"down": {"uv": [9.75, 12.25, 8.75, 10], "texture": "#1"}
			}
		},
		{
			"from": [1.5, 3.85333, 6.27716],
			"to": [5.5, 15.85333, 15.27716],
			"rotation": {"angle": -15, "axis": "z", "origin": [3.5, 10.85333, 11.52716]},
			"faces": {
				"north": {"uv": [2, 9, 1, 12], "texture": "#1"},
				"east": {"uv": [4.5, 3, 2.25, 6], "texture": "#1"},
				"south": {"uv": [3, 9, 2, 12], "texture": "#1"},
				"west": {"uv": [2.25, 3, 0, 6], "texture": "#1"},
				"up": {"uv": [10, 10, 11, 7.75], "texture": "#1"},
				"down": {"uv": [8.75, 10, 9.75, 12.25], "texture": "#1"}
			}
		},
		{
			"from": [1.5, 3.85333, 15.27284],
			"to": [5.5, 15.85333, 6.27284],
			"rotation": {"angle": -15, "axis": "z", "origin": [3.5, 10.85333, 4.47284]},
			"faces": {
				"north": {"uv": [2, 9, 3, 12], "texture": "#1"},
				"east": {"uv": [2.25, 3, 4.5, 6], "texture": "#1"},
				"south": {"uv": [1, 9, 2, 12], "texture": "#1"},
				"west": {"uv": [0, 3, 2.25, 6], "texture": "#1"},
				"up": {"uv": [10, 7.75, 11, 10], "texture": "#1"},
				"down": {"uv": [8.75, 12.25, 9.75, 10], "texture": "#1"}
			}
		}
	],
	"display": {
		"thirdperson_righthand": {
			"translation": [0, 0, 0.5],
			"scale": [0.5, 0.5, 0.5]
		},
		"thirdperson_lefthand": {
			"translation": [0, 0, 0.5],
			"scale": [0.5, 0.5, 0.5]
		},
		"firstperson_righthand": {
			"rotation": [0, 82, 0],
			"translation": [0, 5.25, 0],
			"scale": [0.75, 0.75, 0.75]
		},
		"firstperson_lefthand": {
			"rotation": [0, 82, 0],
			"translation": [0, 5.25, 0],
			"scale": [0.75, 0.75, 0.75]
		},
		"ground": {
			"translation": [0, 4.25, 0],
			"scale": [0.8, 0.8, 0.8]
		},
		"gui": {
			"rotation": [13, 145, 0],
			"translation": [-1.5, -1.25, 0],
			"scale": [0.7, 0.7, 0.7]
		},
		"head": {
			"translation": [0, 5.75, 0],
			"scale": [1.6, 1.6, 1.6]
		},
		"fixed": {
			"translation": [0, -1.5, 0],
			"scale": [0.8, 0.8, 0.8]
		},
		"on_shelf": {
			"rotation": [0, -180, 0],
			"translation": [0, 0, 4.5]
		}
	},
	"groups": [
		0,
		{
			"name": "halo",
			"origin": [8, 22.5, 8],
			"color": 0,
			"children": [1, 2, 3, 4, 5, 6, 7, 8, 9]
		},
		{
			"name": "halo_outline",
			"origin": [8, 22.5, 8],
			"color": 0,
			"children": [10, 11, 12, 13, 14, 15, 16, 17, 18]
		},
		19,
		20,
		21,
		22,
		23,
		24
	]
}