{
	"format_version": "1.21.6",
	"credit": "Made with Blockbench",
	"texture_size": [64, 64],
	"textures": {
		"1": "hazbin:item/abel_mask",
		"particle": "hazbin:item/abel_mask"
	},
	"elements": [
		{
			"from": [12, 10, 3],
			"to": [13, 11, 12],
			"rotation": {"angle": 0, "axis": "x", "origin": [8, 12.44248, 7.75]},
			"faces": {
				"north": {"uv": [12.25, 0, 12.5, 0.25], "texture": "#1"},
				"east": {"uv": [1, 12, 3.25, 12.25], "texture": "#1"},
				"south": {"uv": [12.25, 0.25, 12.5, 0.5], "texture": "#1"},
				"west": {"uv": [12, 1, 14.25, 1.25], "texture": "#1"},
				"up": {"uv": [6.5, 12.75, 6.25, 10.5], "texture": "#1"},
				"down": {"uv": [6.75, 10.5, 6.5, 12.75], "texture": "#1"}
			}
		},
		{
			"from": [4, 10, 12],
			"to": [13, 11, 13],
			"rotation": {"angle": 0, "axis": "x", "origin": [8, 12.44248, 7.75]},
			"faces": {
				"north": {"uv": [12, 1.25, 14.25, 1.5], "texture": "#1"},
				"east": {"uv": [12.25, 0.5, 12.5, 0.75], "texture": "#1"},
				"south": {"uv": [12, 1.5, 14.25, 1.75], "texture": "#1"},
				"west": {"uv": [12.25, 0.75, 12.5, 1], "texture": "#1"},
				"up": {"uv": [14.25, 2, 12, 1.75], "texture": "#1"},
				"down": {"uv": [14.25, 2, 12, 2.25], "texture": "#1"}
			}
		},
		{
			"from": [2.99, 9.99, 2.99],
			"to": [12.01, 11.01, 4.01],
			"rotation": {"angle": 0, "axis": "x", "origin": [8, 12.44248, 7.75]},
			"faces": {
				"north": {"uv": [12, 2.25, 14.25, 2.5], "texture": "#1"},
				"east": {"uv": [1, 12.25, 1.25, 12.5], "texture": "#1"},
				"south": {"uv": [12, 2.5, 14.25, 2.75], "texture": "#1"},
				"west": {"uv": [1.25, 12.25, 1.5, 12.5], "texture": "#1"},
				"up": {"uv": [14.25, 3, 12, 2.75], "texture": "#1"},
				"down": {"uv": [14.25, 3, 12, 3.25], "texture": "#1"}
			}
		},
		{
			"from": [3, 10.7188, 3.58179],
			"to": [4, 11.7188, 5.58179],
			"rotation": {"angle": -11, "axis": "x", "origin": [8, 12.44248, 7.75]},
			"faces": {
				"north": {"uv": [1.5, 12.25, 1.75, 12.5], "texture": "#1"},
				"east": {"uv": [4, 9.75, 4.5, 10], "texture": "#1"},
				"south": {"uv": [1.75, 12.25, 2, 12.5], "texture": "#1"},
				"west": {"uv": [4, 10, 4.5, 10.25], "texture": "#1"},
				"up": {"uv": [3.75, 12.5, 3.5, 12], "texture": "#1"},
				"down": {"uv": [4, 12, 3.75, 12.5], "texture": "#1"}
			}
		},
		{
			"from": [2.99, 9.94557, 5.9817],
			"to": [4.01, 10.96557, 8.0017],
			"rotation": {"angle": 11, "axis": "x", "origin": [8, 12.44248, 7.75]},
			"faces": {
				"north": {"uv": [2, 12.25, 2.25, 12.5], "texture": "#1"},
				"east": {"uv": [4, 10.25, 4.5, 10.5], "texture": "#1"},
				"south": {"uv": [2.25, 12.25, 2.5, 12.5], "texture": "#1"},
				"west": {"uv": [12, 6.25, 12.5, 6.5], "texture": "#1"},
				"up": {"uv": [12.25, 7, 12, 6.5], "texture": "#1"},
				"down": {"uv": [7, 12, 6.75, 12.5], "texture": "#1"}
			}
		},
		{
			"from": [2.99, 9.03657, 7.11265],
			"to": [4.01, 11.05657, 8.13265],
			"rotation": {"angle": -34, "axis": "x", "origin": [8, 12.44248, 7.75]},
			"faces": {
				"north": {"uv": [7, 12, 7.25, 12.5], "texture": "#1"},
				"east": {"uv": [12, 7, 12.25, 7.5], "texture": "#1"},
				"south": {"uv": [7.25, 12, 7.5, 12.5], "texture": "#1"},
				"west": {"uv": [7.5, 12, 7.75, 12.5], "texture": "#1"},
				"up": {"uv": [2.75, 12.5, 2.5, 12.25], "texture": "#1"},
				"down": {"uv": [3, 12.25, 2.75, 12.5], "texture": "#1"}
			}
		},
		{
			"from": [3, 10.48353, 8.24047],
			"to": [4, 12.48353, 9.24047],
			"rotation": {"angle": 43.5, "axis": "x", "origin": [8, 12.44248, 7.75]},
			"faces": {
				"north": {"uv": [12.25, 8.5, 12, 8], "rotation": 180, "texture": "#1"},
				"east": {"uv": [12, 7.5, 12.5, 7.75], "rotation": 90, "texture": "#1"},
				"south": {"uv": [12.25, 8.5, 12, 9], "texture": "#1"},
				"west": {"uv": [12, 7.75, 12.5, 8], "rotation": 270, "texture": "#1"},
				"up": {"uv": [12.25, 6.5, 12.5, 6.75], "texture": "#1"},
				"down": {"uv": [3, 12.25, 3.25, 12.5], "rotation": 180, "texture": "#1"}
			}
		},
		{
			"from": [3, 9.04657, 7.72265],
			"to": [4, 10.04657, 10.72265],
			"rotation": {"angle": -34, "axis": "x", "origin": [8, 12.44248, 7.75]},
			"faces": {
				"north": {"uv": [12.25, 6.75, 12.5, 7], "texture": "#1"},
				"east": {"uv": [12, 5.75, 12.75, 6], "texture": "#1"},
				"south": {"uv": [12.25, 7, 12.5, 7.25], "texture": "#1"},
				"west": {"uv": [12, 6, 12.75, 6.25], "texture": "#1"},
				"up": {"uv": [4.25, 9.75, 4, 9], "texture": "#1"},
				"down": {"uv": [4.5, 9, 4.25, 9.75], "texture": "#1"}
			}
		},
		{
			"from": [2.99, 7.42758, 9.25562],
			"to": [4.01, 9.44758, 10.27562],
			"rotation": {"angle": -44, "axis": "x", "origin": [8, 12.44248, 7.75]},
			"faces": {
				"north": {"uv": [12, 9, 12.25, 9.5], "texture": "#1"},
				"east": {"uv": [12, 9.5, 12.25, 10], "texture": "#1"},
				"south": {"uv": [12, 10, 12.25, 10.5], "texture": "#1"},
				"west": {"uv": [12, 10.5, 12.25, 11], "texture": "#1"},
				"up": {"uv": [12.5, 7.5, 12.25, 7.25], "texture": "#1"},
				"down": {"uv": [8, 12.25, 7.75, 12.5], "texture": "#1"}
			}
		},
		{
			"from": [13.15, 11.15, 12.15],
			"to": [11.85, 9.85, 2.85],
			"rotation": {"angle": 0, "axis": "x", "origin": [8, 12.44248, 7.75]},
			"faces": {
				"north": {"uv": [8, 12.25, 8.25, 12.5], "texture": "#1"},
				"east": {"uv": [12, 4.25, 13.75, 4.5], "texture": "#1"},
				"south": {"uv": [12.25, 8, 12.5, 8.25], "texture": "#1"},
				"west": {"uv": [12, 4.5, 13.75, 4.75], "texture": "#1"},
				"up": {"uv": [6.25, 13.25, 6, 11.5], "texture": "#1"},
				"down": {"uv": [3.5, 12, 3.25, 13.75], "texture": "#1"}
			}
		},
		{
			"from": [13.15, 11.15, 13.15],
			"to": [2.85, 9.85, 11.85],
			"rotation": {"angle": 0, "axis": "x", "origin": [8, 12.44248, 7.75]},
			"faces": {
				"north": {"uv": [12, 3.25, 14, 3.5], "texture": "#1"},
				"east": {"uv": [8.25, 12.25, 8.5, 12.5], "texture": "#1"},
				"south": {"uv": [12, 3.5, 14, 3.75], "texture": "#1"},
				"west": {"uv": [12.25, 8.25, 12.5, 8.5], "texture": "#1"},
				"up": {"uv": [14, 4, 12, 3.75], "texture": "#1"},
				"down": {"uv": [14, 4, 12, 4.25], "texture": "#1"}
			}
		},
		{
			"from": [12.15, 11.15, 4.15],
			"to": [2.85, 9.85, 2.85],
			"rotation": {"angle": 0, "axis": "x", "origin": [8, 12.44248, 7.75]},
			"faces": {
				"north": {"uv": [12, 4.75, 13.75, 5], "texture": "#1"},
				"east": {"uv": [8.5, 12.25, 8.75, 12.5], "texture": "#1"},
				"south": {"uv": [12, 5, 13.75, 5.25], "texture": "#1"},
				"west": {"uv": [12.25, 8.5, 12.5, 8.75], "texture": "#1"},
				"up": {"uv": [13.75, 5.5, 12, 5.25], "texture": "#1"},
				"down": {"uv": [13.75, 5.5, 12, 5.75], "texture": "#1"}
			}
		},
		{
			"from": [4.15, 11.8688, 5.73179],
			"to": [2.85, 10.5688, 3.43179],
			"rotation": {"angle": -11, "axis": "x", "origin": [8, 12.44248, 7.75]},
			"faces": {
				"north": {"uv": [11.75, 12, 12, 12.25], "texture": "#1"},
				"east": {"uv": [13.25, 4, 13.25, 4.25], "texture": "#1"},
				"south": {"uv": [12, 12, 12.25, 12.25], "texture": "#1"},
				"west": {"uv": [12.5, 4.5, 12.5, 4.75], "texture": "#1"},
				"up": {"uv": [13, 4.25, 12.75, 4.25], "texture": "#1"},
				"down": {"uv": [12.5, 3.75, 12.25, 3.75], "texture": "#1"}
			}
		},
		{
			"from": [4.15, 11.10557, 8.1417],
			"to": [2.85, 9.80557, 5.8417],
			"rotation": {"angle": 11, "axis": "x", "origin": [8, 12.44248, 7.75]},
			"faces": {
				"north": {"uv": [8.75, 12.25, 9, 12.5], "texture": "#1"},
				"east": {"uv": [13, 4.25, 13, 4.5], "texture": "#1"},
				"south": {"uv": [12.25, 8.75, 12.5, 9], "texture": "#1"},
				"west": {"uv": [12.5, 3.75, 12.5, 4], "texture": "#1"},
				"up": {"uv": [12.75, 4.5, 12.5, 4.5], "texture": "#1"},
				"down": {"uv": [12.75, 4.25, 12.5, 4.25], "texture": "#1"}
			}
		},
		{
			"from": [4.15, 11.19657, 8.27265],
			"to": [2.85, 8.89657, 6.97265],
			"rotation": {"angle": -34, "axis": "x", "origin": [8, 12.44248, 7.75]},
			"faces": {
				"north": {"uv": [13.75, 4.5, 14, 4], "texture": "#1"},
				"east": {"uv": [12.5, 4.25, 12.75, 4.25], "texture": "#1"},
				"south": {"uv": [12.75, 4, 13, 4], "texture": "#1"},
				"west": {"uv": [12.75, 4, 13, 4], "texture": "#1"},
				"up": {"uv": [9.25, 12.5, 9, 12.25], "texture": "#1"},
				"down": {"uv": [12.5, 9, 12.25, 9.25], "texture": "#1"}
			}
		},
		{
			"from": [4.15, 12.63353, 9.39047],
			"to": [2.85, 10.33353, 8.09047],
			"rotation": {"angle": 43.5, "axis": "x", "origin": [8, 12.44248, 7.75]},
			"faces": {
				"north": {"uv": [13.75, 3.5, 14, 4], "rotation": 180, "texture": "#1"},
				"east": {"uv": [12.75, 4.25, 12.75, 4.5], "rotation": 90, "texture": "#1"},
				"south": {"uv": [13, 4, 12.75, 4], "texture": "#1"},
				"west": {"uv": [12.5, 4, 12.5, 4.25], "rotation": 270, "texture": "#1"},
				"up": {"uv": [12.25, 9.25, 12.5, 9.5], "texture": "#1"},
				"down": {"uv": [9.25, 12.25, 9.5, 12.5], "rotation": 180, "texture": "#1"}
			}
		},
		{
			"from": [4.15, 10.19657, 10.87265],
			"to": [2.85, 8.89657, 7.57265],
			"rotation": {"angle": -34, "axis": "x", "origin": [8, 12.44248, 7.75]},
			"faces": {
				"north": {"uv": [9.5, 12.25, 9.75, 12.5], "texture": "#1"},
				"east": {"uv": [12.25, 9.5, 12.5, 9.75], "texture": "#1"},
				"south": {"uv": [12.25, 9.75, 12.5, 10], "texture": "#1"},
				"west": {"uv": [12.25, 10, 12.5, 10.25], "texture": "#1"},
				"up": {"uv": [12.5, 8.75, 12.25, 8], "texture": "#1"},
				"down": {"uv": [12.5, 10.5, 12.25, 10.75], "texture": "#1"}
			}
		},
		{
			"from": [4.15, 9.58758, 10.41562],
			"to": [2.85, 7.28758, 9.11562],
			"rotation": {"angle": -44, "axis": "x", "origin": [8, 12.44248, 7.75]},
			"faces": {
				"north": {"uv": [12.75, 4, 13, 4], "texture": "#1"},
				"east": {"uv": [12.75, 3.75, 13, 3.75], "texture": "#1"},
				"south": {"uv": [13.75, 4.25, 14, 3.75], "texture": "#1"},
				"west": {"uv": [13, 4.5, 13.25, 4.5], "texture": "#1"},
				"up": {"uv": [12.5, 11, 12.25, 10.75], "texture": "#1"},
				"down": {"uv": [12, 12.25, 11.75, 12.5], "texture": "#1"}
			}
		}
	],
	"display": {
		"thirdperson_righthand": {
			"rotation": [-90, 180, 0],
			"translation": [0, -2, 3.75],
			"scale": [0.6, 0.6, 0.6]
		},
		"thirdperson_lefthand": {
			"rotation": [-90, 0, 0],
			"translation": [0, -2, 3.75],
			"scale": [0.6, 0.6, 0.6]
		},
		"firstperson_righthand": {
			"rotation": [0, 33, -2],
			"translation": [0.75, 1.25, 0],
			"scale": [0.6, 0.6, 0.6]
		},
		"firstperson_lefthand": {
			"rotation": [0, 33, -2],
			"translation": [0.75, 1.25, 0],
			"scale": [0.6, 0.6, 0.6]
		},
		"ground": {
			"translation": [0, -1.5, 0],
			"scale": [0.8, 0.8, 0.8]
		},
		"gui": {
			"rotation": [17, 134, 0],
			"translation": [0, -2, 0],
			"scale": [1.06, 1.06, 1.06]
		},
		"head": {
			"rotation": [4, 15, 8],
			"translation": [-4, 8, 3.5],
			"scale": [1.6, 1.6, 1.6]
		},
		"fixed": {
			"rotation": [-72, 0, 0],
			"translation": [0, 0, -5.75]
		},
		"on_shelf": {
			"rotation": [0, 180, 0],
			"translation": [0, 0, 4.5]
		}
	},
	"groups": [
		{
			"name": "group",
			"origin": [8, 22.5, 8],
			"color": 0,
			"children": [
				{
					"name": "halo",
					"origin": [8, 22.5, 8],
					"color": 0,
					"children": [0, 1, 2, 3, 4, 5, 6, 7, 8]
				},
				{
					"name": "halo_outline",
					"origin": [8, 22.5, 8],
					"color": 0,
					"children": [9, 10, 11, 12, 13, 14, 15, 16, 17]
				}
			]
		}
	]
}