{
	"format_version": "1.21.6",
	"credit": "Made with Blockbench",
	"texture_size": [32, 32],
	"textures": {
		"1": "hazbin:item/adam_halo"
	},
	"elements": [
		{
			"from": [7.5, 1, 3],
			"to": [8.5, 3, 4],
			"rotation": {"angle": 0, "axis": "y", "origin": [8.5, 1, 8]},
			"faces": {
				"north": {"uv": [2.5, 6, 3, 7], "texture": "#1"},
				"east": {"uv": [3, 6, 3.5, 7], "texture": "#1"},
				"south": {"uv": [3.5, 6, 4, 7], "texture": "#1"},
				"west": {"uv": [4, 6, 4.5, 7], "texture": "#1"},
				"up": {"uv": [3.5, 7.5, 3, 7], "texture": "#1"},
				"down": {"uv": [4, 7, 3.5, 7.5], "texture": "#1"}
			}
		},
		{
			"from": [3, 4, 4],
			"to": [4, 5, 13],
			"rotation": {"angle": 0, "axis": "y", "origin": [8, 4, 8]},
			"faces": {
				"north": {"uv": [4, 7, 4.5, 7.5], "texture": "#1"},
				"east": {"uv": [0, 0, 4.5, 0.5], "texture": "#1"},
				"south": {"uv": [4.5, 7, 5, 7.5], "texture": "#1"},
				"west": {"uv": [0, 0.5, 4.5, 1], "texture": "#1"},
				"up": {"uv": [0.5, 5.5, 0, 1], "texture": "#1"},
				"down": {"uv": [1, 1, 0.5, 5.5], "texture": "#1"}
			}
		},
		{
			"from": [3, 4, 3],
			"to": [12, 5, 4],
			"rotation": {"angle": 0, "axis": "y", "origin": [8, 4, 8]},
			"faces": {
				"north": {"uv": [1, 1, 5.5, 1.5], "texture": "#1"},
				"east": {"uv": [7, 4.5, 7.5, 5], "texture": "#1"},
				"south": {"uv": [1, 1.5, 5.5, 2], "texture": "#1"},
				"west": {"uv": [5, 7, 5.5, 7.5], "texture": "#1"},
				"up": {"uv": [5.5, 2.5, 1, 2], "texture": "#1"},
				"down": {"uv": [5.5, 2.5, 1, 3], "texture": "#1"}
			}
		},
		{
			"from": [12, 4, 3],
			"to": [13, 5, 12],
			"rotation": {"angle": 0, "axis": "y", "origin": [8, 4, 8]},
			"faces": {
				"north": {"uv": [7, 6.5, 7.5, 7], "texture": "#1"},
				"east": {"uv": [1, 3, 5.5, 3.5], "texture": "#1"},
				"south": {"uv": [7, 7, 7.5, 7.5], "texture": "#1"},
				"west": {"uv": [1, 3.5, 5.5, 4], "texture": "#1"},
				"up": {"uv": [1.5, 8.5, 1, 4], "texture": "#1"},
				"down": {"uv": [2, 4, 1.5, 8.5], "texture": "#1"}
			}
		},
		{
			"from": [4, 4, 12],
			"to": [13, 5, 13],
			"rotation": {"angle": 0, "axis": "y", "origin": [8, 4, 8]},
			"faces": {
				"north": {"uv": [2, 4, 6.5, 4.5], "texture": "#1"},
				"east": {"uv": [2.5, 7.5, 3, 8], "texture": "#1"},
				"south": {"uv": [4.5, 0, 9, 0.5], "texture": "#1"},
				"west": {"uv": [3, 7.5, 3.5, 8], "texture": "#1"},
				"up": {"uv": [9, 1, 4.5, 0.5], "texture": "#1"},
				"down": {"uv": [6.5, 4.5, 2, 5], "texture": "#1"}
			}
		},
		{
			"from": [7.5, 6, 3],
			"to": [8.5, 8, 4],
			"rotation": {"angle": 0, "axis": "y", "origin": [8.5, 6, 8]},
			"faces": {
				"north": {"uv": [4.5, 6, 5, 7], "texture": "#1"},
				"east": {"uv": [5, 6, 5.5, 7], "texture": "#1"},
				"south": {"uv": [6, 6.5, 6.5, 7.5], "texture": "#1"},
				"west": {"uv": [6.5, 6.5, 7, 7.5], "texture": "#1"},
				"up": {"uv": [4, 8, 3.5, 7.5], "texture": "#1"},
				"down": {"uv": [4.5, 7.5, 4, 8], "texture": "#1"}
			}
		},
		{
			"from": [12.25, 5.25, 4.25],
			"to": [2.75, 3.75, 2.75],
			"rotation": {"angle": 0, "axis": "y", "origin": [8, 4, 8]},
			"faces": {
				"north": {"uv": [2, 5, 5.5, 5.5], "texture": "#1"},
				"east": {"uv": [4.5, 7.5, 5, 8], "texture": "#1"},
				"south": {"uv": [5.5, 1, 9, 1.5], "texture": "#1"},
				"west": {"uv": [7.5, 4.5, 8, 5], "texture": "#1"},
				"up": {"uv": [9, 2, 5.5, 1.5], "texture": "#1"},
				"down": {"uv": [5.5, 5.5, 2, 6], "texture": "#1"}
			}
		},
		{
			"from": [13.25, 5.25, 12.25],
			"to": [11.75, 3.75, 2.75],
			"rotation": {"angle": 0, "axis": "y", "origin": [8, 4, 8]},
			"faces": {
				"north": {"uv": [5, 7.5, 5.5, 8], "texture": "#1"},
				"east": {"uv": [5.5, 2, 9, 2.5], "texture": "#1"},
				"south": {"uv": [6, 7.5, 6.5, 8], "texture": "#1"},
				"west": {"uv": [5.5, 2.5, 9, 3], "texture": "#1"},
				"up": {"uv": [0.5, 9, 0, 5.5], "texture": "#1"},
				"down": {"uv": [1, 5.5, 0.5, 9], "texture": "#1"}
			}
		},
		{
			"from": [4.25, 5.25, 13.25],
			"to": [2.75, 3.75, 3.75],
			"rotation": {"angle": 0, "axis": "y", "origin": [8, 4, 8]},
			"faces": {
				"north": {"uv": [6.5, 7.5, 7, 8], "texture": "#1"},
				"east": {"uv": [5.5, 3, 9, 3.5], "texture": "#1"},
				"south": {"uv": [7.5, 6.5, 8, 7], "texture": "#1"},
				"west": {"uv": [5.5, 3.5, 9, 4], "texture": "#1"},
				"up": {"uv": [6, 8.5, 5.5, 5], "texture": "#1"},
				"down": {"uv": [2.5, 6, 2, 9.5], "texture": "#1"}
			}
		},
		{
			"from": [13.25, 5.25, 13.25],
			"to": [3.75, 3.75, 11.75],
			"rotation": {"angle": 0, "axis": "y", "origin": [8, 4, 8]},
			"faces": {
				"north": {"uv": [6, 5, 9.5, 5.5], "texture": "#1"},
				"east": {"uv": [7, 7.5, 7.5, 8], "texture": "#1"},
				"south": {"uv": [6, 5.5, 9.5, 6], "texture": "#1"},
				"west": {"uv": [7.5, 7, 8, 7.5], "texture": "#1"},
				"up": {"uv": [9.5, 6.5, 6, 6], "texture": "#1"},
				"down": {"uv": [10, 4, 6.5, 4.5], "texture": "#1"}
			}
		},
		{
			"from": [8.75, 8.25, 4.25],
			"to": [7.25, 5.75, 2.75],
			"rotation": {"angle": 0, "axis": "y", "origin": [8.5, 7, 8]},
			"faces": {
				"north": {"uv": [7.5, 3, 8, 3], "texture": "#1"},
				"east": {"uv": [7.5, 3, 8, 3], "texture": "#1"},
				"south": {"uv": [8, 2.5, 8.5, 2.5], "texture": "#1"},
				"west": {"uv": [7.5, 2, 8, 2], "texture": "#1"},
				"up": {"uv": [8, 8, 7.5, 7.5], "texture": "#1"},
				"down": {"uv": [3, 8, 2.5, 8.5], "texture": "#1"}
			}
		},
		{
			"from": [8.75, 3.25, 4.25],
			"to": [7.25, 0.75, 2.75],
			"rotation": {"angle": 0, "axis": "y", "origin": [8.5, 2, 8]},
			"faces": {
				"north": {"uv": [7, 2.5, 7.5, 2.5], "texture": "#1"},
				"east": {"uv": [7.5, 3, 8, 3], "texture": "#1"},
				"south": {"uv": [7.5, 3, 8, 3], "texture": "#1"},
				"west": {"uv": [0, 0, 0.5, 0], "texture": "#1"},
				"up": {"uv": [7, 5, 6.5, 4.5], "texture": "#1"},
				"down": {"uv": [3, 7, 2.5, 7.5], "texture": "#1"}
			}
		}
	],
	"display": {
		"thirdperson_righthand": {
			"rotation": [90, -90, 0],
			"translation": [0, -2, 5.5],
			"scale": [0.61, 0.61, 0.61]
		},
		"thirdperson_lefthand": {
			"rotation": [90, -90, 0],
			"translation": [0, -2, 5.5],
			"scale": [0.61, 0.61, 0.61]
		},
		"firstperson_righthand": {
			"rotation": [0, 33, -2],
			"translation": [0.75, 4.25, 0],
			"scale": [0.6, 0.6, 0.6]
		},
		"firstperson_lefthand": {
			"rotation": [0, 33, -2],
			"translation": [0.75, 4.25, 0],
			"scale": [0.6, 0.6, 0.6]
		},
		"ground": {
			"translation": [0, 4, 0]
		},
		"gui": {
			"rotation": [17, 134, 0],
			"translation": [0, 4.25, 0],
			"scale": [1.06, 1.06, 1.06]
		},
		"head": {
			"translation": [0, 18.75, 0],
			"scale": [1.55, 1.55, 1.55]
		},
		"fixed": {
			"rotation": [-72, 0, 0],
			"translation": [0, 0, -5.75]
		},
		"on_shelf": {
			"rotation": [0, 180, 0],
			"translation": [0, 0, 1.75]
		}
	},
	"groups": [
		{
			"name": "halo",
			"origin": [8.5, 1, 8],
			"color": 0,
			"children": [0, 1, 2, 3, 4, 5]
		},
		{
			"name": "glow",
			"origin": [8.5, 1, 8],
			"color": 0,
			"children": [6, 7, 8, 9, 10, 11]
		}
	]
}