{
	"format_version": "1.21.6",
	"credit": "Made with Blockbench",
	"textures": {
		"0": "hazbin:item/admin_tp_orb",
		"particle": "hazbin:item/admin_tp_orb"
	},
	"elements": [
		{
			"from": [6, 10, 6],
			"to": [10, 6, 10],
			"rotation": {"angle": 0, "axis": "y", "origin": [7, 10, 7]},
			"faces": {
				"north": {"uv": [0, 0, 4, 4], "texture": "#0"},
				"east": {"uv": [0, 4, 4, 8], "texture": "#0"},
				"south": {"uv": [4, 0, 8, 4], "texture": "#0"},
				"west": {"uv": [4, 4, 8, 8], "texture": "#0"},
				"up": {"uv": [4, 12, 0, 8], "texture": "#0"},
				"down": {"uv": [12, 0, 8, 4], "texture": "#0"}
			}
		},
		{
			"from": [7, 7, 7],
			"to": [9, 9, 9],
			"rotation": {"angle": 0, "axis": "y", "origin": [8, 7, 7]},
			"faces": {
				"north": {"uv": [4, 8, 6, 10], "texture": "#0"},
				"east": {"uv": [8, 4, 10, 6], "texture": "#0"},
				"south": {"uv": [6, 8, 8, 10], "texture": "#0"},
				"west": {"uv": [8, 6, 10, 8], "texture": "#0"},
				"up": {"uv": [10, 10, 8, 8], "texture": "#0"},
				"down": {"uv": [6, 10, 4, 12], "texture": "#0"}
			}
		}
	],
	"display": {
		"thirdperson_righthand": {
			"rotation": [45, 0, 45],
			"translation": [0, 4, 2.25]
		},
		"thirdperson_lefthand": {
			"rotation": [45, 0, 45],
			"translation": [0, 4, 2.25]
		},
		"firstperson_righthand": {
			"rotation": [45, 0, 45],
			"translation": [0, 4, 2.25]
		},
		"firstperson_lefthand": {
			"rotation": [45, 0, 45],
			"translation": [0, 4, 2.25]
		},
		"ground": {
			"rotation": [45, 0, 45]
		},
		"gui": {
			"rotation": [30, -135, 0],
			"scale": [2, 2, 2]
		},
		"head": {
			"rotation": [45, 0, 45],
			"translation": [0, 12.25, 0],
			"scale": [1.6, 1.6, 1.6]
		},
		"fixed": {
			"rotation": [0, 0, 45],
			"translation": [0, 0, -4.5],
			"scale": [1.8, 1.8, 1.8]
		},
		"on_shelf": {
			"rotation": [45, 0, 45],
			"translation": [0, 0, 3],
			"scale": [2, 2, 2]
		}
	}
}