{
	"credit": "Made with Blockbench",
	"texture_size": [64, 64],
	"textures": {
		"1": "hazbin:item/alastor_hair"
	},
	"elements": [
		{
			"from": [4, -3, 3.85],
			"to": [12, 3, 3.85],
			"faces": {
				"north": {"uv": [14, 0, 16, 1.5], "texture": "#1"},
				"east": {"uv": [0, 0, 0, 1], "texture": "#1"},
				"south": {"uv": [14, 1.5, 16, 3], "texture": "#1"},
				"west": {"uv": [0, 0, 0, 1], "texture": "#1"},
				"up": {"uv": [2, 0, 0, 0], "texture": "#1"},
				"down": {"uv": [2, 0, 0, 0], "texture": "#1"}
			}
		},
		{
			"from": [10, 1, 3.25],
			"to": [13, 3, 3.25],
			"faces": {
				"north": {"uv": [6.5, 0, 7.25, 0.5], "texture": "#1"},
				"east": {"uv": [0, 0, 0, 0.5], "texture": "#1"},
				"south": {"uv": [6.5, 0.5, 7.25, 1], "texture": "#1"},
				"west": {"uv": [0, 0, 0, 0.5], "texture": "#1"},
				"up": {"uv": [0.75, 0, 0, 0], "texture": "#1"},
				"down": {"uv": [0.75, 0, 0, 0], "texture": "#1"}
			}
		},
		{
			"from": [3.75, 6, 3],
			"to": [8.75, 9, 6],
			"faces": {
				"north": {"uv": [0, 4, 1.25, 4.75], "texture": "#1"},
				"east": {"uv": [5.25, 0, 6, 0.75], "texture": "#1"},
				"south": {"uv": [4, 0, 5.25, 0.75], "texture": "#1"},
				"west": {"uv": [5.25, 0.75, 6, 1.5], "texture": "#1"},
				"up": {"uv": [5.25, 1.5, 4, 0.75], "texture": "#1"},
				"down": {"uv": [2.5, 4, 1.25, 4.75], "texture": "#1"}
			}
		},
		{
			"from": [3.75, 7, 7],
			"to": [7.75, 11, 11],
			"faces": {
				"north": {"uv": [0, 2, 1, 3], "texture": "#1"},
				"east": {"uv": [2, 0, 3, 1], "texture": "#1"},
				"south": {"uv": [1, 2, 2, 3], "texture": "#1"},
				"west": {"uv": [2, 1, 3, 2], "texture": "#1"},
				"up": {"uv": [3, 3, 2, 2], "texture": "#1"},
				"down": {"uv": [1, 3, 0, 4], "texture": "#1"}
			}
		},
		{
			"from": [4, 11, 7.5],
			"to": [7, 15, 10.5],
			"faces": {
				"north": {"uv": [4, 1.5, 4.75, 2.5], "texture": "#1"},
				"east": {"uv": [2.5, 4, 3.25, 5], "texture": "#1"},
				"south": {"uv": [4, 2.5, 4.75, 3.5], "texture": "#1"},
				"west": {"uv": [3.25, 4, 4, 5], "texture": "#1"},
				"up": {"uv": [6, 2.25, 5.25, 1.5], "texture": "#1"},
				"down": {"uv": [6, 2.25, 5.25, 3], "texture": "#1"}
			}
		},
		{
			"from": [4.25, 15, 8],
			"to": [6.25, 19, 10],
			"faces": {
				"north": {"uv": [5.25, 4.5, 5.75, 5.5], "texture": "#1"},
				"east": {"uv": [4.75, 5.25, 5.25, 6.25], "texture": "#1"},
				"south": {"uv": [4, 5.5, 4.5, 6.5], "texture": "#1"},
				"west": {"uv": [5.25, 5.5, 5.75, 6.5], "texture": "#1"},
				"up": {"uv": [7.75, 1, 7.25, 0.5], "texture": "#1"},
				"down": {"uv": [1.5, 7.25, 1, 7.75], "texture": "#1"}
			}
		},
		{
			"from": [5.5, 19, 8.5],
			"to": [6.5, 21, 9.5],
			"faces": {
				"north": {"uv": [1.25, 6.75, 1.5, 7.25], "texture": "#1"},
				"east": {"uv": [2.5, 8.25, 2.75, 8.75], "texture": "#1"},
				"south": {"uv": [3.75, 8.25, 4, 8.75], "texture": "#1"},
				"west": {"uv": [8.25, 4, 8.5, 4.5], "texture": "#1"},
				"up": {"uv": [3, 9, 2.75, 8.75], "texture": "#1"},
				"down": {"uv": [9, 2.75, 8.75, 3], "texture": "#1"}
			}
		},
		{
			"from": [6.5, 11, 8.5],
			"to": [7.5, 17, 9.5],
			"faces": {
				"north": {"uv": [1.75, 6.5, 2, 8], "texture": "#1"},
				"east": {"uv": [2, 6.5, 2.25, 8], "texture": "#1"},
				"south": {"uv": [2.25, 6.5, 2.5, 8], "texture": "#1"},
				"west": {"uv": [6.5, 2.5, 6.75, 4], "texture": "#1"},
				"up": {"uv": [3.25, 9, 3, 8.75], "texture": "#1"},
				"down": {"uv": [9, 3, 8.75, 3.25], "texture": "#1"}
			}
		},
		{
			"from": [8.25, 7, 7],
			"to": [12.25, 11, 11],
			"rotation": {"angle": 0, "axis": "y", "origin": [16, 0, 0]},
			"faces": {
				"north": {"uv": [3, 0, 4, 1], "texture": "#1"},
				"east": {"uv": [1, 3, 2, 4], "texture": "#1"},
				"south": {"uv": [3, 1, 4, 2], "texture": "#1"},
				"west": {"uv": [2, 3, 3, 4], "texture": "#1"},
				"up": {"uv": [4, 3, 3, 2], "texture": "#1"},
				"down": {"uv": [4, 3, 3, 4], "texture": "#1"}
			}
		},
		{
			"from": [9, 11, 7.5],
			"to": [12, 15, 10.5],
			"rotation": {"angle": 0, "axis": "y", "origin": [16, 0, 0]},
			"faces": {
				"north": {"uv": [4, 3.5, 4.75, 4.5], "texture": "#1"},
				"east": {"uv": [4, 4.5, 4.75, 5.5], "texture": "#1"},
				"south": {"uv": [0, 4.75, 0.75, 5.75], "texture": "#1"},
				"west": {"uv": [0.75, 4.75, 1.5, 5.75], "texture": "#1"},
				"up": {"uv": [6, 3.75, 5.25, 3], "texture": "#1"},
				"down": {"uv": [6, 3.75, 5.25, 4.5], "texture": "#1"}
			}
		},
		{
			"from": [9.75, 15, 8],
			"to": [11.75, 19, 10],
			"rotation": {"angle": 0, "axis": "y", "origin": [16, 0, 0]},
			"faces": {
				"north": {"uv": [0, 5.75, 0.5, 6.75], "texture": "#1"},
				"east": {"uv": [0.5, 5.75, 1, 6.75], "texture": "#1"},
				"south": {"uv": [1, 5.75, 1.5, 6.75], "texture": "#1"},
				"west": {"uv": [5.75, 4.5, 6.25, 5.5], "texture": "#1"},
				"up": {"uv": [3.25, 7.75, 2.75, 7.25], "texture": "#1"},
				"down": {"uv": [7.75, 3, 7.25, 3.5], "texture": "#1"}
			}
		},
		{
			"from": [10, 19, 8.5],
			"to": [11, 21, 9.5],
			"rotation": {"angle": 0, "axis": "y", "origin": [16, 0, 0]},
			"faces": {
				"north": {"uv": [8.25, 4.5, 8.5, 5], "texture": "#1"},
				"east": {"uv": [4.75, 8.25, 5, 8.75], "texture": "#1"},
				"south": {"uv": [5, 8.25, 5.25, 8.75], "texture": "#1"},
				"west": {"uv": [5.25, 8.25, 5.5, 8.75], "texture": "#1"},
				"up": {"uv": [3.75, 9, 3.5, 8.75], "texture": "#1"},
				"down": {"uv": [9, 3.5, 8.75, 3.75], "texture": "#1"}
			}
		},
		{
			"from": [8.5, 11, 8.5],
			"to": [9.5, 17, 9.5],
			"rotation": {"angle": 0, "axis": "y", "origin": [16, 0, 0]},
			"faces": {
				"north": {"uv": [4, 6.5, 4.25, 8], "texture": "#1"},
				"east": {"uv": [4.25, 6.5, 4.5, 8], "texture": "#1"},
				"south": {"uv": [5.25, 6.5, 5.5, 8], "texture": "#1"},
				"west": {"uv": [5.5, 6.5, 5.75, 8], "texture": "#1"},
				"up": {"uv": [3.5, 9, 3.25, 8.75], "texture": "#1"},
				"down": {"uv": [9, 3.25, 8.75, 3.5], "texture": "#1"}
			}
		},
		{
			"from": [1.75, 6.75, 3.75],
			"to": [3.75, 8.75, 5.75],
			"faces": {
				"north": {"uv": [7, 1.75, 7.5, 2.25], "texture": "#1"},
				"east": {"uv": [5.75, 7, 6.25, 7.5], "texture": "#1"},
				"south": {"uv": [7, 6.5, 7.5, 7], "texture": "#1"},
				"west": {"uv": [7, 7, 7.5, 7.5], "texture": "#1"},
				"up": {"uv": [7.75, 0.5, 7.25, 0], "texture": "#1"},
				"down": {"uv": [1, 7.25, 0.5, 7.75], "texture": "#1"}
			}
		},
		{
			"from": [0.75, 7.5, 4.5],
			"to": [2.75, 8.5, 5.5],
			"faces": {
				"north": {"uv": [8, 6.75, 8.5, 7], "texture": "#1"},
				"east": {"uv": [8.75, 1.25, 9, 1.5], "texture": "#1"},
				"south": {"uv": [8, 7.5, 8.5, 7.75], "texture": "#1"},
				"west": {"uv": [8.75, 2.5, 9, 2.75], "texture": "#1"},
				"up": {"uv": [1.5, 8.5, 1, 8.25], "texture": "#1"},
				"down": {"uv": [3.75, 8.25, 3.25, 8.5], "texture": "#1"}
			}
		},
		{
			"from": [2, 1, 7],
			"to": [2, 6, 9],
			"rotation": {"angle": -22.5, "axis": "z", "origin": [0, 0, 0]},
			"faces": {
				"north": {"uv": [0, 0, 0, 1.25], "texture": "#1"},
				"east": {"uv": [1.5, 4.75, 2, 6], "texture": "#1"},
				"south": {"uv": [0, 0, 0, 1.25], "texture": "#1"},
				"west": {"uv": [4.75, 1.5, 5.25, 2.75], "texture": "#1"},
				"up": {"uv": [0, 0.5, 0, 0], "texture": "#1"},
				"down": {"uv": [0, 0, 0, 0.5], "texture": "#1"}
			}
		},
		{
			"from": [2, 1, 10],
			"to": [2, 6, 12],
			"rotation": {"angle": -22.5, "axis": "z", "origin": [0, 0, 0]},
			"faces": {
				"north": {"uv": [0, 0, 0, 1.25], "texture": "#1"},
				"east": {"uv": [2, 4.75, 2.5, 6], "texture": "#1"},
				"south": {"uv": [0, 0, 0, 1.25], "texture": "#1"},
				"west": {"uv": [4.75, 2.75, 5.25, 4], "texture": "#1"},
				"up": {"uv": [0, 0.5, 0, 0], "texture": "#1"},
				"down": {"uv": [0, 0, 0, 0.5], "texture": "#1"}
			}
		},
		{
			"from": [14, 1, 7],
			"to": [14, 6, 9],
			"rotation": {"angle": 22.5, "axis": "z", "origin": [16, 0, 0]},
			"faces": {
				"north": {"uv": [0, 0, 0, 1.25], "texture": "#1"},
				"east": {"uv": [3, 5, 3.5, 6.25], "texture": "#1"},
				"south": {"uv": [0, 0, 0, 1.25], "texture": "#1"},
				"west": {"uv": [3.5, 5, 4, 6.25], "texture": "#1"},
				"up": {"uv": [0, 0.5, 0, 0], "texture": "#1"},
				"down": {"uv": [0, 0, 0, 0.5], "texture": "#1"}
			}
		},
		{
			"from": [14, 1, 10],
			"to": [14, 6, 12],
			"rotation": {"angle": 22.5, "axis": "z", "origin": [16, 0, 0]},
			"faces": {
				"north": {"uv": [0, 0, 0, 1.25], "texture": "#1"},
				"east": {"uv": [4.75, 4, 5.25, 5.25], "texture": "#1"},
				"south": {"uv": [0, 0, 0, 1.25], "texture": "#1"},
				"west": {"uv": [2.5, 5, 3, 6.25], "texture": "#1"},
				"up": {"uv": [0, 0.5, 0, 0], "texture": "#1"},
				"down": {"uv": [0, 0, 0, 0.5], "texture": "#1"}
			}
		}
	],
	"display": {
		"thirdperson_righthand": {
			"translation": [0, 0, 1.25],
			"scale": [0.45, 0.45, 0.45]
		},
		"thirdperson_lefthand": {
			"translation": [0, 0, 1.25],
			"scale": [0.45, 0.45, 0.45]
		},
		"firstperson_righthand": {
			"translation": [0, 0.75, 0],
			"scale": [0.45, 0.45, 0.45]
		},
		"firstperson_lefthand": {
			"translation": [0, 0.75, 0],
			"scale": [0.45, 0.45, 0.45]
		},
		"ground": {
			"translation": [0, 7.75, 0]
		},
		"gui": {
			"rotation": [0, 152, 46],
			"translation": [0, -1.75, 1.5],
			"scale": [0.74, 0.74, 0.74]
		},
		"head": {
			"translation": [0, 5.75, 0],
			"scale": [1.58, 1.58, 1.58]
		},
		"fixed": {
			"translation": [0, 0, -0.25]
		}
	}
}