{
	"credit": "Made with Blockbench",
	"texture_size": [64, 64],
	"textures": {
		"1": "hazbin:item/alastor_hair_horns"
	},
	"elements": [
		{
			"from": [4, -3, 3.85],
			"to": [12, 3, 3.85],
			"faces": {
				"north": {"uv": [14, 0, 16, 1.5], "texture": "#1"},
				"east": {"uv": [0, 0, 0, 1], "texture": "#1"},
				"south": {"uv": [14, 1.5, 16, 3], "texture": "#1"},
				"west": {"uv": [0, 0, 0, 1], "texture": "#1"},
				"up": {"uv": [2, 0, 0, 0], "texture": "#1"},
				"down": {"uv": [2, 0, 0, 0], "texture": "#1"}
			}
		},
		{
			"from": [10, 1, 3.25],
			"to": [13, 3, 3.25],
			"faces": {
				"north": {"uv": [6.5, 0, 7.25, 0.5], "texture": "#1"},
				"east": {"uv": [0, 0, 0, 0.5], "texture": "#1"},
				"south": {"uv": [6.5, 0.5, 7.25, 1], "texture": "#1"},
				"west": {"uv": [0, 0, 0, 0.5], "texture": "#1"},
				"up": {"uv": [0.75, 0, 0, 0], "texture": "#1"},
				"down": {"uv": [0.75, 0, 0, 0], "texture": "#1"}
			}
		},
		{
			"from": [3.75, 6, 3],
			"to": [8.75, 9, 6],
			"faces": {
				"north": {"uv": [0, 4, 1.25, 4.75], "texture": "#1"},
				"east": {"uv": [5.25, 0, 6, 0.75], "texture": "#1"},
				"south": {"uv": [4, 0, 5.25, 0.75], "texture": "#1"},
				"west": {"uv": [5.25, 0.75, 6, 1.5], "texture": "#1"},
				"up": {"uv": [5.25, 1.5, 4, 0.75], "texture": "#1"},
				"down": {"uv": [2.5, 4, 1.25, 4.75], "texture": "#1"}
			}
		},
		{
			"from": [3.75, 7, 7],
			"to": [7.75, 11, 11],
			"faces": {
				"north": {"uv": [0, 2, 1, 3], "texture": "#1"},
				"east": {"uv": [2, 0, 3, 1], "texture": "#1"},
				"south": {"uv": [1, 2, 2, 3], "texture": "#1"},
				"west": {"uv": [2, 1, 3, 2], "texture": "#1"},
				"up": {"uv": [3, 3, 2, 2], "texture": "#1"},
				"down": {"uv": [1, 3, 0, 4], "texture": "#1"}
			}
		},
		{
			"from": [4, 11, 7.5],
			"to": [7, 15, 10.5],
			"faces": {
				"north": {"uv": [4, 1.5, 4.75, 2.5], "texture": "#1"},
				"east": {"uv": [2.5, 4, 3.25, 5], "texture": "#1"},
				"south": {"uv": [4, 2.5, 4.75, 3.5], "texture": "#1"},
				"west": {"uv": [3.25, 4, 4, 5], "texture": "#1"},
				"up": {"uv": [6, 2.25, 5.25, 1.5], "texture": "#1"},
				"down": {"uv": [6, 2.25, 5.25, 3], "texture": "#1"}
			}
		},
		{
			"from": [4.25, 15, 8],
			"to": [6.25, 19, 10],
			"faces": {
				"north": {"uv": [5.25, 4.5, 5.75, 5.5], "texture": "#1"},
				"east": {"uv": [4.75, 5.25, 5.25, 6.25], "texture": "#1"},
				"south": {"uv": [4, 5.5, 4.5, 6.5], "texture": "#1"},
				"west": {"uv": [5.25, 5.5, 5.75, 6.5], "texture": "#1"},
				"up": {"uv": [7.75, 1, 7.25, 0.5], "texture": "#1"},
				"down": {"uv": [1.5, 7.25, 1, 7.75], "texture": "#1"}
			}
		},
		{
			"from": [5.5, 19, 8.5],
			"to": [6.5, 21, 9.5],
			"faces": {
				"north": {"uv": [1.25, 6.75, 1.5, 7.25], "texture": "#1"},
				"east": {"uv": [2.5, 8.25, 2.75, 8.75], "texture": "#1"},
				"south": {"uv": [3.75, 8.25, 4, 8.75], "texture": "#1"},
				"west": {"uv": [8.25, 4, 8.5, 4.5], "texture": "#1"},
				"up": {"uv": [3, 9, 2.75, 8.75], "texture": "#1"},
				"down": {"uv": [9, 2.75, 8.75, 3], "texture": "#1"}
			}
		},
		{
			"from": [6.5, 11, 8.5],
			"to": [7.5, 17, 9.5],
			"faces": {
				"north": {"uv": [1.75, 6.5, 2, 8], "texture": "#1"},
				"east": {"uv": [2, 6.5, 2.25, 8], "texture": "#1"},
				"south": {"uv": [2.25, 6.5, 2.5, 8], "texture": "#1"},
				"west": {"uv": [6.5, 2.5, 6.75, 4], "texture": "#1"},
				"up": {"uv": [3.25, 9, 3, 8.75], "texture": "#1"},
				"down": {"uv": [9, 3, 8.75, 3.25], "texture": "#1"}
			}
		},
		{
			"from": [8.25, 7, 7],
			"to": [12.25, 11, 11],
			"rotation": {"angle": 0, "axis": "y", "origin": [16, 0, 0]},
			"faces": {
				"north": {"uv": [3, 0, 4, 1], "texture": "#1"},
				"east": {"uv": [1, 3, 2, 4], "texture": "#1"},
				"south": {"uv": [3, 1, 4, 2], "texture": "#1"},
				"west": {"uv": [2, 3, 3, 4], "texture": "#1"},
				"up": {"uv": [4, 3, 3, 2], "texture": "#1"},
				"down": {"uv": [4, 3, 3, 4], "texture": "#1"}
			}
		},
		{
			"from": [9, 11, 7.5],
			"to": [12, 15, 10.5],
			"rotation": {"angle": 0, "axis": "y", "origin": [16, 0, 0]},
			"faces": {
				"north": {"uv": [4, 3.5, 4.75, 4.5], "texture": "#1"},
				"east": {"uv": [4, 4.5, 4.75, 5.5], "texture": "#1"},
				"south": {"uv": [0, 4.75, 0.75, 5.75], "texture": "#1"},
				"west": {"uv": [0.75, 4.75, 1.5, 5.75], "texture": "#1"},
				"up": {"uv": [6, 3.75, 5.25, 3], "texture": "#1"},
				"down": {"uv": [6, 3.75, 5.25, 4.5], "texture": "#1"}
			}
		},
		{
			"from": [9.75, 15, 8],
			"to": [11.75, 19, 10],
			"rotation": {"angle": 0, "axis": "y", "origin": [16, 0, 0]},
			"faces": {
				"north": {"uv": [0, 5.75, 0.5, 6.75], "texture": "#1"},
				"east": {"uv": [0.5, 5.75, 1, 6.75], "texture": "#1"},
				"south": {"uv": [1, 5.75, 1.5, 6.75], "texture": "#1"},
				"west": {"uv": [5.75, 4.5, 6.25, 5.5], "texture": "#1"},
				"up": {"uv": [3.25, 7.75, 2.75, 7.25], "texture": "#1"},
				"down": {"uv": [7.75, 3, 7.25, 3.5], "texture": "#1"}
			}
		},
		{
			"from": [10, 19, 8.5],
			"to": [11, 21, 9.5],
			"rotation": {"angle": 0, "axis": "y", "origin": [16, 0, 0]},
			"faces": {
				"north": {"uv": [8.25, 4.5, 8.5, 5], "texture": "#1"},
				"east": {"uv": [4.75, 8.25, 5, 8.75], "texture": "#1"},
				"south": {"uv": [5, 8.25, 5.25, 8.75], "texture": "#1"},
				"west": {"uv": [5.25, 8.25, 5.5, 8.75], "texture": "#1"},
				"up": {"uv": [3.75, 9, 3.5, 8.75], "texture": "#1"},
				"down": {"uv": [9, 3.5, 8.75, 3.75], "texture": "#1"}
			}
		},
		{
			"from": [8.5, 11, 8.5],
			"to": [9.5, 17, 9.5],
			"rotation": {"angle": 0, "axis": "y", "origin": [16, 0, 0]},
			"faces": {
				"north": {"uv": [4, 6.5, 4.25, 8], "texture": "#1"},
				"east": {"uv": [4.25, 6.5, 4.5, 8], "texture": "#1"},
				"south": {"uv": [5.25, 6.5, 5.5, 8], "texture": "#1"},
				"west": {"uv": [5.5, 6.5, 5.75, 8], "texture": "#1"},
				"up": {"uv": [3.5, 9, 3.25, 8.75], "texture": "#1"},
				"down": {"uv": [9, 3.25, 8.75, 3.5], "texture": "#1"}
			}
		},
		{
			"from": [1.75, 6.75, 3.75],
			"to": [3.75, 8.75, 5.75],
			"faces": {
				"north": {"uv": [7, 1.75, 7.5, 2.25], "texture": "#1"},
				"east": {"uv": [5.75, 7, 6.25, 7.5], "texture": "#1"},
				"south": {"uv": [7, 6.5, 7.5, 7], "texture": "#1"},
				"west": {"uv": [7, 7, 7.5, 7.5], "texture": "#1"},
				"up": {"uv": [7.75, 0.5, 7.25, 0], "texture": "#1"},
				"down": {"uv": [1, 7.25, 0.5, 7.75], "texture": "#1"}
			}
		},
		{
			"from": [0.75, 7.5, 4.5],
			"to": [2.75, 8.5, 5.5],
			"faces": {
				"north": {"uv": [8, 6.75, 8.5, 7], "texture": "#1"},
				"east": {"uv": [8.75, 1.25, 9, 1.5], "texture": "#1"},
				"south": {"uv": [8, 7.5, 8.5, 7.75], "texture": "#1"},
				"west": {"uv": [8.75, 2.5, 9, 2.75], "texture": "#1"},
				"up": {"uv": [1.5, 8.5, 1, 8.25], "texture": "#1"},
				"down": {"uv": [3.75, 8.25, 3.25, 8.5], "texture": "#1"}
			}
		},
		{
			"from": [2, 1, 7],
			"to": [2, 6, 9],
			"rotation": {"angle": -22.5, "axis": "z", "origin": [0, 0, 0]},
			"faces": {
				"north": {"uv": [0, 0, 0, 1.25], "texture": "#1"},
				"east": {"uv": [1.5, 4.75, 2, 6], "texture": "#1"},
				"south": {"uv": [0, 0, 0, 1.25], "texture": "#1"},
				"west": {"uv": [4.75, 1.5, 5.25, 2.75], "texture": "#1"},
				"up": {"uv": [0, 0.5, 0, 0], "texture": "#1"},
				"down": {"uv": [0, 0, 0, 0.5], "texture": "#1"}
			}
		},
		{
			"from": [2, 1, 10],
			"to": [2, 6, 12],
			"rotation": {"angle": -22.5, "axis": "z", "origin": [0, 0, 0]},
			"faces": {
				"north": {"uv": [0, 0, 0, 1.25], "texture": "#1"},
				"east": {"uv": [2, 4.75, 2.5, 6], "texture": "#1"},
				"south": {"uv": [0, 0, 0, 1.25], "texture": "#1"},
				"west": {"uv": [4.75, 2.75, 5.25, 4], "texture": "#1"},
				"up": {"uv": [0, 0.5, 0, 0], "texture": "#1"},
				"down": {"uv": [0, 0, 0, 0.5], "texture": "#1"}
			}
		},
		{
			"from": [14, 1, 7],
			"to": [14, 6, 9],
			"rotation": {"angle": 22.5, "axis": "z", "origin": [16, 0, 0]},
			"faces": {
				"north": {"uv": [0, 0, 0, 1.25], "texture": "#1"},
				"east": {"uv": [3, 5, 3.5, 6.25], "texture": "#1"},
				"south": {"uv": [0, 0, 0, 1.25], "texture": "#1"},
				"west": {"uv": [3.5, 5, 4, 6.25], "texture": "#1"},
				"up": {"uv": [0, 0.5, 0, 0], "texture": "#1"},
				"down": {"uv": [0, 0, 0, 0.5], "texture": "#1"}
			}
		},
		{
			"from": [14, 1, 10],
			"to": [14, 6, 12],
			"rotation": {"angle": 22.5, "axis": "z", "origin": [16, 0, 0]},
			"faces": {
				"north": {"uv": [0, 0, 0, 1.25], "texture": "#1"},
				"east": {"uv": [4.75, 4, 5.25, 5.25], "texture": "#1"},
				"south": {"uv": [0, 0, 0, 1.25], "texture": "#1"},
				"west": {"uv": [2.5, 5, 3, 6.25], "texture": "#1"},
				"up": {"uv": [0, 0.5, 0, 0], "texture": "#1"},
				"down": {"uv": [0, 0, 0, 0.5], "texture": "#1"}
			}
		},
		{
			"from": [8, 1, 6],
			"to": [10, 5, 7],
			"rotation": {"angle": 45, "axis": "z", "origin": [0, 0, 0]},
			"faces": {
				"north": {"uv": [5.75, 5.5, 6.25, 6.5], "texture": "#1"},
				"east": {"uv": [6.25, 7, 6.5, 8], "texture": "#1"},
				"south": {"uv": [6, 0, 6.5, 1], "texture": "#1"},
				"west": {"uv": [3.25, 7.25, 3.5, 8.25], "texture": "#1"},
				"up": {"uv": [8.75, 3.75, 8.25, 3.5], "texture": "#1"},
				"down": {"uv": [8.75, 5, 8.25, 5.25], "texture": "#1"}
			}
		},
		{
			"from": [4, 7, 6],
			"to": [7, 9, 7],
			"rotation": {"angle": 22.5, "axis": "z", "origin": [0, 0, 0]},
			"faces": {
				"north": {"uv": [6.5, 4, 7.25, 4.5], "texture": "#1"},
				"east": {"uv": [6.75, 8.25, 7, 8.75], "texture": "#1"},
				"south": {"uv": [5.75, 6.5, 6.5, 7], "texture": "#1"},
				"west": {"uv": [8.25, 7.75, 8.5, 8.25], "texture": "#1"},
				"up": {"uv": [8.75, 5.75, 8, 5.5], "texture": "#1"},
				"down": {"uv": [8.75, 5.75, 8, 6], "texture": "#1"}
			}
		},
		{
			"from": [3, 7.5, 6],
			"to": [4, 8.5, 7],
			"rotation": {"angle": 22.5, "axis": "z", "origin": [0, 0, 0]},
			"faces": {
				"north": {"uv": [5.5, 8.75, 5.75, 9], "texture": "#1"},
				"east": {"uv": [8.75, 5.5, 9, 5.75], "texture": "#1"},
				"south": {"uv": [5.75, 8.75, 6, 9], "texture": "#1"},
				"west": {"uv": [8.75, 5.75, 9, 6], "texture": "#1"},
				"up": {"uv": [6.25, 9, 6, 8.75], "texture": "#1"},
				"down": {"uv": [9, 6, 8.75, 6.25], "texture": "#1"}
			}
		},
		{
			"from": [-2.5, 8.25, 6],
			"to": [-0.5, 10.25, 7],
			"rotation": {"angle": -22.5, "axis": "z", "origin": [0, 16, 0]},
			"faces": {
				"north": {"uv": [7.25, 5.25, 7.75, 5.75], "texture": "#1"},
				"east": {"uv": [8.25, 8.25, 8.5, 8.75], "texture": "#1"},
				"south": {"uv": [7.25, 5.75, 7.75, 6.25], "texture": "#1"},
				"west": {"uv": [0, 8.5, 0.25, 9], "texture": "#1"},
				"up": {"uv": [8.75, 6.5, 8.25, 6.25], "texture": "#1"},
				"down": {"uv": [1.5, 8.5, 1, 8.75], "texture": "#1"}
			}
		},
		{
			"from": [-0.5, 8.575, 6],
			"to": [3.5, 9.575, 7],
			"rotation": {"angle": -22.5, "axis": "z", "origin": [0, 16, 0]},
			"faces": {
				"north": {"uv": [7.5, 1.75, 8.5, 2], "texture": "#1"},
				"east": {"uv": [6.25, 8.75, 6.5, 9], "texture": "#1"},
				"south": {"uv": [7.5, 2, 8.5, 2.25], "texture": "#1"},
				"west": {"uv": [8.75, 6.25, 9, 6.5], "texture": "#1"},
				"up": {"uv": [8.5, 2.75, 7.5, 2.5], "texture": "#1"},
				"down": {"uv": [8.5, 2.75, 7.5, 3], "texture": "#1"}
			}
		},
		{
			"from": [-8.5, 9.65, 6],
			"to": [-4.5, 11.65, 7],
			"rotation": {"angle": 0, "axis": "z", "origin": [0, 15.4, 0]},
			"faces": {
				"north": {"uv": [6, 1, 7, 1.5], "texture": "#1"},
				"east": {"uv": [0.25, 8.5, 0.5, 9], "texture": "#1"},
				"south": {"uv": [1.5, 6, 2.5, 6.5], "texture": "#1"},
				"west": {"uv": [8.5, 1, 8.75, 1.5], "texture": "#1"},
				"up": {"uv": [8.25, 6.5, 7.25, 6.25], "texture": "#1"},
				"down": {"uv": [8.5, 1, 7.5, 1.25], "texture": "#1"}
			}
		},
		{
			"from": [-6.5, 5.65, 6],
			"to": [-2.5, 7.65, 7],
			"rotation": {"angle": -45, "axis": "z", "origin": [0, 15.4, 0]},
			"faces": {
				"north": {"uv": [6, 1.5, 7, 2], "texture": "#1"},
				"east": {"uv": [1.5, 8.5, 1.75, 9], "texture": "#1"},
				"south": {"uv": [6, 2, 7, 2.5], "texture": "#1"},
				"west": {"uv": [8.5, 2.5, 8.75, 3], "texture": "#1"},
				"up": {"uv": [8.5, 1.5, 7.5, 1.25], "texture": "#1"},
				"down": {"uv": [8.5, 1.5, 7.5, 1.75], "texture": "#1"}
			}
		},
		{
			"from": [-11, 17.9, 6],
			"to": [-10, 25.9, 7],
			"rotation": {"angle": 22.5, "axis": "z", "origin": [0, 15.4, 0]},
			"faces": {
				"north": {"uv": [4.5, 5.5, 4.75, 7.5], "texture": "#1"},
				"east": {"uv": [6, 2.5, 6.25, 4.5], "texture": "#1"},
				"south": {"uv": [2.5, 6.25, 2.75, 8.25], "texture": "#1"},
				"west": {"uv": [6.25, 2.5, 6.5, 4.5], "texture": "#1"},
				"up": {"uv": [9, 5.25, 8.75, 5], "texture": "#1"},
				"down": {"uv": [5.5, 8.75, 5.25, 9], "texture": "#1"}
			}
		},
		{
			"from": [-2.5, 7.7, 6],
			"to": [-0.5, 10.7, 7],
			"rotation": {"angle": -45, "axis": "z", "origin": [0, 15.2, 0]},
			"faces": {
				"north": {"uv": [6.5, 6.5, 7, 7.25], "texture": "#1"},
				"east": {"uv": [4.25, 8, 4.5, 8.75], "texture": "#1"},
				"south": {"uv": [0, 6.75, 0.5, 7.5], "texture": "#1"},
				"west": {"uv": [6.25, 8, 6.5, 8.75], "texture": "#1"},
				"up": {"uv": [9, 1.75, 8.5, 1.5], "texture": "#1"},
				"down": {"uv": [9, 1.75, 8.5, 2], "texture": "#1"}
			}
		},
		{
			"from": [-5.25, 13.95, 6],
			"to": [-4.25, 17.95, 7],
			"rotation": {"angle": 22.5, "axis": "z", "origin": [0, 15.2, 0]},
			"faces": {
				"north": {"uv": [3.5, 7.25, 3.75, 8.25], "texture": "#1"},
				"east": {"uv": [6.5, 7.25, 6.75, 8.25], "texture": "#1"},
				"south": {"uv": [6.75, 7.25, 7, 8.25], "texture": "#1"},
				"west": {"uv": [0, 7.5, 0.25, 8.5], "texture": "#1"},
				"up": {"uv": [9, 5, 8.75, 4.75], "texture": "#1"},
				"down": {"uv": [5.25, 8.75, 5, 9], "texture": "#1"}
			}
		},
		{
			"from": [8, 2, 6],
			"to": [12, 3, 7],
			"rotation": {"angle": 45, "axis": "z", "origin": [0, 0, 0]},
			"faces": {
				"north": {"uv": [6.75, 3.75, 7.75, 4], "texture": "#1"},
				"east": {"uv": [3.75, 8.75, 4, 9], "texture": "#1"},
				"south": {"uv": [7, 2.25, 8, 2.5], "texture": "#1"},
				"west": {"uv": [8.75, 3.75, 9, 4], "texture": "#1"},
				"up": {"uv": [8.25, 3.75, 7.25, 3.5], "texture": "#1"},
				"down": {"uv": [8.25, 4, 7.25, 4.25], "texture": "#1"}
			}
		},
		{
			"from": [-4.925, 4.8, 6],
			"to": [-0.925, 5.8, 7],
			"rotation": {"angle": -45, "axis": "z", "origin": [7.075, 2.8, 0]},
			"faces": {
				"north": {"uv": [7.25, 4.25, 8.25, 4.5], "texture": "#1"},
				"east": {"uv": [4.25, 8.75, 4.5, 9], "texture": "#1"},
				"south": {"uv": [7.25, 4.5, 8.25, 4.75], "texture": "#1"},
				"west": {"uv": [8.75, 4.25, 9, 4.5], "texture": "#1"},
				"up": {"uv": [8.25, 5, 7.25, 4.75], "texture": "#1"},
				"down": {"uv": [8.25, 5, 7.25, 5.25], "texture": "#1"}
			}
		},
		{
			"from": [0.075, 11.8, 6],
			"to": [1.075, 14.8, 7],
			"rotation": {"angle": 0, "axis": "z", "origin": [7.075, 2.8, 0]},
			"faces": {
				"north": {"uv": [1.75, 8, 2, 8.75], "texture": "#1"},
				"east": {"uv": [2, 8, 2.25, 8.75], "texture": "#1"},
				"south": {"uv": [2.25, 8, 2.5, 8.75], "texture": "#1"},
				"west": {"uv": [4, 8, 4.25, 8.75], "texture": "#1"},
				"up": {"uv": [9, 4.75, 8.75, 4.5], "texture": "#1"},
				"down": {"uv": [5, 8.75, 4.75, 9], "texture": "#1"}
			}
		},
		{
			"from": [6, 10, 6],
			"to": [7, 12, 7],
			"faces": {
				"north": {"uv": [5.5, 8.25, 5.75, 8.75], "texture": "#1"},
				"east": {"uv": [5.75, 8.25, 6, 8.75], "texture": "#1"},
				"south": {"uv": [6, 8.25, 6.25, 8.75], "texture": "#1"},
				"west": {"uv": [6.5, 8.25, 6.75, 8.75], "texture": "#1"},
				"up": {"uv": [4.25, 9, 4, 8.75], "texture": "#1"},
				"down": {"uv": [9, 4, 8.75, 4.25], "texture": "#1"}
			}
		},
		{
			"from": [9, 10, 6],
			"to": [10, 12, 7],
			"rotation": {"angle": 0, "axis": "z", "origin": [16, 0, 0]},
			"faces": {
				"north": {"uv": [1.75, 8.75, 2, 9.25], "texture": "#1"},
				"east": {"uv": [2, 8.75, 2.25, 9.25], "texture": "#1"},
				"south": {"uv": [2.25, 8.75, 2.5, 9.25], "texture": "#1"},
				"west": {"uv": [2.5, 8.75, 2.75, 9.25], "texture": "#1"},
				"up": {"uv": [9.25, 0.25, 9, 0], "texture": "#1"},
				"down": {"uv": [0.5, 9, 0.25, 9.25], "texture": "#1"}
			}
		},
		{
			"from": [14.925, 11.8, 6],
			"to": [15.925, 14.8, 7],
			"rotation": {"angle": 0, "axis": "z", "origin": [8.925, 2.8, 0]},
			"faces": {
				"north": {"uv": [7.75, 8, 8, 8.75], "texture": "#1"},
				"east": {"uv": [8, 8, 8.25, 8.75], "texture": "#1"},
				"south": {"uv": [0.5, 8.25, 0.75, 9], "texture": "#1"},
				"west": {"uv": [0.75, 8.25, 1, 9], "texture": "#1"},
				"up": {"uv": [9, 9, 8.75, 8.75], "texture": "#1"},
				"down": {"uv": [0.25, 9, 0, 9.25], "texture": "#1"}
			}
		},
		{
			"from": [16.925, 4.8, 6],
			"to": [20.925, 5.8, 7],
			"rotation": {"angle": 45, "axis": "z", "origin": [8.925, 2.8, 0]},
			"faces": {
				"north": {"uv": [0.5, 8, 1.5, 8.25], "texture": "#1"},
				"east": {"uv": [8.5, 8.75, 8.75, 9], "texture": "#1"},
				"south": {"uv": [8, 2.25, 9, 2.5], "texture": "#1"},
				"west": {"uv": [8.75, 8.5, 9, 8.75], "texture": "#1"},
				"up": {"uv": [6.25, 8.25, 5.25, 8], "texture": "#1"},
				"down": {"uv": [9, 5.25, 8, 5.5], "texture": "#1"}
			}
		},
		{
			"from": [4, 2, 6],
			"to": [8, 3, 7],
			"rotation": {"angle": -45, "axis": "z", "origin": [16, 0, 0]},
			"faces": {
				"north": {"uv": [7.75, 3, 8.75, 3.25], "texture": "#1"},
				"east": {"uv": [8.25, 8.75, 8.5, 9], "texture": "#1"},
				"south": {"uv": [7.75, 3.25, 8.75, 3.5], "texture": "#1"},
				"west": {"uv": [8.75, 8.25, 9, 8.5], "texture": "#1"},
				"up": {"uv": [8.75, 4, 7.75, 3.75], "texture": "#1"},
				"down": {"uv": [8.25, 7.75, 7.25, 8], "texture": "#1"}
			}
		},
		{
			"from": [20.25, 13.95, 6],
			"to": [21.25, 17.95, 7],
			"rotation": {"angle": -22.5, "axis": "z", "origin": [16, 15.2, 0]},
			"faces": {
				"north": {"uv": [2.75, 7.75, 3, 8.75], "texture": "#1"},
				"east": {"uv": [3, 7.75, 3.25, 8.75], "texture": "#1"},
				"south": {"uv": [7.75, 5.25, 8, 6.25], "texture": "#1"},
				"west": {"uv": [7, 7.75, 7.25, 8.75], "texture": "#1"},
				"up": {"uv": [8.25, 9, 8, 8.75], "texture": "#1"},
				"down": {"uv": [9, 8, 8.75, 8.25], "texture": "#1"}
			}
		},
		{
			"from": [16.5, 7.7, 6],
			"to": [18.5, 10.7, 7],
			"rotation": {"angle": 45, "axis": "z", "origin": [16, 15.2, 0]},
			"faces": {
				"north": {"uv": [6.75, 3, 7.25, 3.75], "texture": "#1"},
				"east": {"uv": [7.25, 8, 7.5, 8.75], "texture": "#1"},
				"south": {"uv": [7, 1, 7.5, 1.75], "texture": "#1"},
				"west": {"uv": [7.5, 8, 7.75, 8.75], "texture": "#1"},
				"up": {"uv": [1.5, 9, 1, 8.75], "texture": "#1"},
				"down": {"uv": [9.25, 1, 8.75, 1.25], "texture": "#1"}
			}
		},
		{
			"from": [26, 17.9, 6],
			"to": [27, 25.9, 7],
			"rotation": {"angle": -22.5, "axis": "z", "origin": [16, 15.4, 0]},
			"faces": {
				"north": {"uv": [3.75, 6.25, 4, 8.25], "texture": "#1"},
				"east": {"uv": [4.75, 6.25, 5, 8.25], "texture": "#1"},
				"south": {"uv": [5, 6.25, 5.25, 8.25], "texture": "#1"},
				"west": {"uv": [1.5, 6.5, 1.75, 8.5], "texture": "#1"},
				"up": {"uv": [8, 9, 7.75, 8.75], "texture": "#1"},
				"down": {"uv": [9, 7.75, 8.75, 8], "texture": "#1"}
			}
		},
		{
			"from": [18.5, 5.65, 6],
			"to": [22.5, 7.65, 7],
			"rotation": {"angle": 45, "axis": "z", "origin": [16, 15.4, 0]},
			"faces": {
				"north": {"uv": [6.25, 5.5, 7.25, 6], "texture": "#1"},
				"east": {"uv": [8.75, 0, 9, 0.5], "texture": "#1"},
				"south": {"uv": [6.25, 6, 7.25, 6.5], "texture": "#1"},
				"west": {"uv": [8.75, 0.5, 9, 1], "texture": "#1"},
				"up": {"uv": [8.75, 0.75, 7.75, 0.5], "texture": "#1"},
				"down": {"uv": [8.75, 0.75, 7.75, 1], "texture": "#1"}
			}
		},
		{
			"from": [20.5, 9.65, 6],
			"to": [24.5, 11.65, 7],
			"rotation": {"angle": 0, "axis": "z", "origin": [16, 15.4, 0]},
			"faces": {
				"north": {"uv": [6.25, 4.5, 7.25, 5], "texture": "#1"},
				"east": {"uv": [8.5, 7.75, 8.75, 8.25], "texture": "#1"},
				"south": {"uv": [6.25, 5, 7.25, 5.5], "texture": "#1"},
				"west": {"uv": [8.5, 8.25, 8.75, 8.75], "texture": "#1"},
				"up": {"uv": [8.75, 0.5, 7.75, 0.25], "texture": "#1"},
				"down": {"uv": [1.5, 7.75, 0.5, 8], "texture": "#1"}
			}
		},
		{
			"from": [12.5, 8.575, 6],
			"to": [16.5, 9.575, 7],
			"rotation": {"angle": 22.5, "axis": "z", "origin": [16, 16, 0]},
			"faces": {
				"north": {"uv": [7, 7.5, 8, 7.75], "texture": "#1"},
				"east": {"uv": [7.25, 8.75, 7.5, 9], "texture": "#1"},
				"south": {"uv": [7.5, 7, 8.5, 7.25], "texture": "#1"},
				"west": {"uv": [7.5, 8.75, 7.75, 9], "texture": "#1"},
				"up": {"uv": [8.5, 7.5, 7.5, 7.25], "texture": "#1"},
				"down": {"uv": [8.75, 0, 7.75, 0.25], "texture": "#1"}
			}
		},
		{
			"from": [16.5, 8.25, 6],
			"to": [18.5, 10.25, 7],
			"rotation": {"angle": 22.5, "axis": "z", "origin": [16, 16, 0]},
			"faces": {
				"north": {"uv": [5.75, 7.5, 6.25, 8], "texture": "#1"},
				"east": {"uv": [8.5, 4.5, 8.75, 5], "texture": "#1"},
				"south": {"uv": [7.5, 6.5, 8, 7], "texture": "#1"},
				"west": {"uv": [8.5, 6.75, 8.75, 7.25], "texture": "#1"},
				"up": {"uv": [9, 7.5, 8.5, 7.25], "texture": "#1"},
				"down": {"uv": [9, 7.5, 8.5, 7.75], "texture": "#1"}
			}
		},
		{
			"from": [12, 7.5, 6],
			"to": [13, 8.5, 7],
			"rotation": {"angle": -22.5, "axis": "z", "origin": [16, 0, 0]},
			"faces": {
				"north": {"uv": [6.5, 8.75, 6.75, 9], "texture": "#1"},
				"east": {"uv": [8.75, 6.5, 9, 6.75], "texture": "#1"},
				"south": {"uv": [6.75, 8.75, 7, 9], "texture": "#1"},
				"west": {"uv": [8.75, 6.75, 9, 7], "texture": "#1"},
				"up": {"uv": [7.25, 9, 7, 8.75], "texture": "#1"},
				"down": {"uv": [9, 7, 8.75, 7.25], "texture": "#1"}
			}
		},
		{
			"from": [9, 7, 6],
			"to": [12, 9, 7],
			"rotation": {"angle": -22.5, "axis": "z", "origin": [16, 0, 0]},
			"faces": {
				"north": {"uv": [0.5, 6.75, 1.25, 7.25], "texture": "#1"},
				"east": {"uv": [8.5, 4, 8.75, 4.5], "texture": "#1"},
				"south": {"uv": [6.75, 2.5, 7.5, 3], "texture": "#1"},
				"west": {"uv": [4.5, 8.5, 4.75, 9], "texture": "#1"},
				"up": {"uv": [8.75, 6.25, 8, 6], "texture": "#1"},
				"down": {"uv": [8.75, 6.5, 8, 6.75], "texture": "#1"}
			}
		},
		{
			"from": [6, 1, 6],
			"to": [8, 5, 7],
			"rotation": {"angle": -45, "axis": "z", "origin": [16, 0, 0]},
			"faces": {
				"north": {"uv": [2.75, 6.25, 3.25, 7.25], "texture": "#1"},
				"east": {"uv": [0.25, 7.5, 0.5, 8.5], "texture": "#1"},
				"south": {"uv": [3.25, 6.25, 3.75, 7.25], "texture": "#1"},
				"west": {"uv": [4.5, 7.5, 4.75, 8.5], "texture": "#1"},
				"up": {"uv": [9, 2.25, 8.5, 2], "texture": "#1"},
				"down": {"uv": [3.75, 8.5, 3.25, 8.75], "texture": "#1"}
			}
		}
	],
	"display": {
		"thirdperson_righthand": {
			"translation": [0, 0, 1.25],
			"scale": [0.45, 0.45, 0.45]
		},
		"thirdperson_lefthand": {
			"translation": [0, 0, 1.25],
			"scale": [0.45, 0.45, 0.45]
		},
		"firstperson_righthand": {
			"translation": [0, 0.75, 0],
			"scale": [0.45, 0.45, 0.45]
		},
		"firstperson_lefthand": {
			"translation": [0, 0.75, 0],
			"scale": [0.45, 0.45, 0.45]
		},
		"ground": {
			"translation": [0, 7.75, 0]
		},
		"gui": {
			"rotation": [0, 152, 46],
			"translation": [0, -1.75, 1.5],
			"scale": [0.74, 0.74, 0.74]
		},
		"head": {
			"translation": [0, 5.75, 0],
			"scale": [1.58, 1.58, 1.58]
		},
		"fixed": {
			"translation": [0, 0, -0.25]
		}
	},
	"groups": [
		0,
		1,
		2,
		3,
		4,
		5,
		6,
		7,
		8,
		9,
		10,
		11,
		12,
		13,
		14,
		15,
		16,
		17,
		18,
		{
			"name": "group",
			"origin": [0, 0, 0],
			"color": 0,
			"children": [19, 20, 21, 22, 23, 24, 25, 26, 27, 28, 29, 30, 31, 32, 33, 34, 35, 36, 37, 38, 39, 40, 41, 42, 43, 44, 45, 46]
		}
	]
}