{
	"format_version": "1.21.6",
	"credit": "Made with Blockbench",
	"texture_size": [32, 32],
	"textures": {
		"1": "hazbin:item/alastor_staff"
	},
	"elements": [
		{
			"from": [7, -2, 7],
			"to": [9, -1, 9],
			"rotation": {"angle": 0, "axis": "y", "origin": [0, -2, 0]},
			"faces": {
				"north": {"uv": [8, 2, 9, 2.5], "texture": "#1"},
				"east": {"uv": [8, 2.5, 9, 3], "texture": "#1"},
				"south": {"uv": [8, 3, 9, 3.5], "texture": "#1"},
				"west": {"uv": [8, 3.5, 9, 4], "texture": "#1"},
				"up": {"uv": [7.5, 4.5, 6.5, 3.5], "texture": "#1"},
				"down": {"uv": [7.5, 4.5, 6.5, 5.5], "texture": "#1"}
			}
		},
		{
			"from": [6.5, 24, 6.5],
			"to": [9.5, 25, 9.5],
			"rotation": {"angle": 0, "axis": "y", "origin": [0, -2, 0]},
			"faces": {
				"north": {"uv": [5, 7.5, 6.5, 8], "texture": "#1"},
				"east": {"uv": [7.5, 5, 9, 5.5], "texture": "#1"},
				"south": {"uv": [7.5, 5.5, 9, 6], "texture": "#1"},
				"west": {"uv": [7.5, 6, 9, 6.5], "texture": "#1"},
				"up": {"uv": [3.5, 7.5, 2, 6], "texture": "#1"},
				"down": {"uv": [7.5, 2, 6, 3.5], "texture": "#1"}
			}
		},
		{
			"from": [7, 25, 7],
			"to": [9, 30, 9],
			"rotation": {"angle": 0, "axis": "y", "origin": [0, -2, 0]},
			"faces": {
				"north": {"uv": [4, 3, 5, 5.5], "texture": "#1"},
				"east": {"uv": [5, 0, 6, 2.5], "texture": "#1"},
				"south": {"uv": [5, 2.5, 6, 5], "texture": "#1"},
				"west": {"uv": [5, 5, 6, 7.5], "texture": "#1"},
				"up": {"uv": [3.5, 8.5, 2.5, 7.5], "texture": "#1"},
				"down": {"uv": [8.5, 4, 7.5, 5], "texture": "#1"}
			}
		},
		{
			"from": [5.5, 25, 6],
			"to": [10.5, 31, 8],
			"rotation": {"angle": 0, "axis": "y", "origin": [-0.5, -2, 0]},
			"faces": {
				"north": {"uv": [0, 0, 2.5, 3], "texture": "#1"},
				"east": {"uv": [2, 3, 3, 6], "texture": "#1"},
				"south": {"uv": [2.5, 0, 5, 3], "texture": "#1"},
				"west": {"uv": [3, 3, 4, 6], "texture": "#1"},
				"up": {"uv": [8.5, 1, 6, 0], "texture": "#1"},
				"down": {"uv": [8.5, 1, 6, 2], "texture": "#1"}
			}
		},
		{
			"from": [7.5, -1, 7.5],
			"to": [8.5, 11, 8.5],
			"rotation": {"angle": 0, "axis": "y", "origin": [0, -2, 0]},
			"faces": {
				"north": {"uv": [0, 3, 0.5, 9], "texture": "#1"},
				"east": {"uv": [0.5, 3, 1, 9], "texture": "#1"},
				"south": {"uv": [1, 3, 1.5, 9], "texture": "#1"},
				"west": {"uv": [1.5, 3, 2, 9], "texture": "#1"},
				"up": {"uv": [7.5, 9, 7, 8.5], "texture": "#1"},
				"down": {"uv": [8, 8.5, 7.5, 9], "texture": "#1"}
			}
		},
		{
			"from": [6.92826, 12.19601, 7.499],
			"to": [8.93026, 13.19801, 8.501],
			"rotation": {"angle": 35, "axis": "z", "origin": [6.10426, 13.97201, 8]},
			"faces": {
				"north": {"uv": [5, 8, 6, 8.5], "texture": "#1"},
				"east": {"uv": [0.5, 9, 1, 9.5], "texture": "#1"},
				"south": {"uv": [8, 6.5, 9, 7], "texture": "#1"},
				"west": {"uv": [9, 0.5, 9.5, 1], "texture": "#1"},
				"up": {"uv": [9, 7.5, 8, 7], "texture": "#1"},
				"down": {"uv": [9, 7.5, 8, 8], "texture": "#1"}
			}
		},
		{
			"from": [8.15426, 12.72201, 7.5],
			"to": [9.15426, 14.72201, 8.5],
			"rotation": {"angle": 45, "axis": "z", "origin": [6.32926, 13.49701, 8]},
			"faces": {
				"north": {"uv": [6, 8, 6.5, 9], "texture": "#1"},
				"east": {"uv": [8, 8, 8.5, 9], "texture": "#1"},
				"south": {"uv": [8.5, 0, 9, 1], "texture": "#1"},
				"west": {"uv": [8.5, 1, 9, 2], "texture": "#1"},
				"up": {"uv": [1.5, 9.5, 1, 9], "texture": "#1"},
				"down": {"uv": [9.5, 1, 9, 1.5], "texture": "#1"}
			}
		},
		{
			"from": [7.09373, 15.35069, 7.499],
			"to": [8.09573, 17.35269, 8.501],
			"rotation": {"angle": -27.5, "axis": "z", "origin": [7.59473, 16.35169, 8]},
			"faces": {
				"north": {"uv": [2.5, 8.5, 3, 9.5], "texture": "#1"},
				"east": {"uv": [3, 8.5, 3.5, 9.5], "texture": "#1"},
				"south": {"uv": [8.5, 4, 9, 5], "texture": "#1"},
				"west": {"uv": [5, 8.5, 5.5, 9.5], "texture": "#1"},
				"up": {"uv": [2, 9.5, 1.5, 9], "texture": "#1"},
				"down": {"uv": [9.5, 1.5, 9, 2], "texture": "#1"}
			}
		},
		{
			"from": [6.873, 9.723, 7.498],
			"to": [7.877, 13.727, 8.502],
			"rotation": {"angle": -10, "axis": "z", "origin": [7.375, 11.75, 8]},
			"faces": {
				"north": {"uv": [6.5, 5.5, 7, 7.5], "texture": "#1"},
				"east": {"uv": [7, 5.5, 7.5, 7.5], "texture": "#1"},
				"south": {"uv": [1.5, 7, 2, 9], "texture": "#1"},
				"west": {"uv": [1.5, 7, 2, 9], "texture": "#1"},
				"up": {"uv": [9, 8.5, 8.5, 8], "texture": "#1"},
				"down": {"uv": [9, 8.5, 8.5, 9], "texture": "#1"}
			}
		},
		{
			"from": [6.873, 9.748, 7.498],
			"to": [7.877, 13.752, 8.502],
			"rotation": {"angle": -10, "axis": "z", "origin": [7.375, 11.75, 8]},
			"faces": {
				"north": {"uv": [6.5, 5.5, 7, 7.5], "texture": "#1"},
				"east": {"uv": [0, 5, 0.5, 7], "texture": "#1"},
				"south": {"uv": [2, 7.5, 2.5, 9.5], "texture": "#1"},
				"west": {"uv": [7.5, 2, 8, 4], "texture": "#1"},
				"up": {"uv": [9, 8.5, 8.5, 8], "texture": "#1"},
				"down": {"uv": [9, 8.5, 8.5, 9], "texture": "#1"}
			}
		},
		{
			"from": [7.5, 17, 7.5],
			"to": [8.5, 25, 8.5],
			"rotation": {"angle": 0, "axis": "y", "origin": [0, -2, 0]},
			"faces": {
				"north": {"uv": [4, 5.5, 4.5, 9.5], "texture": "#1"},
				"east": {"uv": [4.5, 5.5, 5, 9.5], "texture": "#1"},
				"south": {"uv": [3.5, 6, 4, 10], "texture": "#1"},
				"west": {"uv": [6, 3.5, 6.5, 7.5], "texture": "#1"},
				"up": {"uv": [0.5, 9.5, 0, 9], "texture": "#1"},
				"down": {"uv": [9.5, 0, 9, 0.5], "texture": "#1"}
			}
		},
		{
			"from": [7.5, 25.5, 8.1],
			"to": [8.5, 27.5, 9.1],
			"rotation": {"angle": 0, "axis": "y", "origin": [6.5, 25.5, 7.1]},
			"faces": {
				"north": {"uv": [6.5, 7.5, 7, 8.5], "texture": "#1"},
				"east": {"uv": [7.5, 6.5, 8, 7.5], "texture": "#1"},
				"south": {"uv": [7, 7.5, 7.5, 8.5], "texture": "#1"},
				"west": {"uv": [7.5, 7.5, 8, 8.5], "texture": "#1"},
				"up": {"uv": [6, 9, 5.5, 8.5], "texture": "#1"},
				"down": {"uv": [7, 8.5, 6.5, 9], "texture": "#1"}
			}
		}
	],
	"display": {
		"thirdperson_righthand": {
			"rotation": [0, -90, 0],
			"translation": [0, -0.5, 0.75]
		},
		"thirdperson_lefthand": {
			"rotation": [0, -90, 0],
			"translation": [0, -0.5, 0.75]
		},
		"firstperson_righthand": {
			"rotation": [-139.4, -83.89, -150.56],
			"translation": [-0.5, -0.5, -0.5],
			"scale": [0.61, 0.61, 0.61]
		},
		"firstperson_lefthand": {
			"rotation": [-139.4, -83.89, -150.56],
			"translation": [-0.5, -0.5, -0.5],
			"scale": [0.61, 0.61, 0.61]
		},
		"ground": {
			"translation": [0, 8.5, 0]
		},
		"gui": {
			"rotation": [-28, -12, -43],
			"translation": [-3, -3, 0],
			"scale": [0.62, 0.62, 0.62]
		},
		"head": {
			"rotation": [0, 180, 0],
			"translation": [0, -19.25, 0],
			"scale": [1.6, 1.6, 1.6]
		},
		"fixed": {
			"rotation": [0, 180, 0],
			"translation": [0, -6.25, -2]
		},
		"on_shelf": {
			"translation": [0, 2, 0],
			"scale": [0.97, 0.97, 0.97]
		}
	}
}