{
	"format_version": "1.21.6",
	"credit": "Made with Blockbench",
	"texture_size": [32, 32],
	"textures": {
		"1": "hazbin:item/angelic_dagger"
	},
	"elements": [
		{
			"from": [7.5, -1, 7.5],
			"to": [8.5, 5, 8.5],
			"rotation": {"angle": 0, "axis": "y", "origin": [7.5, 0, 7.5]},
			"faces": {
				"north": {"uv": [2.5, 6, 3, 9], "texture": "#1"},
				"east": {"uv": [2, 6, 2.5, 9], "texture": "#1"},
				"south": {"uv": [3.5, 6, 4, 9], "texture": "#1"},
				"west": {"uv": [3, 6, 3.5, 9], "texture": "#1"},
				"up": {"uv": [3, 6, 2.5, 5.5], "texture": "#1"},
				"down": {"uv": [3.5, 5.5, 3, 6], "texture": "#1"}
			}
		},
		{
			"from": [7.5, 6, 7.5],
			"to": [8.5, 9, 8.5],
			"rotation": {"angle": 0, "axis": "y", "origin": [7.5, 0, 7.5]},
			"faces": {
				"north": {"uv": [4.5, 7.5, 5, 9], "texture": "#1"},
				"east": {"uv": [4, 7.5, 4.5, 9], "texture": "#1"},
				"south": {"uv": [5.5, 7.5, 6, 9], "texture": "#1"},
				"west": {"uv": [5, 7.5, 5.5, 9], "texture": "#1"},
				"up": {"uv": [5, 7.5, 4.5, 7], "texture": "#1"},
				"down": {"uv": [5.5, 7, 5, 7.5], "texture": "#1"}
			}
		},
		{
			"from": [7, 6.4, 8],
			"to": [9, 13.4, 8],
			"rotation": {"angle": 0, "axis": "y", "origin": [6.5, 6.4, 6]},
			"faces": {
				"north": {"uv": [0, 5.5, 1, 9], "texture": "#1"},
				"east": {"uv": [0, 5.5, 0, 9], "texture": "#1"},
				"south": {"uv": [1, 5.5, 2, 9], "texture": "#1"},
				"west": {"uv": [1, 5.5, 1, 9], "texture": "#1"},
				"up": {"uv": [1, 5.5, 0, 5.5], "texture": "#1"},
				"down": {"uv": [2, 5.5, 1, 5.5], "texture": "#1"}
			}
		},
		{
			"from": [7.5, 13.4, 8],
			"to": [8.5, 19.4, 8],
			"rotation": {"angle": 0, "axis": "y", "origin": [6.5, 6.4, 6]},
			"faces": {
				"north": {"uv": [7, 4.5, 7.5, 7.5], "texture": "#1"},
				"east": {"uv": [7, 4.5, 7, 7.5], "texture": "#1"},
				"south": {"uv": [7.5, 4.5, 8, 7.5], "texture": "#1"},
				"west": {"uv": [7.5, 4.5, 7.5, 7.5], "texture": "#1"},
				"up": {"uv": [7.5, 4.5, 7, 4.5], "texture": "#1"},
				"down": {"uv": [8, 4.5, 7.5, 4.5], "texture": "#1"}
			}
		},
		{
			"from": [6.999, 4.899, 7.499],
			"to": [9.001, 6.901, 8.501],
			"rotation": {"angle": 45, "axis": "z", "origin": [8, 5.9, 8.5]},
			"faces": {
				"north": {"uv": [4.5, 6, 5.5, 7], "texture": "#1"},
				"east": {"uv": [4, 6, 4.5, 7], "texture": "#1"},
				"south": {"uv": [6, 6, 7, 7], "texture": "#1"},
				"west": {"uv": [5.5, 6, 6, 7], "texture": "#1"},
				"up": {"uv": [5.5, 6, 4.5, 5.5], "texture": "#1"},
				"down": {"uv": [6.5, 5.5, 5.5, 6], "texture": "#1"}
			}
		},
		{
			"from": [5.5, 5.4, 7.5],
			"to": [10.5, 6.4, 8.5],
			"rotation": {"angle": 0, "axis": "z", "origin": [8.5, 5.9, 8]},
			"faces": {
				"north": {"uv": [0.5, 5, 3, 5.5], "texture": "#1"},
				"east": {"uv": [0, 5, 0.5, 5.5], "texture": "#1"},
				"south": {"uv": [3.5, 5, 6, 5.5], "texture": "#1"},
				"west": {"uv": [3, 5, 3.5, 5.5], "texture": "#1"},
				"up": {"uv": [3, 5, 0.5, 4.5], "texture": "#1"},
				"down": {"uv": [5.5, 4.5, 3, 5], "texture": "#1"}
			}
		},
		{
			"from": [3.5, 1.625, 8],
			"to": [12.5, 10.625, 8],
			"rotation": {"angle": -45, "axis": "z", "origin": [8, 6.125, 8]},
			"faces": {
				"north": {"uv": [0, 0, 4.5, 4.5], "texture": "#1"},
				"east": {"uv": [0, 0, 0, 4.5], "texture": "#1"},
				"south": {"uv": [4.5, 0, 9, 4.5], "texture": "#1"},
				"west": {"uv": [4.5, 0, 4.5, 4.5], "texture": "#1"},
				"up": {"uv": [4.5, 0, 0, 0], "texture": "#1"},
				"down": {"uv": [9, 0, 4.5, 0], "texture": "#1"}
			}
		}
	],
	"display": {
		"thirdperson_righthand": {
			"rotation": [0, 103, 0],
			"translation": [0, 4.25, 0.75]
		},
		"thirdperson_lefthand": {
			"rotation": [0, 103, 0],
			"translation": [0, 4.25, 0.75]
		},
		"firstperson_righthand": {
			"rotation": [0, 103, 0],
			"translation": [0, 4.25, 0.5]
		},
		"firstperson_lefthand": {
			"rotation": [0, 103, 0],
			"translation": [0, 4.25, 0.5]
		},
		"ground": {
			"translation": [0, 6, 0]
		},
		"gui": {
			"rotation": [-23, 152, 53],
			"translation": [-0.75, -0.75, 0]
		},
		"head": {
			"rotation": [-94, 48, 0],
			"translation": [0, -13.25, 5],
			"scale": [1.6, 1.6, 1.6]
		},
		"fixed": {
			"translation": [0, -1.25, -0.25]
		}
	}
}