{
	"format_version": "1.21.6",
	"credit": "Made with Blockbench",
	"textures": {
		"0": "hazbin:item/asmodean_crystal",
		"particle": "hazbin:item/asmodean_crystal"
	},
	"elements": [
		{
			"from": [6.999, 7.999, 5.999],
			"to": [9.001, 9.001, 8.001],
			"rotation": {"angle": 45, "axis": "y", "origin": [8, 8.5, 7]},
			"faces": {
				"north": {"uv": [7, 1, 5, 2], "texture": "#0"},
				"east": {"uv": [6, 5, 4, 6], "texture": "#0"},
				"south": {"uv": [7, 3, 5, 4], "texture": "#0"},
				"west": {"uv": [7, 2, 5, 3], "texture": "#0"},
				"up": {"uv": [3, 2, 5, 0], "texture": "#0"},
				"down": {"uv": [3, 2, 5, 4], "texture": "#0"}
			}
		},
		{
			"from": [6.998, 7.998, 7.998],
			"to": [9.002, 9.002, 10.002],
			"rotation": {"angle": 45, "axis": "y", "origin": [8, 8.5, 9]},
			"faces": {
				"north": {"uv": [2, 6, 0, 7], "texture": "#0"},
				"east": {"uv": [8, 5, 6, 6], "texture": "#0"},
				"south": {"uv": [6, 6, 4, 7], "texture": "#0"},
				"west": {"uv": [4, 6, 2, 7], "texture": "#0"},
				"up": {"uv": [0, 6, 2, 4], "texture": "#0"},
				"down": {"uv": [2, 4, 4, 6], "texture": "#0"}
			}
		},
		{
			"from": [6.5, 8, 7],
			"to": [9.5, 9, 9],
			"rotation": {"angle": 0, "axis": "y", "origin": [6.5, 8, 7]},
			"faces": {
				"north": {"uv": [7, 4, 4, 5], "texture": "#0"},
				"east": {"uv": [2, 7, 0, 8], "texture": "#0"},
				"south": {"uv": [8, 0, 5, 1], "texture": "#0"},
				"west": {"uv": [8, 6, 6, 7], "texture": "#0"},
				"up": {"uv": [0, 2, 3, 0], "texture": "#0"},
				"down": {"uv": [0, 2, 3, 4], "texture": "#0"}
			}
		}
	],
	"display": {
		"thirdperson_righthand": {
			"rotation": [0, 0, -90],
			"translation": [1.5, -2, 3]
		},
		"thirdperson_lefthand": {
			"rotation": [0, 0, -90],
			"translation": [1.5, -2, 3]
		},
		"firstperson_righthand": {
			"rotation": [0, -24, 26],
			"translation": [3, 1.5, 0]
		},
		"firstperson_lefthand": {
			"rotation": [0, -24, 26],
			"translation": [3, 1.5, 0]
		},
		"ground": {
			"translation": [0, -2.75, 0]
		},
		"gui": {
			"rotation": [65, -150, 0],
			"translation": [0, -0.75, 0],
			"scale": [3.35, 3.35, 3.35]
		},
		"head": {
			"rotation": [-11, 9, -9],
			"translation": [-0.25, -6.75, -7],
			"scale": [1.6, 1.6, 1.6]
		},
		"fixed": {
			"rotation": [-90, 0, 0],
			"scale": [2.5, 2.5, 2.5]
		},
		"on_shelf": {
			"rotation": [90, 180, 0],
			"scale": [4, 4, 4]
		}
	}
}