{
	"format_version": "1.21.6",
	"credit": "Made with Blockbench",
	"texture_size": [32, 32],
	"textures": {
		"0": "hazbin:item/baal_crown",
		"particle": "hazbin:item/baal_crown"
	},
	"elements": [
		{
			"from": [5, 0, 5],
			"to": [11, 1, 11],
			"rotation": {"angle": 0, "axis": "y", "origin": [5, 0, 5]},
			"faces": {
				"north": {"uv": [6.75, 6.25, 8.25, 6.5], "texture": "#0"},
				"east": {"uv": [6.75, 6.5, 8.25, 6.75], "texture": "#0"},
				"south": {"uv": [6.75, 6.75, 8.25, 7], "texture": "#0"},
				"west": {"uv": [0.25, 7, 1.75, 7.25], "texture": "#0"},
				"up": {"uv": [1.5, 5.5, 0, 4], "texture": "#0"},
				"down": {"uv": [3, 4, 1.5, 5.5], "texture": "#0"}
			}
		},
		{
			"from": [3.5, 0.5, 7.5],
			"to": [12.5, 4.5, 8.5],
			"rotation": {"angle": 0, "axis": "y", "origin": [8, 2, 8]},
			"faces": {
				"north": {"uv": [3, 5, 5.25, 6], "texture": "#0"},
				"east": {"uv": [2.5, 7, 2.75, 8], "texture": "#0"},
				"south": {"uv": [5, 3, 7.25, 4], "texture": "#0"},
				"west": {"uv": [2.75, 7, 3, 8], "texture": "#0"},
				"up": {"uv": [9, 6, 6.75, 5.75], "texture": "#0"},
				"down": {"uv": [9, 6, 6.75, 6.25], "texture": "#0"}
			}
		},
		{
			"from": [5.5, 4.25, 8],
			"to": [10.5, 9.25, 8],
			"rotation": {"angle": 0, "axis": "y", "origin": [8, 2, 8]},
			"faces": {
				"north": {"uv": [5.25, 4, 6.5, 5.25], "texture": "#0"},
				"east": {"uv": [0, 0, 0, 1.25], "texture": "#0"},
				"south": {"uv": [5.25, 5.25, 6.5, 6.5], "texture": "#0"},
				"west": {"uv": [0, 0, 0, 1.25], "texture": "#0"},
				"up": {"uv": [1.25, 0, 0, 0], "texture": "#0"},
				"down": {"uv": [1.25, 0, 0, 0], "texture": "#0"}
			}
		},
		{
			"from": [8, 4.25, 5.5],
			"to": [8, 9.25, 10.5],
			"rotation": {"angle": 0, "axis": "y", "origin": [8, 6.75, 8]},
			"faces": {
				"north": {"uv": [0, 0, 0, 1.25], "texture": "#0"},
				"east": {"uv": [0, 5.5, 1.25, 6.75], "texture": "#0"},
				"south": {"uv": [0, 0, 0, 1.25], "texture": "#0"},
				"west": {"uv": [1.25, 5.5, 2.5, 6.75], "texture": "#0"},
				"up": {"uv": [0, 1.25, 0, 0], "texture": "#0"},
				"down": {"uv": [0, 0, 0, 1.25], "texture": "#0"}
			}
		},
		{
			"from": [2.025, 0.525, 7.525],
			"to": [13.975, 4.475, 8.475],
			"rotation": {"angle": -45, "axis": "y", "origin": [8, 2, 8]},
			"faces": {
				"north": {"uv": [2, 2, 5, 3], "texture": "#0"},
				"east": {"uv": [7, 7, 7.25, 8], "texture": "#0"},
				"south": {"uv": [2, 3, 5, 4], "texture": "#0"},
				"west": {"uv": [7.25, 0, 7.5, 1], "texture": "#0"},
				"up": {"uv": [3.25, 7, 0.25, 6.75], "texture": "#0"},
				"down": {"uv": [9.75, 5.5, 6.75, 5.75], "texture": "#0"}
			}
		},
		{
			"from": [7.53, 0.53, 2.03],
			"to": [8.47, 4.47, 13.97],
			"rotation": {"angle": -45, "axis": "y", "origin": [8, 2, 8]},
			"faces": {
				"north": {"uv": [3, 7, 3.25, 8], "texture": "#0"},
				"east": {"uv": [2, 0, 5, 1], "texture": "#0"},
				"south": {"uv": [6.75, 7, 7, 8], "texture": "#0"},
				"west": {"uv": [2, 1, 5, 2], "texture": "#0"},
				"up": {"uv": [6.75, 8.5, 6.5, 5.5], "texture": "#0"},
				"down": {"uv": [0.25, 6.75, 0, 9.75], "texture": "#0"}
			}
		},
		{
			"from": [7.501, 0.501, 3.501],
			"to": [8.499, 4.499, 12.499],
			"rotation": {"angle": 0, "axis": "y", "origin": [5.5, 0.5, 6.5]},
			"faces": {
				"north": {"uv": [2, 7, 2.25, 8], "texture": "#0"},
				"east": {"uv": [5, 1, 7.25, 2], "texture": "#0"},
				"south": {"uv": [2.25, 7, 2.5, 8], "texture": "#0"},
				"west": {"uv": [5, 2, 7.25, 3], "texture": "#0"},
				"up": {"uv": [4, 9, 3.75, 6.75], "texture": "#0"},
				"down": {"uv": [4.25, 6.75, 4, 9], "texture": "#0"}
			}
		},
		{
			"from": [4, 1, 4],
			"to": [12, 4, 12],
			"rotation": {"angle": 0, "axis": "y", "origin": [5, 1, 5]},
			"faces": {
				"north": {"uv": [2.5, 6, 4.5, 6.75], "texture": "#0"},
				"east": {"uv": [6.5, 4, 8.5, 4.75], "texture": "#0"},
				"south": {"uv": [4.5, 6.5, 6.5, 7.25], "texture": "#0"},
				"west": {"uv": [6.5, 4.75, 8.5, 5.5], "texture": "#0"},
				"up": {"uv": [2, 2, 0, 0], "texture": "#0"},
				"down": {"uv": [2, 2, 0, 4], "texture": "#0"}
			}
		}
	],
	"display": {
		"thirdperson_righthand": {
			"translation": [0, 4.25, 1.25],
			"scale": [0.6, 0.6, 0.6]
		},
		"thirdperson_lefthand": {
			"translation": [0, 4.25, 1.25],
			"scale": [0.6, 0.6, 0.6]
		},
		"firstperson_righthand": {
			"rotation": [4, 23, 6],
			"translation": [0, 5.5, 0.75],
			"scale": [0.7, 0.7, 0.7]
		},
		"firstperson_lefthand": {
			"rotation": [4, 23, 6],
			"translation": [0, 5.5, 0.75],
			"scale": [0.7, 0.7, 0.7]
		},
		"ground": {
			"translation": [0, 5.75, 0]
		},
		"gui": {
			"rotation": [30, -135, 0],
			"translation": [0, 3.75, 0]
		},
		"head": {
			"rotation": [4.16, 1.07, 4.61],
			"translation": [-3.5, 17.75, 3],
			"scale": [1.5, 1.5, 1.5]
		},
		"fixed": {
			"rotation": [-90, 0, 0],
			"translation": [0, 0, -8]
		}
	}
}