{
	"format_version": "1.21.6",
	"credit": "Made with Blockbench",
	"texture_size": [128, 128],
	"textures": {
		"0": "hazbin:item/bael_throne",
		"particle": "hazbin:item/bael_throne"
	},
	"elements": [
		{
			"from": [-5, -6, -4],
			"to": [21, -2, 20],
			"rotation": {"angle": 0, "axis": "y", "origin": [0, -16, 0]},
			"faces": {
				"north": {"uv": [10.75, 0, 14, 0.5], "texture": "#0"},
				"east": {"uv": [10.75, 1, 13.75, 1.5], "texture": "#0"},
				"south": {"uv": [10.75, 0.5, 14, 1], "texture": "#0"},
				"west": {"uv": [10.75, 1.5, 13.75, 2], "texture": "#0"},
				"up": {"uv": [3.25, 7.25, 0, 4.25], "texture": "#0"},
				"down": {"uv": [6.5, 4.25, 3.25, 7.25], "texture": "#0"}
			}
		},
		{
			"from": [1, 18, 20],
			"to": [15, 31, 22],
			"rotation": {"angle": 0, "axis": "y", "origin": [0, -3, 2]},
			"faces": {
				"north": {"uv": [0, 9.875, 1.75, 11.5], "texture": "#0"},
				"east": {"uv": [11.75, 11.5, 12, 13.125], "texture": "#0"},
				"south": {"uv": [1.75, 9.875, 3.5, 11.5], "texture": "#0"},
				"west": {"uv": [6, 12, 6.25, 13.625], "texture": "#0"},
				"up": {"uv": [9.25, 4, 7.5, 3.75], "texture": "#0"},
				"down": {"uv": [9.25, 4, 7.5, 4.25], "texture": "#0"}
			}
		},
		{
			"from": [-7, -16, 20],
			"to": [23, 18, 22],
			"rotation": {"angle": 0, "axis": "y", "origin": [0, -16, 2]},
			"faces": {
				"north": {"uv": [0, 0, 3.75, 4.25], "texture": "#0"},
				"east": {"uv": [5.75, 9.875, 6, 14.125], "texture": "#0"},
				"south": {"uv": [3.75, 0, 7.5, 4.25], "texture": "#0"},
				"west": {"uv": [11.25, 6.5, 11.5, 10.75], "texture": "#0"},
				"up": {"uv": [14.5, 2.25, 10.75, 2], "texture": "#0"},
				"down": {"uv": [14.5, 2.25, 10.75, 2.5], "texture": "#0"}
			}
		},
		{
			"from": [21.01, 4.76, 19.26],
			"to": [22.99, 24.74, 21.24],
			"rotation": {"angle": 7.5, "axis": "x", "origin": [22, 14.75, 20.25]},
			"faces": {
				"north": {"uv": [11, 11.5, 11.25, 14], "texture": "#0"},
				"east": {"uv": [11.5, 11.5, 11.75, 14], "texture": "#0"},
				"south": {"uv": [11.75, 6.5, 12, 9], "texture": "#0"},
				"west": {"uv": [11.75, 9, 12, 11.5], "texture": "#0"},
				"up": {"uv": [12.25, 10.375, 12, 10.125], "texture": "#0"},
				"down": {"uv": [10.5, 12, 10.25, 12.25], "texture": "#0"}
			}
		},
		{
			"from": [15.002, 10.002, 20.002],
			"to": [26.998, 29.998, 21.998],
			"rotation": {"angle": 20, "axis": "z", "origin": [3, -3, 2]},
			"faces": {
				"north": {"uv": [6, 9.5, 7.5, 12], "texture": "#0"},
				"east": {"uv": [2.5, 11.5, 2.75, 14], "texture": "#0"},
				"south": {"uv": [9.5, 6.5, 11, 9], "texture": "#0"},
				"west": {"uv": [2.75, 11.5, 3, 14], "texture": "#0"},
				"up": {"uv": [12.25, 3.75, 10.75, 3.5], "texture": "#0"},
				"down": {"uv": [7.75, 12, 6.25, 12.25], "texture": "#0"}
			}
		},
		{
			"from": [-10.997, 10.003, 20.003],
			"to": [0.997, 29.997, 21.997],
			"rotation": {"angle": -20, "axis": "z", "origin": [13, -3, 2]},
			"faces": {
				"north": {"uv": [7.5, 9.5, 9, 12], "texture": "#0"},
				"east": {"uv": [3, 11.5, 3.25, 14], "texture": "#0"},
				"south": {"uv": [9, 9.5, 10.5, 12], "texture": "#0"},
				"west": {"uv": [3.25, 11.5, 3.5, 14], "texture": "#0"},
				"up": {"uv": [13.5, 6.75, 12, 6.5], "texture": "#0"},
				"down": {"uv": [13.5, 6.75, 12, 7], "texture": "#0"}
			}
		},
		{
			"from": [25.002, 29.952, 20.002],
			"to": [26.998, 31.95, 21.998],
			"rotation": {"angle": 20, "axis": "z", "origin": [3, -3, 2]},
			"faces": {
				"north": {"uv": [12, 10.375, 12.25, 10.625], "texture": "#0"},
				"east": {"uv": [12, 10.625, 12.25, 10.875], "texture": "#0"},
				"south": {"uv": [12, 10.875, 12.25, 11.125], "texture": "#0"},
				"west": {"uv": [12, 11.125, 12.25, 11.375], "texture": "#0"},
				"up": {"uv": [12.25, 11.625, 12, 11.375], "texture": "#0"},
				"down": {"uv": [12.25, 11.625, 12, 11.875], "texture": "#0"}
			}
		},
		{
			"from": [-10.998, 29.977, 20.002],
			"to": [-9.002, 31.975, 21.998],
			"rotation": {"angle": -20, "axis": "z", "origin": [13, -3, 2]},
			"faces": {
				"north": {"uv": [12, 11.875, 12.25, 12.125], "texture": "#0"},
				"east": {"uv": [12, 12.125, 12.25, 12.375], "texture": "#0"},
				"south": {"uv": [12.25, 3.5, 12.5, 3.75], "texture": "#0"},
				"west": {"uv": [6.25, 12.25, 6.5, 12.5], "texture": "#0"},
				"up": {"uv": [6.75, 12.5, 6.5, 12.25], "texture": "#0"},
				"down": {"uv": [7, 12.25, 6.75, 12.5], "texture": "#0"}
			}
		},
		{
			"from": [-5, -2, 18],
			"to": [21, 13, 20],
			"rotation": {"angle": 0, "axis": "y", "origin": [0, -16, 0]},
			"faces": {
				"north": {"uv": [7.5, 0, 10.75, 1.875], "texture": "#0"},
				"east": {"uv": [6, 7.25, 6.25, 9.125], "texture": "#0"},
				"south": {"uv": [7.5, 1.875, 10.75, 3.75], "texture": "#0"},
				"west": {"uv": [6.25, 7.25, 6.5, 9.125], "texture": "#0"},
				"up": {"uv": [14, 2.75, 10.75, 2.5], "texture": "#0"},
				"down": {"uv": [14, 2.75, 10.75, 3], "texture": "#0"}
			}
		},
		{
			"from": [-5, -12, -7],
			"to": [21, -1, -5],
			"rotation": {"angle": 12.5, "axis": "x", "origin": [0, -27, -25]},
			"faces": {
				"north": {"uv": [9.5, 3.75, 12.75, 5.125], "texture": "#0"},
				"east": {"uv": [12, 7, 12.25, 8.375], "texture": "#0"},
				"south": {"uv": [9.5, 5.125, 12.75, 6.5], "texture": "#0"},
				"west": {"uv": [7.75, 12, 8, 13.375], "texture": "#0"},
				"up": {"uv": [14, 3.25, 10.75, 3], "texture": "#0"},
				"down": {"uv": [14, 3.25, 10.75, 3.5], "texture": "#0"}
			}
		},
		{
			"from": [21, -16, -4],
			"to": [23, 5, 20],
			"rotation": {"angle": 0, "axis": "y", "origin": [0, -16, 0]},
			"faces": {
				"north": {"uv": [0.75, 11.5, 1, 14.125], "texture": "#0"},
				"east": {"uv": [6.5, 4.25, 9.5, 6.875], "texture": "#0"},
				"south": {"uv": [1, 11.5, 1.25, 14.125], "texture": "#0"},
				"west": {"uv": [6.5, 6.875, 9.5, 9.5], "texture": "#0"},
				"up": {"uv": [11.5, 13.75, 11.25, 10.75], "texture": "#0"},
				"down": {"uv": [0.25, 11.5, 0, 14.5], "texture": "#0"}
			}
		},
		{
			"from": [-7, -16, -4],
			"to": [-5, 5, 20],
			"rotation": {"angle": 0, "axis": "y", "origin": [16, -16, 0]},
			"faces": {
				"north": {"uv": [1, 11.5, 0.75, 14.125], "texture": "#0"},
				"east": {"uv": [9.5, 6.875, 6.5, 9.5], "texture": "#0"},
				"south": {"uv": [1.25, 11.5, 1, 14.125], "texture": "#0"},
				"west": {"uv": [9.5, 4.25, 6.5, 6.875], "texture": "#0"},
				"up": {"uv": [11.25, 13.75, 11.5, 10.75], "texture": "#0"},
				"down": {"uv": [0, 11.5, 0.25, 14.5], "texture": "#0"}
			}
		},
		{
			"from": [-6.99, 4.76, 19.26],
			"to": [-5.01, 24.74, 21.24],
			"rotation": {"angle": 7.5, "axis": "x", "origin": [-6, 14.75, 20.25]},
			"faces": {
				"north": {"uv": [11.25, 11.5, 11, 14], "texture": "#0"},
				"east": {"uv": [12, 9, 11.75, 11.5], "texture": "#0"},
				"south": {"uv": [12, 6.5, 11.75, 9], "texture": "#0"},
				"west": {"uv": [11.75, 11.5, 11.5, 14], "texture": "#0"},
				"up": {"uv": [12, 10.375, 12.25, 10.125], "texture": "#0"},
				"down": {"uv": [10.25, 12, 10.5, 12.25], "texture": "#0"}
			}
		},
		{
			"from": [21.01, -15.165, -9.99],
			"to": [22.99, 4.815, -4.01],
			"rotation": {"angle": 15, "axis": "x", "origin": [0, -16.175, -6]},
			"faces": {
				"north": {"uv": [2, 11.5, 2.25, 14], "texture": "#0"},
				"east": {"uv": [5, 9.875, 5.75, 12.375], "texture": "#0"},
				"south": {"uv": [2.25, 11.5, 2.5, 14], "texture": "#0"},
				"west": {"uv": [10.5, 9, 11.25, 11.5], "texture": "#0"},
				"up": {"uv": [12.25, 9.125, 12, 8.375], "texture": "#0"},
				"down": {"uv": [8.75, 12, 8.5, 12.75], "texture": "#0"}
			}
		},
		{
			"from": [-6.99, -15.165, -9.99],
			"to": [-5.01, 4.815, -4.01],
			"rotation": {"angle": 15, "axis": "x", "origin": [16, -16.175, -6]},
			"faces": {
				"north": {"uv": [11, 6.5, 11.25, 9], "texture": "#0"},
				"east": {"uv": [3.5, 9.875, 4.25, 12.375], "texture": "#0"},
				"south": {"uv": [1.75, 11.5, 2, 14], "texture": "#0"},
				"west": {"uv": [4.25, 9.875, 5, 12.375], "texture": "#0"},
				"up": {"uv": [8.25, 12.75, 8, 12], "texture": "#0"},
				"down": {"uv": [8.5, 12, 8.25, 12.75], "texture": "#0"}
			}
		},
		{
			"from": [-7, 3.2, -10.2],
			"to": [-5, 5.2, -6.2],
			"rotation": {"angle": 5, "axis": "x", "origin": [-28, -15.8, -6.2]},
			"faces": {
				"north": {"uv": [9.25, 12, 9.5, 12.25], "texture": "#0"},
				"east": {"uv": [6, 9.125, 6.5, 9.375], "texture": "#0"},
				"south": {"uv": [9.5, 12, 9.75, 12.25], "texture": "#0"},
				"west": {"uv": [9.5, 9, 10, 9.25], "texture": "#0"},
				"up": {"uv": [9.5, 4.25, 9.25, 3.75], "texture": "#0"},
				"down": {"uv": [10.25, 9, 10, 9.5], "texture": "#0"}
			}
		},
		{
			"from": [21, 3.2, -10.2],
			"to": [23, 5.2, -6.2],
			"rotation": {"angle": 5, "axis": "x", "origin": [44, -15.8, -6.2]},
			"faces": {
				"north": {"uv": [12, 9.625, 12.25, 9.875], "texture": "#0"},
				"east": {"uv": [9.5, 9.25, 10, 9.5], "texture": "#0"},
				"south": {"uv": [9.75, 12, 10, 12.25], "texture": "#0"},
				"west": {"uv": [8.75, 12, 9.25, 12.25], "texture": "#0"},
				"up": {"uv": [10.5, 9.5, 10.25, 9], "texture": "#0"},
				"down": {"uv": [12.25, 9.125, 12, 9.625], "texture": "#0"}
			}
		}
	],
	"display": {
		"thirdperson_righthand": {
			"rotation": [75, 45, 0],
			"translation": [0, 4, 3.25],
			"scale": [0.22, 0.22, 0.22]
		},
		"thirdperson_lefthand": {
			"rotation": [75, 45, 0],
			"translation": [0, 4, 3.25],
			"scale": [0.22, 0.22, 0.22]
		},
		"firstperson_righthand": {
			"rotation": [0, 45, 0],
			"translation": [0, 2.75, 0],
			"scale": [0.26, 0.26, 0.26]
		},
		"firstperson_lefthand": {
			"rotation": [0, 45, 0],
			"translation": [0, 2.75, 0],
			"scale": [0.26, 0.26, 0.26]
		},
		"ground": {
			"translation": [0, 5.25, 0],
			"scale": [0.25, 0.25, 0.25]
		},
		"gui": {
			"rotation": [30, -135, 0],
			"translation": [0, -0.25, 0],
			"scale": [0.25, 0.25, 0.25]
		},
		"head": {
			"translation": [0, 16, 0],
			"scale": [0.43, 0.43, 0.43]
		},
		"fixed": {
			"rotation": [-90, 0, 0],
			"translation": [0, 0, -11],
			"scale": [0.5, 0.5, 0.5]
		}
	}
}