{
	"format_version": "1.21.6",
	"credit": "Made with Blockbench",
	"textures": {
		"0": "hazbin:item/baguette",
		"particle": "hazbin:item/baguette"
	},
	"elements": [
		{
			"from": [0, 0, 6],
			"to": [16, 2, 10],
			"rotation": {"angle": 0, "axis": "y", "origin": [-8, 0, 6]},
			"faces": {
				"north": {"uv": [0, 8, 16, 10], "texture": "#0"},
				"east": {"uv": [0, 12, 4, 14], "texture": "#0"},
				"south": {"uv": [0, 10, 16, 12], "texture": "#0"},
				"west": {"uv": [4, 12, 8, 14], "texture": "#0"},
				"up": {"uv": [16, 4, 0, 0], "texture": "#0"},
				"down": {"uv": [16, 4, 0, 8], "texture": "#0"}
			}
		}
	],
	"display": {
		"thirdperson_righthand": {
			"rotation": [0, 0, -90],
			"translation": [7, 3.75, 0]
		},
		"thirdperson_lefthand": {
			"rotation": [0, 0, -90],
			"translation": [7, 3.75, 0]
		},
		"firstperson_righthand": {
			"rotation": [0, 0, -90],
			"translation": [7, 3.75, 0]
		},
		"firstperson_lefthand": {
			"rotation": [0, 0, -90],
			"translation": [7, 3.75, 0]
		},
		"ground": {
			"translation": [0, 5.75, 0]
		},
		"gui": {
			"rotation": [30, -135, 0],
			"translation": [0, 5.25, 0],
			"scale": [1.08, 1.08, 1.08]
		},
		"head": {
			"rotation": [34.95, 82.86, -50.35],
			"translation": [1, 6, -6],
			"scale": [1.6, 1.6, 1.6]
		},
		"fixed": {
			"rotation": [-90, 0, 0],
			"translation": [0, 0, -8]
		},
		"on_shelf": {
			"rotation": [0, -90, -90],
			"translation": [0, 0, 11],
			"scale": [1.75, 1.75, 1.75]
		}
	}
}