{
	"format_version": "1.21.6",
	"credit": "Made with Blockbench",
	"texture_size": [64, 64],
	"textures": {
		"0": "hazbin:item/bazooka",
		"particle": "hazbin:item/bazooka"
	},
	"elements": [
		{
			"from": [5, 0, -7],
			"to": [11, 6, 15],
			"rotation": {"angle": 0, "axis": "y", "origin": [0, -1, -3]},
			"faces": {
				"north": {"uv": [4.75, 3, 6.25, 4.5], "texture": "#0"},
				"east": {"uv": [0, 0, 5.5, 1.5], "texture": "#0"},
				"south": {"uv": [4.75, 4.5, 6.25, 6], "texture": "#0"},
				"west": {"uv": [0, 1.5, 5.5, 3], "texture": "#0"},
				"up": {"uv": [1.5, 8.5, 0, 3], "texture": "#0"},
				"down": {"uv": [3, 3, 1.5, 8.5], "texture": "#0"}
			}
		},
		{
			"from": [8, -2, -4.5],
			"to": [8, 0, -1.5],
			"rotation": {"angle": 0, "axis": "y", "origin": [0, -2, -3.5]},
			"faces": {
				"north": {"uv": [0, 0, 0, 0.5], "texture": "#0"},
				"east": {"uv": [5.5, 2.5, 6.25, 3], "texture": "#0"},
				"south": {"uv": [0, 0, 0, 0.5], "texture": "#0"},
				"west": {"uv": [6.25, 5.5, 7, 6], "texture": "#0"},
				"up": {"uv": [0, 0.75, 0, 0], "texture": "#0"},
				"down": {"uv": [0, 0, 0, 0.75], "texture": "#0"}
			}
		},
		{
			"from": [7, -6, -2],
			"to": [9, 0, 0],
			"rotation": {"angle": -10, "axis": "x", "origin": [8, 0, -2]},
			"faces": {
				"north": {"uv": [6.25, 0, 6.75, 1.5], "texture": "#0"},
				"east": {"uv": [6.25, 2.5, 6.75, 4], "texture": "#0"},
				"south": {"uv": [6.25, 4, 6.75, 5.5], "texture": "#0"},
				"west": {"uv": [3, 6.5, 3.5, 8], "texture": "#0"},
				"up": {"uv": [7.25, 4.5, 6.75, 4], "texture": "#0"},
				"down": {"uv": [7.25, 4.5, 6.75, 5], "texture": "#0"}
			}
		},
		{
			"from": [7, -6, 9],
			"to": [9, 0, 11],
			"rotation": {"angle": 0, "axis": "x", "origin": [8, 0, 9]},
			"faces": {
				"north": {"uv": [3.5, 6.5, 4, 8], "texture": "#0"},
				"east": {"uv": [4, 6.5, 4.5, 8], "texture": "#0"},
				"south": {"uv": [6.75, 0, 7.25, 1.5], "texture": "#0"},
				"west": {"uv": [6.75, 2.5, 7.25, 4], "texture": "#0"},
				"up": {"uv": [7.25, 5.5, 6.75, 5], "texture": "#0"},
				"down": {"uv": [6, 6.75, 5.5, 7.25], "texture": "#0"}
			}
		},
		{
			"from": [4.5, -0.5, -10],
			"to": [11.5, 6.5, -7],
			"rotation": {"angle": 0, "axis": "y", "origin": [0, 0, -3]},
			"faces": {
				"north": {"uv": [3, 3, 4.75, 4.75], "texture": "#0"},
				"east": {"uv": [5.5, 0, 6.25, 1.75], "texture": "#0"},
				"south": {"uv": [3, 4.75, 4.75, 6.5], "texture": "#0"},
				"west": {"uv": [4.75, 6, 5.5, 7.75], "texture": "#0"},
				"up": {"uv": [7.25, 2.5, 5.5, 1.75], "texture": "#0"},
				"down": {"uv": [7.25, 6, 5.5, 6.75], "texture": "#0"}
			}
		}
	],
	"display": {
		"thirdperson_righthand": {
			"translation": [0, 8.25, 10.5]
		},
		"thirdperson_lefthand": {
			"translation": [0, 8.25, 10.5]
		},
		"firstperson_righthand": {
			"rotation": [0, 11, 0],
			"translation": [0.75, 9.25, 3.25],
			"scale": [0.85, 0.85, 0.85]
		},
		"firstperson_lefthand": {
			"rotation": [0, 11, 0],
			"translation": [0.75, 9.25, 3.25],
			"scale": [0.85, 0.85, 0.85]
		},
		"ground": {
			"rotation": [0, 0, 90],
			"translation": [-4, 1.25, 4.5],
			"scale": [0.75, 0.75, 0.75]
		},
		"gui": {
			"rotation": [30, 135, 0],
			"translation": [2.75, 4.75, 0],
			"scale": [0.69, 0.69, 0.69]
		},
		"head": {
			"translation": [0, 12.5, 6.25],
			"scale": [2.46, 2.46, 2.46]
		},
		"fixed": {
			"rotation": [0, -90, 0],
			"translation": [-5.5, 6, 0]
		},
		"on_shelf": {
			"rotation": [90, 0, -90],
			"translation": [9, 1.5, 0],
			"scale": [1.16, 1.16, 1.16]
		}
	}
}