{
	"credit": "Made with Blockbench",
	"texture_size": [64, 64],
	"textures": {
		"0": "hazbin:item/bee_hair",
		"particle": "hazbin:item/bee_hair"
	},
	"elements": [
		{
			"from": [4, 7, 4],
			"to": [12, 1, 12],
			"faces": {
				"north": {"uv": [5, 4, 7, 5.5], "texture": "#0"},
				"east": {"uv": [5, 5.5, 7, 7], "texture": "#0"},
				"south": {"uv": [0, 6.25, 2, 7.75], "texture": "#0"},
				"west": {"uv": [2, 6.25, 4, 7.75], "texture": "#0"},
				"up": {"uv": [7, 2, 5, 0], "texture": "#0"},
				"down": {"uv": [7, 2, 5, 4], "texture": "#0"}
			}
		},
		{
			"from": [5, 6, 5],
			"to": [11, 0, 11],
			"faces": {
				"north": {"uv": [7, 3, 8.5, 4.5], "texture": "#0"},
				"east": {"uv": [4, 7, 5.5, 8.5], "texture": "#0"},
				"south": {"uv": [7, 4.5, 8.5, 6], "texture": "#0"},
				"west": {"uv": [5.5, 7, 7, 8.5], "texture": "#0"},
				"up": {"uv": [8.5, 7.5, 7, 6], "texture": "#0"},
				"down": {"uv": [8.5, 7.5, 7, 9], "texture": "#0"}
			}
		},
		{
			"from": [6.5, 5, 7],
			"to": [9.5, 1, 9],
			"faces": {
				"north": {"uv": [3, 8.5, 3.75, 9.5], "texture": "#0"},
				"east": {"uv": [9.25, 3.75, 9.75, 4.75], "texture": "#0"},
				"south": {"uv": [8.5, 3, 9.25, 4], "texture": "#0"},
				"west": {"uv": [4.5, 9.25, 5, 10.25], "texture": "#0"},
				"up": {"uv": [10, 5.25, 9.25, 4.75], "texture": "#0"},
				"down": {"uv": [5.75, 9.25, 5, 9.75], "texture": "#0"}
			}
		},
		{
			"from": [7.5, 2, 7.5],
			"to": [8.5, 4, 8.5],
			"faces": {
				"north": {"uv": [4.75, 6.25, 5, 6.75], "texture": "#0"},
				"east": {"uv": [3.5, 7.75, 3.75, 8.25], "texture": "#0"},
				"south": {"uv": [3.75, 7.75, 4, 8.25], "texture": "#0"},
				"west": {"uv": [6.75, 8.5, 7, 9], "texture": "#0"},
				"up": {"uv": [5, 7, 4.75, 6.75], "texture": "#0"},
				"down": {"uv": [3.75, 8.25, 3.5, 8.5], "texture": "#0"}
			}
		},
		{
			"from": [8, 8, 3],
			"to": [15, 5, 9],
			"faces": {
				"north": {"uv": [0, 7.75, 1.75, 8.5], "texture": "#0"},
				"east": {"uv": [0, 8.5, 1.5, 9.25], "texture": "#0"},
				"south": {"uv": [1.75, 7.75, 3.5, 8.5], "texture": "#0"},
				"west": {"uv": [1.5, 8.5, 3, 9.25], "texture": "#0"},
				"up": {"uv": [8.75, 1.5, 7, 0], "texture": "#0"},
				"down": {"uv": [8.75, 1.5, 7, 3], "texture": "#0"}
			}
		},
		{
			"from": [6, 9, 6],
			"to": [9, 6, 9],
			"faces": {
				"north": {"uv": [4, 6.25, 4.75, 7], "texture": "#0"},
				"east": {"uv": [3.75, 8.5, 4.5, 9.25], "texture": "#0"},
				"south": {"uv": [8.5, 4, 9.25, 4.75], "texture": "#0"},
				"west": {"uv": [4.5, 8.5, 5.25, 9.25], "texture": "#0"},
				"up": {"uv": [9.25, 5.5, 8.5, 4.75], "texture": "#0"},
				"down": {"uv": [6, 8.5, 5.25, 9.25], "texture": "#0"}
			}
		},
		{
			"from": [14, 9, 2],
			"to": [17, 6, 5],
			"faces": {
				"north": {"uv": [8.5, 5.5, 9.25, 6.25], "texture": "#0"},
				"east": {"uv": [6, 8.5, 6.75, 9.25], "texture": "#0"},
				"south": {"uv": [8.5, 6.25, 9.25, 7], "texture": "#0"},
				"west": {"uv": [8.5, 7, 9.25, 7.75], "texture": "#0"},
				"up": {"uv": [9.25, 8.5, 8.5, 7.75], "texture": "#0"},
				"down": {"uv": [9.25, 8.5, 8.5, 9.25], "texture": "#0"}
			}
		},
		{
			"from": [10, 6, 3.5],
			"to": [13, 3, 6.5],
			"faces": {
				"north": {"uv": [8.75, 0, 9.5, 0.75], "texture": "#0"},
				"east": {"uv": [8.75, 0.75, 9.5, 1.5], "texture": "#0"},
				"south": {"uv": [8.75, 1.5, 9.5, 2.25], "texture": "#0"},
				"west": {"uv": [8.75, 2.25, 9.5, 3], "texture": "#0"},
				"up": {"uv": [7.5, 9.75, 6.75, 9], "texture": "#0"},
				"down": {"uv": [8.25, 9, 7.5, 9.75], "texture": "#0"}
			}
		},
		{
			"from": [17, 9, 3.5],
			"to": [20, 6, 6.5],
			"faces": {
				"north": {"uv": [0, 9.25, 0.75, 10], "texture": "#0"},
				"east": {"uv": [0.75, 9.25, 1.5, 10], "texture": "#0"},
				"south": {"uv": [1.5, 9.25, 2.25, 10], "texture": "#0"},
				"west": {"uv": [2.25, 9.25, 3, 10], "texture": "#0"},
				"up": {"uv": [10, 3.75, 9.25, 3], "texture": "#0"},
				"down": {"uv": [4.5, 9.25, 3.75, 10], "texture": "#0"}
			}
		},
		{
			"from": [1.25, -4, 8],
			"to": [6.25, 21, 8],
			"rotation": {"angle": 22.5, "axis": "z", "origin": [0, 0, 0]},
			"faces": {
				"north": {"uv": [0, 0, 1.25, 6.25], "texture": "#0"},
				"east": {"uv": [0, 0, 0, 6.25], "texture": "#0"},
				"south": {"uv": [1.25, 0, 2.5, 6.25], "texture": "#0"},
				"west": {"uv": [0, 0, 0, 6.25], "texture": "#0"},
				"up": {"uv": [1.25, 0, 0, 0], "texture": "#0"},
				"down": {"uv": [1.25, 0, 0, 0], "texture": "#0"}
			}
		},
		{
			"from": [9.75, -4, 8],
			"to": [14.75, 21, 8],
			"rotation": {"angle": -22.5, "axis": "z", "origin": [16, 0, 0]},
			"faces": {
				"north": {"uv": [1.25, 0, 0, 6.25], "texture": "#0"},
				"east": {"uv": [0, 0, 0, 6.25], "texture": "#0"},
				"south": {"uv": [2.5, 0, 1.25, 6.25], "texture": "#0"},
				"west": {"uv": [0, 0, 0, 6.25], "texture": "#0"},
				"up": {"uv": [0, 0, 1.25, 0], "texture": "#0"},
				"down": {"uv": [0, 0, 1.25, 0], "texture": "#0"}
			}
		}
	],
	"display": {
		"thirdperson_righthand": {
			"translation": [0, 5.75, 3],
			"scale": [0.75, 0.75, 0.75]
		},
		"thirdperson_lefthand": {
			"translation": [0, 5.75, 3],
			"scale": [0.75, 0.75, 0.75]
		},
		"firstperson_righthand": {
			"translation": [0, 5.5, 0]
		},
		"firstperson_lefthand": {
			"translation": [0, 5.5, 0]
		},
		"ground": {
			"translation": [0, 8, 0]
		},
		"gui": {
			"rotation": [-17, 172, -1],
			"translation": [0.25, -1.75, 1.25],
			"scale": [0.67, 0.67, 0.67]
		},
		"head": {
			"translation": [0, 19.25, 0],
			"scale": [1.6, 1.6, 1.6]
		},
		"fixed": {
			"translation": [0, 0, -3.25]
		}
	}
}