{
	"credit": "Made with Blockbench",
	"texture_size": [32, 32],
	"textures": {
		"0": "hazbin:item/beelzejuice",
		"particle": "hazbin:item/beelzejuice"
	},
	"elements": [
		{
			"from": [6, 0, 6],
			"to": [10, 1, 10],
			"faces": {
				"north": {"uv": [7.5, 2.5, 9.5, 3], "texture": "#0"},
				"east": {"uv": [7.5, 3, 9.5, 3.5], "texture": "#0"},
				"south": {"uv": [7.5, 3.5, 9.5, 4], "texture": "#0"},
				"west": {"uv": [7.5, 4, 9.5, 4.5], "texture": "#0"},
				"up": {"uv": [2, 2, 0, 0], "texture": "#0"},
				"down": {"uv": [2, 2, 0, 4], "texture": "#0"}
			}
		},
		{
			"from": [5.5, 0.5, 9.5],
			"to": [10.5, 1.5, 10.5],
			"faces": {
				"north": {"uv": [5, 2, 7.5, 2.5], "texture": "#0"},
				"east": {"uv": [7, 9.5, 7.5, 10], "texture": "#0"},
				"south": {"uv": [5, 2.5, 7.5, 3], "texture": "#0"},
				"west": {"uv": [9.5, 7, 10, 7.5], "texture": "#0"},
				"up": {"uv": [7.5, 3.5, 5, 3], "texture": "#0"},
				"down": {"uv": [7.5, 3.5, 5, 4], "texture": "#0"}
			}
		},
		{
			"from": [5.5, 0.5, 5.5],
			"to": [10.5, 1.5, 6.5],
			"faces": {
				"north": {"uv": [5, 4, 7.5, 4.5], "texture": "#0"},
				"east": {"uv": [9.5, 7.5, 10, 8], "texture": "#0"},
				"south": {"uv": [5, 4.5, 7.5, 5], "texture": "#0"},
				"west": {"uv": [8, 9.5, 8.5, 10], "texture": "#0"},
				"up": {"uv": [7.5, 5.5, 5, 5], "texture": "#0"},
				"down": {"uv": [7.5, 5.5, 5, 6], "texture": "#0"}
			}
		},
		{
			"from": [5.5, 0.5, 6.5],
			"to": [6.5, 1.5, 9.5],
			"faces": {
				"north": {"uv": [8.5, 9.5, 9, 10], "texture": "#0"},
				"east": {"uv": [8, 4.5, 9.5, 5], "texture": "#0"},
				"south": {"uv": [9.5, 8.5, 10, 9], "texture": "#0"},
				"west": {"uv": [8, 5, 9.5, 5.5], "texture": "#0"},
				"up": {"uv": [5, 9.5, 4.5, 8], "texture": "#0"},
				"down": {"uv": [8.5, 5.5, 8, 7], "texture": "#0"}
			}
		},
		{
			"from": [9.5, 0.5, 6.5],
			"to": [10.5, 1.5, 9.5],
			"faces": {
				"north": {"uv": [9.5, 9, 10, 9.5], "texture": "#0"},
				"east": {"uv": [8, 7, 9.5, 7.5], "texture": "#0"},
				"south": {"uv": [9.5, 9.5, 10, 10], "texture": "#0"},
				"west": {"uv": [8, 7.5, 9.5, 8], "texture": "#0"},
				"up": {"uv": [8.5, 9.5, 8, 8], "texture": "#0"},
				"down": {"uv": [9, 0, 8.5, 1.5], "texture": "#0"}
			}
		},
		{
			"from": [5.5, 2, 9.5],
			"to": [10.5, 3, 10.5],
			"faces": {
				"north": {"uv": [0, 6, 2.5, 6.5], "texture": "#0"},
				"east": {"uv": [0, 10, 0.5, 10.5], "texture": "#0"},
				"south": {"uv": [6, 0, 8.5, 0.5], "texture": "#0"},
				"west": {"uv": [10, 0, 10.5, 0.5], "texture": "#0"},
				"up": {"uv": [8.5, 1, 6, 0.5], "texture": "#0"},
				"down": {"uv": [8.5, 1, 6, 1.5], "texture": "#0"}
			}
		},
		{
			"from": [5.5, 2, 5.5],
			"to": [10.5, 3, 6.5],
			"faces": {
				"north": {"uv": [6, 1.5, 8.5, 2], "texture": "#0"},
				"east": {"uv": [0.5, 10, 1, 10.5], "texture": "#0"},
				"south": {"uv": [2.5, 6, 5, 6.5], "texture": "#0"},
				"west": {"uv": [10, 0.5, 10.5, 1], "texture": "#0"},
				"up": {"uv": [7.5, 6.5, 5, 6], "texture": "#0"},
				"down": {"uv": [2.5, 6.5, 0, 7], "texture": "#0"}
			}
		},
		{
			"from": [5.5, 2, 6.5],
			"to": [6.5, 3, 9.5],
			"faces": {
				"north": {"uv": [1, 10, 1.5, 10.5], "texture": "#0"},
				"east": {"uv": [8.5, 1.5, 10, 2], "texture": "#0"},
				"south": {"uv": [10, 1, 10.5, 1.5], "texture": "#0"},
				"west": {"uv": [8.5, 5.5, 10, 6], "texture": "#0"},
				"up": {"uv": [8, 10, 7.5, 8.5], "texture": "#0"},
				"down": {"uv": [9, 8, 8.5, 9.5], "texture": "#0"}
			}
		},
		{
			"from": [9.5, 2, 6.5],
			"to": [10.5, 3, 9.5],
			"faces": {
				"north": {"uv": [1.5, 10, 2, 10.5], "texture": "#0"},
				"east": {"uv": [8.5, 6, 10, 6.5], "texture": "#0"},
				"south": {"uv": [10, 1.5, 10.5, 2], "texture": "#0"},
				"west": {"uv": [8.5, 6.5, 10, 7], "texture": "#0"},
				"up": {"uv": [9.5, 1.5, 9, 0], "texture": "#0"},
				"down": {"uv": [3, 9, 2.5, 10.5], "texture": "#0"}
			}
		},
		{
			"from": [5.5, 3.5, 9.5],
			"to": [10.5, 4.5, 10.5],
			"faces": {
				"north": {"uv": [2.5, 6.5, 5, 7], "texture": "#0"},
				"east": {"uv": [2, 10, 2.5, 10.5], "texture": "#0"},
				"south": {"uv": [5, 6.5, 7.5, 7], "texture": "#0"},
				"west": {"uv": [10, 2, 10.5, 2.5], "texture": "#0"},
				"up": {"uv": [2.5, 7.5, 0, 7], "texture": "#0"},
				"down": {"uv": [5, 7, 2.5, 7.5], "texture": "#0"}
			}
		},
		{
			"from": [5.5, 3.5, 5.5],
			"to": [10.5, 4.5, 6.5],
			"faces": {
				"north": {"uv": [5, 7, 7.5, 7.5], "texture": "#0"},
				"east": {"uv": [3, 10, 3.5, 10.5], "texture": "#0"},
				"south": {"uv": [0, 7.5, 2.5, 8], "texture": "#0"},
				"west": {"uv": [10, 3, 10.5, 3.5], "texture": "#0"},
				"up": {"uv": [10, 2.5, 7.5, 2], "texture": "#0"},
				"down": {"uv": [5, 7.5, 2.5, 8], "texture": "#0"}
			}
		},
		{
			"from": [5.5, 3.5, 6.5],
			"to": [6.5, 4.5, 9.5],
			"faces": {
				"north": {"uv": [3.5, 10, 4, 10.5], "texture": "#0"},
				"east": {"uv": [3, 9, 4.5, 9.5], "texture": "#0"},
				"south": {"uv": [10, 3.5, 10.5, 4], "texture": "#0"},
				"west": {"uv": [9, 8, 10.5, 8.5], "texture": "#0"},
				"up": {"uv": [9.5, 10, 9, 8.5], "texture": "#0"},
				"down": {"uv": [10, 0, 9.5, 1.5], "texture": "#0"}
			}
		},
		{
			"from": [9.5, 3.5, 6.5],
			"to": [10.5, 4.5, 9.5],
			"faces": {
				"north": {"uv": [4, 10, 4.5, 10.5], "texture": "#0"},
				"east": {"uv": [9.5, 2.5, 11, 3], "texture": "#0"},
				"south": {"uv": [10, 4, 10.5, 4.5], "texture": "#0"},
				"west": {"uv": [3, 9.5, 4.5, 10], "texture": "#0"},
				"up": {"uv": [10, 4.5, 9.5, 3], "texture": "#0"},
				"down": {"uv": [5, 9.5, 4.5, 11], "texture": "#0"}
			}
		},
		{
			"from": [9, 1, 6],
			"to": [10, 5, 10],
			"faces": {
				"north": {"uv": [7.5, 4.5, 8, 6.5], "texture": "#0"},
				"east": {"uv": [2, 0, 4, 2], "texture": "#0"},
				"south": {"uv": [5, 7.5, 5.5, 9.5], "texture": "#0"},
				"west": {"uv": [2, 2, 4, 4], "texture": "#0"},
				"up": {"uv": [6, 9.5, 5.5, 7.5], "texture": "#0"},
				"down": {"uv": [6.5, 7.5, 6, 9.5], "texture": "#0"}
			}
		},
		{
			"from": [6, 1, 6],
			"to": [7, 5, 10],
			"faces": {
				"north": {"uv": [6.5, 7.5, 7, 9.5], "texture": "#0"},
				"east": {"uv": [0, 4, 2, 6], "texture": "#0"},
				"south": {"uv": [7.5, 6.5, 8, 8.5], "texture": "#0"},
				"west": {"uv": [4, 0, 6, 2], "texture": "#0"},
				"up": {"uv": [7.5, 9.5, 7, 7.5], "texture": "#0"},
				"down": {"uv": [0.5, 8, 0, 10], "texture": "#0"}
			}
		},
		{
			"from": [7, 1, 6],
			"to": [9, 5, 7],
			"faces": {
				"north": {"uv": [2, 4, 3, 6], "texture": "#0"},
				"east": {"uv": [0.5, 8, 1, 10], "texture": "#0"},
				"south": {"uv": [4, 2, 5, 4], "texture": "#0"},
				"west": {"uv": [1, 8, 1.5, 10], "texture": "#0"},
				"up": {"uv": [10.5, 5, 9.5, 4.5], "texture": "#0"},
				"down": {"uv": [6, 9.5, 5, 10], "texture": "#0"}
			}
		},
		{
			"from": [7, 1, 9],
			"to": [9, 5, 10],
			"faces": {
				"north": {"uv": [3, 4, 4, 6], "texture": "#0"},
				"east": {"uv": [1.5, 8, 2, 10], "texture": "#0"},
				"south": {"uv": [4, 4, 5, 6], "texture": "#0"},
				"west": {"uv": [2, 8, 2.5, 10], "texture": "#0"},
				"up": {"uv": [10.5, 5.5, 9.5, 5], "texture": "#0"},
				"down": {"uv": [7, 9.5, 6, 10], "texture": "#0"}
			}
		},
		{
			"from": [7, 4.5, 7],
			"to": [9, 4.5, 9],
			"faces": {
				"north": {"uv": [0, 0, 1, 0], "texture": "#0"},
				"east": {"uv": [0, 0, 1, 0], "texture": "#0"},
				"south": {"uv": [0, 0, 1, 0], "texture": "#0"},
				"west": {"uv": [0, 0, 1, 0], "texture": "#0"},
				"up": {"uv": [3.5, 9, 2.5, 8], "texture": "#0"},
				"down": {"uv": [4.5, 8, 3.5, 9], "texture": "#0"}
			}
		}
	],
	"display": {
		"thirdperson_righthand": {
			"translation": [0, 8, 2]
		},
		"thirdperson_lefthand": {
			"translation": [0, 8, 2]
		},
		"firstperson_righthand": {
			"translation": [0, 4.75, 0]
		},
		"firstperson_lefthand": {
			"translation": [0, 4.75, 0]
		},
		"ground": {
			"translation": [0, 4.75, 0]
		},
		"gui": {
			"rotation": [26, 31, 0],
			"translation": [0, 7.25, 0],
			"scale": [1.5, 1.5, 1.5]
		},
		"head": {
			"translation": [0, 18.25, 0],
			"scale": [3.36, 3.36, 3.36]
		},
		"fixed": {
			"rotation": [-90, 0, 0],
			"translation": [0, 0, -16],
			"scale": [2, 2, 2]
		}
	},
	"groups": [
		0,
		{
			"name": "group",
			"origin": [0, 0, 0],
			"color": 0,
			"children": [1, 2, 3, 4]
		},
		{
			"name": "group",
			"origin": [0, 0, 0],
			"color": 0,
			"children": [5, 6, 7, 8]
		},
		{
			"name": "group",
			"origin": [0, 0, 0],
			"color": 0,
			"children": [9, 10, 11, 12]
		},
		13,
		14,
		15,
		16,
		17
	]
}