{
	"format_version": "1.21.6",
	"credit": "Made with Blockbench",
	"textures": {
		"0": "hazbin:item/blitz_flintlock",
		"particle": "hazbin:item/blitz_flintlock"
	},
	"elements": [
		{
			"from": [7.5, 6, 0],
			"to": [8.5, 7, 1],
			"rotation": {"angle": 0, "axis": "y", "origin": [7.5, 6, 0]},
			"faces": {
				"north": {"uv": [11, 8, 12, 9], "texture": "#0"},
				"east": {"uv": [11, 9, 12, 10], "texture": "#0"},
				"south": {"uv": [12, 6, 13, 7], "texture": "#0"},
				"west": {"uv": [12, 7, 13, 8], "texture": "#0"},
				"up": {"uv": [9, 13, 8, 12], "texture": "#0"},
				"down": {"uv": [13, 8, 12, 9], "texture": "#0"}
			}
		},
		{
			"from": [7, 5, 1],
			"to": [9, 7, 12],
			"rotation": {"angle": 0, "axis": "y", "origin": [7, 6, 0]},
			"faces": {
				"north": {"uv": [10, 6, 12, 8], "texture": "#0"},
				"east": {"uv": [0, 0, 11, 2], "texture": "#0"},
				"south": {"uv": [8, 10, 10, 12], "texture": "#0"},
				"west": {"uv": [0, 2, 11, 4], "texture": "#0"},
				"up": {"uv": [2, 15, 0, 4], "texture": "#0"},
				"down": {"uv": [4, 4, 2, 15], "texture": "#0"}
			}
		},
		{
			"from": [8, 4, 9],
			"to": [8, 5, 11],
			"rotation": {"angle": 0, "axis": "y", "origin": [8, 6, 0]},
			"faces": {
				"north": {"uv": [0, 0, 0, 1], "texture": "#0"},
				"east": {"uv": [11, 2, 13, 3], "texture": "#0"},
				"south": {"uv": [0, 0, 0, 1], "texture": "#0"},
				"west": {"uv": [11, 3, 13, 4], "texture": "#0"},
				"up": {"uv": [0, 2, 0, 0], "texture": "#0"},
				"down": {"uv": [0, 0, 0, 2], "texture": "#0"}
			}
		},
		{
			"from": [6.5, 5.75, 8.75],
			"to": [7.5, 6.75, 9.75],
			"rotation": {"angle": 0, "axis": "y", "origin": [6.5, 7.75, -0.25]},
			"faces": {
				"north": {"uv": [9, 12, 10, 13], "texture": "#0"},
				"east": {"uv": [12, 9, 13, 10], "texture": "#0"},
				"south": {"uv": [10, 12, 11, 13], "texture": "#0"},
				"west": {"uv": [12, 10, 13, 11], "texture": "#0"},
				"up": {"uv": [12, 13, 11, 12], "texture": "#0"},
				"down": {"uv": [13, 11, 12, 12], "texture": "#0"}
			}
		},
		{
			"from": [6.9, 5.65, 7.85],
			"to": [6.9, 8.65, 9.85],
			"rotation": {"angle": 30, "axis": "x", "origin": [6.9, 6.25, 9.25]},
			"faces": {
				"north": {"uv": [0, 3, 0, 0], "rotation": 180, "texture": "#0"},
				"east": {"uv": [8, 8, 11, 10], "rotation": 90, "texture": "#0"},
				"south": {"uv": [0, 0, 0, 3], "texture": "#0"},
				"west": {"uv": [10, 4, 13, 6], "rotation": 270, "texture": "#0"},
				"up": {"uv": [0, 0, 0, 2], "texture": "#0"},
				"down": {"uv": [0, 0, 0, 2], "rotation": 180, "texture": "#0"}
			}
		},
		{
			"from": [7.001, 5.001, 12.001],
			"to": [8.999, 6.999, 17.999],
			"rotation": {"angle": 40, "axis": "x", "origin": [7, 7, 12]},
			"faces": {
				"north": {"uv": [10, 10, 12, 12], "texture": "#0"},
				"east": {"uv": [4, 4, 10, 6], "texture": "#0"},
				"south": {"uv": [11, 0, 13, 2], "texture": "#0"},
				"west": {"uv": [4, 6, 10, 8], "texture": "#0"},
				"up": {"uv": [6, 14, 4, 8], "texture": "#0"},
				"down": {"uv": [8, 8, 6, 14], "texture": "#0"}
			}
		}
	],
	"display": {
		"thirdperson_righthand": {
			"translation": [0, 3.25, -3]
		},
		"thirdperson_lefthand": {
			"translation": [0, 3.25, -3]
		},
		"firstperson_righthand": {
			"translation": [0, 4.75, 0]
		},
		"firstperson_lefthand": {
			"translation": [0, 4.75, 0]
		},
		"ground": {
			"rotation": [0, 0, -90],
			"translation": [2, -2.25, 0]
		},
		"gui": {
			"rotation": [82, 58, -71],
			"translation": [1.25, 2.75, 0],
			"scale": [1.09, 1.09, 1.09]
		},
		"head": {
			"rotation": [0, -90, 0],
			"translation": [-21, 3.25, 0],
			"scale": [1.6, 1.6, 1.6]
		},
		"fixed": {
			"rotation": [0, -90, 0],
			"translation": [0.25, 3, -0.5],
			"scale": [1.15, 1.15, 1.15]
		},
		"on_shelf": {
			"rotation": [90, 0, -90],
			"translation": [3.75, 8.75, 0],
			"scale": [1.53, 1.53, 1.53]
		}
	}
}