{
	"credit": "Made with Blockbench",
	"texture_size": [256, 256],
	"textures": {
		"1": "hazbin:item/bmw_r75"
	},
	"elements": [
		{
			"from": [5, 15, 11],
			"to": [11, 17, 18],
			"rotation": {"angle": 0, "axis": "y", "origin": [4, 0, 3]},
			"faces": {
				"north": {"uv": [5.9375, 7.0625, 6.3125, 7.1875], "texture": "#1"},
				"east": {"uv": [5.5, 7.0625, 5.9375, 7.1875], "texture": "#1"},
				"south": {"uv": [6.75, 7.0625, 7.125, 7.1875], "texture": "#1"},
				"west": {"uv": [6.3125, 7.0625, 6.75, 7.1875], "texture": "#1"},
				"up": {"uv": [6.3125, 7.0625, 5.9375, 6.625], "texture": "#1"},
				"down": {"uv": [6.6875, 6.625, 6.3125, 7.0625], "texture": "#1"}
			}
		},
		{
			"from": [10, 4.18987, 1.20949],
			"to": [11, 5.18987, 24.20949],
			"rotation": {"angle": 0, "axis": "x", "origin": [14, 8.18987, -3.79051]},
			"faces": {
				"north": {"uv": [1.4375, 3, 1.5, 3.0625], "texture": "#1"},
				"east": {"uv": [0, 3, 1.4375, 3.0625], "texture": "#1"},
				"south": {"uv": [2.9375, 3, 3, 3.0625], "texture": "#1"},
				"west": {"uv": [1.5, 3, 2.9375, 3.0625], "texture": "#1"},
				"up": {"uv": [1.5, 3, 1.4375, 1.5625], "texture": "#1"},
				"down": {"uv": [1.5625, 1.5625, 1.5, 3], "texture": "#1"}
			}
		},
		{
			"from": [5, 4.18987, -0.79051],
			"to": [11, 6.18987, 1.20949],
			"rotation": {"angle": 0, "axis": "x", "origin": [2, 9.18987, -3.79051]},
			"faces": {
				"north": {"uv": [7.25, 1, 7.625, 1.125], "texture": "#1"},
				"east": {"uv": [7.125, 1, 7.25, 1.125], "texture": "#1"},
				"south": {"uv": [7.75, 1, 8.125, 1.125], "texture": "#1"},
				"west": {"uv": [7.625, 1, 7.75, 1.125], "texture": "#1"},
				"up": {"uv": [7.625, 1, 7.25, 0.875], "texture": "#1"},
				"down": {"uv": [8, 0.875, 7.625, 1], "texture": "#1"}
			}
		},
		{
			"from": [10.001, -0.80913, -0.28951],
			"to": [10.999, 13.18887, 0.70849],
			"rotation": {"angle": -22.5, "axis": "x", "origin": [14, 8.18987, -12.04051]},
			"faces": {
				"north": {"uv": [1.9375, 4.625, 2, 5.5], "texture": "#1"},
				"east": {"uv": [1.875, 4.625, 1.9375, 5.5], "texture": "#1"},
				"south": {"uv": [2.0625, 4.625, 2.125, 5.5], "texture": "#1"},
				"west": {"uv": [2, 4.625, 2.0625, 5.5], "texture": "#1"},
				"up": {"uv": [2, 4.625, 1.9375, 4.5625], "texture": "#1"},
				"down": {"uv": [2.0625, 4.5625, 2, 4.625], "texture": "#1"}
			}
		},
		{
			"from": [4, 14.68987, 0.70949],
			"to": [12, 17.68987, 12.70949],
			"rotation": {"angle": 22.5, "axis": "x", "origin": [8, 16.68987, 3.70949]},
			"faces": {
				"north": {"uv": [5, 4.625, 5.5, 4.8125], "texture": "#1"},
				"east": {"uv": [4.25, 4.625, 5, 4.8125], "texture": "#1"},
				"south": {"uv": [6.25, 4.625, 6.75, 4.8125], "texture": "#1"},
				"west": {"uv": [5.5, 4.625, 6.25, 4.8125], "texture": "#1"},
				"up": {"uv": [5.5, 4.625, 5, 3.875], "texture": "#1"},
				"down": {"uv": [6, 3.875, 5.5, 4.625], "texture": "#1"}
			}
		},
		{
			"from": [4, 12.68987, 0.70949],
			"to": [12, 14.68987, 6.70949],
			"rotation": {"angle": 22.5, "axis": "x", "origin": [8, 16.68987, 3.70949]},
			"faces": {
				"north": {"uv": [0.375, 6.8125, 0.875, 6.9375], "texture": "#1"},
				"east": {"uv": [0, 6.8125, 0.375, 6.9375], "texture": "#1"},
				"south": {"uv": [1.25, 6.8125, 1.75, 6.9375], "texture": "#1"},
				"west": {"uv": [0.875, 6.8125, 1.25, 6.9375], "texture": "#1"},
				"up": {"uv": [0.875, 6.8125, 0.375, 6.4375], "texture": "#1"},
				"down": {"uv": [1.375, 6.4375, 0.875, 6.8125], "texture": "#1"}
			}
		},
		{
			"from": [5.5, 17.68987, 2.70949],
			"to": [10.5, 19.68987, 7.70949],
			"rotation": {"angle": 22.5, "axis": "x", "origin": [8, 16.68987, 3.70949]},
			"faces": {
				"north": {"uv": [7.1875, 5.375, 7.5, 5.5], "texture": "#1"},
				"east": {"uv": [6.875, 5.375, 7.1875, 5.5], "texture": "#1"},
				"south": {"uv": [7.8125, 5.375, 8.125, 5.5], "texture": "#1"},
				"west": {"uv": [7.5, 5.375, 7.8125, 5.5], "texture": "#1"},
				"up": {"uv": [7.5, 5.375, 7.1875, 5.0625], "texture": "#1"},
				"down": {"uv": [7.8125, 5.0625, 7.5, 5.375], "texture": "#1"}
			}
		},
		{
			"from": [10.001, -0.80913, 7.96049],
			"to": [10.999, 9.18887, 8.95849],
			"rotation": {"angle": -22.5, "axis": "x", "origin": [14, 8.18987, -3.79051]},
			"faces": {
				"north": {"uv": [1.6875, 4.625, 1.75, 5.25], "texture": "#1"},
				"east": {"uv": [1.625, 4.625, 1.6875, 5.25], "texture": "#1"},
				"south": {"uv": [1.8125, 4.625, 1.875, 5.25], "texture": "#1"},
				"west": {"uv": [1.75, 4.625, 1.8125, 5.25], "texture": "#1"},
				"up": {"uv": [1.75, 4.625, 1.6875, 4.5625], "texture": "#1"},
				"down": {"uv": [1.8125, 4.5625, 1.75, 4.625], "texture": "#1"}
			}
		},
		{
			"from": [10.002, 8.41676, 8.95106],
			"to": [10.998, 13.41276, 9.94706],
			"rotation": {"angle": 45, "axis": "x", "origin": [14, 8.18987, 9.20949]},
			"faces": {
				"north": {"uv": [3.0625, 7.3125, 3.125, 7.625], "texture": "#1"},
				"east": {"uv": [3, 7.3125, 3.0625, 7.625], "texture": "#1"},
				"south": {"uv": [3.1875, 7.3125, 3.25, 7.625], "texture": "#1"},
				"west": {"uv": [3.125, 7.3125, 3.1875, 7.625], "texture": "#1"},
				"up": {"uv": [3.125, 7.3125, 3.0625, 7.25], "texture": "#1"},
				"down": {"uv": [3.1875, 7.25, 3.125, 7.3125], "texture": "#1"}
			}
		},
		{
			"from": [10, 17.18987, 9.95949],
			"to": [11, 18.18987, 21.95949],
			"rotation": {"angle": 22.5, "axis": "x", "origin": [14, 8.18987, -3.79051]},
			"faces": {
				"north": {"uv": [0.75, 5.3125, 0.8125, 5.375], "texture": "#1"},
				"east": {"uv": [0, 5.3125, 0.75, 5.375], "texture": "#1"},
				"south": {"uv": [1.5625, 5.3125, 1.625, 5.375], "texture": "#1"},
				"west": {"uv": [0.8125, 5.3125, 1.5625, 5.375], "texture": "#1"},
				"up": {"uv": [0.8125, 5.3125, 0.75, 4.5625], "texture": "#1"},
				"down": {"uv": [0.875, 4.5625, 0.8125, 5.3125], "texture": "#1"}
			}
		},
		{
			"from": [10.002, -3.80813, 25.04251],
			"to": [10.998, 5.18787, 26.03851],
			"rotation": {"angle": 22.5, "axis": "x", "origin": [14, 8.18987, 50.79051]},
			"faces": {
				"north": {"uv": [2.3125, 7.3125, 2.375, 7.875], "texture": "#1"},
				"east": {"uv": [2.25, 7.3125, 2.3125, 7.875], "texture": "#1"},
				"south": {"uv": [2.4375, 7.3125, 2.5, 7.875], "texture": "#1"},
				"west": {"uv": [2.375, 7.3125, 2.4375, 7.875], "texture": "#1"},
				"up": {"uv": [2.375, 7.3125, 2.3125, 7.25], "texture": "#1"},
				"down": {"uv": [2.4375, 7.25, 2.375, 7.3125], "texture": "#1"}
			}
		},
		{
			"from": [10.001, -3.80913, 19.96049],
			"to": [10.999, 5.18887, 20.95849],
			"rotation": {"angle": -22.5, "axis": "x", "origin": [14, 8.18987, -4.79051]},
			"faces": {
				"north": {"uv": [2.3125, 7.3125, 2.375, 7.875], "texture": "#1"},
				"east": {"uv": [2.25, 7.3125, 2.3125, 7.875], "texture": "#1"},
				"south": {"uv": [2.4375, 7.3125, 2.5, 7.875], "texture": "#1"},
				"west": {"uv": [2.375, 7.3125, 2.4375, 7.875], "texture": "#1"},
				"up": {"uv": [2.375, 7.3125, 2.3125, 7.25], "texture": "#1"},
				"down": {"uv": [2.4375, 7.25, 2.375, 7.3125], "texture": "#1"}
			}
		},
		{
			"from": [5, 5.98987, 22.48449],
			"to": [11, 6.98987, 23.48449],
			"rotation": {"angle": 0, "axis": "x", "origin": [2, 8.48987, 5.98449]},
			"faces": {
				"north": {"uv": [6.3125, 7.25, 6.6875, 7.3125], "texture": "#1"},
				"east": {"uv": [6.25, 7.25, 6.3125, 7.3125], "texture": "#1"},
				"south": {"uv": [6.75, 7.25, 7.125, 7.3125], "texture": "#1"},
				"west": {"uv": [6.6875, 7.25, 6.75, 7.3125], "texture": "#1"},
				"up": {"uv": [6.6875, 7.25, 6.3125, 7.1875], "texture": "#1"},
				"down": {"uv": [7.0625, 7.1875, 6.6875, 7.25], "texture": "#1"}
			}
		},
		{
			"from": [5.002, -3.80813, 25.04251],
			"to": [5.998, 5.18787, 26.03851],
			"rotation": {"angle": 22.5, "axis": "x", "origin": [2, 8.18987, 50.79051]},
			"faces": {
				"north": {"uv": [2.3125, 7.3125, 2.375, 7.875], "texture": "#1"},
				"east": {"uv": [2.25, 7.3125, 2.3125, 7.875], "texture": "#1"},
				"south": {"uv": [2.4375, 7.3125, 2.5, 7.875], "texture": "#1"},
				"west": {"uv": [2.375, 7.3125, 2.4375, 7.875], "texture": "#1"},
				"up": {"uv": [2.375, 7.3125, 2.3125, 7.25], "texture": "#1"},
				"down": {"uv": [2.4375, 7.25, 2.375, 7.3125], "texture": "#1"}
			}
		},
		{
			"from": [5.001, -3.80913, 19.96049],
			"to": [5.999, 5.18887, 20.95849],
			"rotation": {"angle": -22.5, "axis": "x", "origin": [2, 8.18987, -4.79051]},
			"faces": {
				"north": {"uv": [2.3125, 7.3125, 2.375, 7.875], "texture": "#1"},
				"east": {"uv": [2.25, 7.3125, 2.3125, 7.875], "texture": "#1"},
				"south": {"uv": [2.4375, 7.3125, 2.5, 7.875], "texture": "#1"},
				"west": {"uv": [2.375, 7.3125, 2.4375, 7.875], "texture": "#1"},
				"up": {"uv": [2.375, 7.3125, 2.3125, 7.25], "texture": "#1"},
				"down": {"uv": [2.4375, 7.25, 2.375, 7.3125], "texture": "#1"}
			}
		},
		{
			"from": [5, 17.18987, 9.95949],
			"to": [6, 18.18987, 21.95949],
			"rotation": {"angle": 22.5, "axis": "x", "origin": [2, 8.18987, -3.79051]},
			"faces": {
				"north": {"uv": [0.75, 5.3125, 0.8125, 5.375], "texture": "#1"},
				"east": {"uv": [0, 5.3125, 0.75, 5.375], "texture": "#1"},
				"south": {"uv": [1.5625, 5.3125, 1.625, 5.375], "texture": "#1"},
				"west": {"uv": [0.8125, 5.3125, 1.5625, 5.375], "texture": "#1"},
				"up": {"uv": [0.8125, 5.3125, 0.75, 4.5625], "texture": "#1"},
				"down": {"uv": [0.875, 4.5625, 0.8125, 5.3125], "texture": "#1"}
			}
		},
		{
			"from": [5, 4.18987, 1.20949],
			"to": [6, 5.18987, 24.20949],
			"rotation": {"angle": 0, "axis": "x", "origin": [2, 8.18987, -3.79051]},
			"faces": {
				"north": {"uv": [1.4375, 3, 1.5, 3.0625], "texture": "#1"},
				"east": {"uv": [0, 3, 1.4375, 3.0625], "texture": "#1"},
				"south": {"uv": [2.9375, 3, 3, 3.0625], "texture": "#1"},
				"west": {"uv": [1.5, 3, 2.9375, 3.0625], "texture": "#1"},
				"up": {"uv": [1.5, 3, 1.4375, 1.5625], "texture": "#1"},
				"down": {"uv": [1.5625, 1.5625, 1.5, 3], "texture": "#1"}
			}
		},
		{
			"from": [3.5, 6, 3.5],
			"to": [6.5, 9, 7.5],
			"rotation": {"angle": 0, "axis": "y", "origin": [3.5, -11, 8.5]},
			"faces": {
				"north": {"uv": [7.375, 6.875, 7.5625, 7.0625], "texture": "#1"},
				"east": {"uv": [7.125, 6.875, 7.375, 7.0625], "texture": "#1"},
				"south": {"uv": [7.8125, 6.875, 8, 7.0625], "texture": "#1"},
				"west": {"uv": [7.5625, 6.875, 7.8125, 7.0625], "texture": "#1"},
				"up": {"uv": [7.5625, 6.875, 7.375, 6.625], "texture": "#1"},
				"down": {"uv": [7.75, 6.625, 7.5625, 6.875], "texture": "#1"}
			}
		},
		{
			"from": [9.5, 6, 3.5],
			"to": [12.5, 9, 7.5],
			"rotation": {"angle": 0, "axis": "y", "origin": [12.5, -11, 8.5]},
			"faces": {
				"north": {"uv": [7.5625, 6.875, 7.375, 7.0625], "texture": "#1"},
				"east": {"uv": [7.8125, 6.875, 7.5625, 7.0625], "texture": "#1"},
				"south": {"uv": [8, 6.875, 7.8125, 7.0625], "texture": "#1"},
				"west": {"uv": [7.375, 6.875, 7.125, 7.0625], "texture": "#1"},
				"up": {"uv": [7.375, 6.875, 7.5625, 6.625], "texture": "#1"},
				"down": {"uv": [7.5625, 6.625, 7.75, 6.875], "texture": "#1"}
			}
		},
		{
			"from": [1.001, 12.23985, 0.21293],
			"to": [4.999, 12.23785, 2.21093],
			"rotation": {"angle": 22.5, "axis": "x", "origin": [2, 12.25959, 0.09671]},
			"faces": {
				"north": {"uv": [2.375, 3.8125, 2.625, 3.8125], "texture": "#1"},
				"east": {"uv": [2.25, 3.8125, 2.375, 3.8125], "texture": "#1"},
				"south": {"uv": [2.75, 3.8125, 3, 3.8125], "texture": "#1"},
				"west": {"uv": [2.625, 3.8125, 2.75, 3.8125], "texture": "#1"},
				"up": {"uv": [2.625, 3.8125, 2.375, 3.6875], "texture": "#1"},
				"down": {"uv": [2.875, 3.6875, 2.625, 3.8125], "texture": "#1"}
			}
		},
		{
			"from": [1.001, 7.19087, 0.81049],
			"to": [4.999, 11.18887, 0.80849],
			"rotation": {"angle": -22.5, "axis": "x", "origin": [1, 8.18987, -12.04051]},
			"faces": {
				"north": {"uv": [2.5, 7.25, 2.75, 7.5], "texture": "#1"},
				"east": {"uv": [2.5, 7.25, 2.5, 7.5], "texture": "#1"},
				"south": {"uv": [2.75, 7.25, 3, 7.5], "texture": "#1"},
				"west": {"uv": [2.75, 7.25, 2.75, 7.5], "texture": "#1"},
				"up": {"uv": [2.75, 7.25, 2.5, 7.25], "texture": "#1"},
				"down": {"uv": [3, 7.25, 2.75, 7.25], "texture": "#1"}
			}
		},
		{
			"from": [11.001, 7.19087, 0.81049],
			"to": [14.999, 11.18887, 0.80849],
			"rotation": {"angle": -22.5, "axis": "x", "origin": [15, 8.18987, -12.04051]},
			"faces": {
				"north": {"uv": [2.75, 7.25, 2.5, 7.5], "texture": "#1"},
				"east": {"uv": [2.75, 7.25, 2.75, 7.5], "texture": "#1"},
				"south": {"uv": [3, 7.25, 2.75, 7.5], "texture": "#1"},
				"west": {"uv": [2.5, 7.25, 2.5, 7.5], "texture": "#1"},
				"up": {"uv": [2.5, 7.25, 2.75, 7.25], "texture": "#1"},
				"down": {"uv": [2.75, 7.25, 3, 7.25], "texture": "#1"}
			}
		},
		{
			"from": [11.001, 12.23985, 0.21293],
			"to": [14.999, 12.23785, 2.21093],
			"rotation": {"angle": 22.5, "axis": "x", "origin": [14, 12.25959, 0.09671]},
			"faces": {
				"north": {"uv": [2.625, 3.8125, 2.375, 3.8125], "texture": "#1"},
				"east": {"uv": [2.75, 3.8125, 2.625, 3.8125], "texture": "#1"},
				"south": {"uv": [3, 3.8125, 2.75, 3.8125], "texture": "#1"},
				"west": {"uv": [2.375, 3.8125, 2.25, 3.8125], "texture": "#1"},
				"up": {"uv": [2.375, 3.8125, 2.625, 3.6875], "texture": "#1"},
				"down": {"uv": [2.625, 3.6875, 2.875, 3.8125], "texture": "#1"}
			}
		},
		{
			"from": [5.001, -0.80913, -0.28951],
			"to": [5.999, 13.18887, 0.70849],
			"rotation": {"angle": -22.5, "axis": "x", "origin": [2, 8.18987, -12.04051]},
			"faces": {
				"north": {"uv": [1.9375, 4.625, 2, 5.5], "texture": "#1"},
				"east": {"uv": [1.875, 4.625, 1.9375, 5.5], "texture": "#1"},
				"south": {"uv": [2.0625, 4.625, 2.125, 5.5], "texture": "#1"},
				"west": {"uv": [2, 4.625, 2.0625, 5.5], "texture": "#1"},
				"up": {"uv": [2, 4.625, 1.9375, 4.5625], "texture": "#1"},
				"down": {"uv": [2.0625, 4.5625, 2, 4.625], "texture": "#1"}
			}
		},
		{
			"from": [5.001, -0.80913, 7.96049],
			"to": [5.999, 9.18887, 8.95849],
			"rotation": {"angle": -22.5, "axis": "x", "origin": [2, 8.18987, -3.79051]},
			"faces": {
				"north": {"uv": [1.6875, 4.625, 1.75, 5.25], "texture": "#1"},
				"east": {"uv": [1.625, 4.625, 1.6875, 5.25], "texture": "#1"},
				"south": {"uv": [1.8125, 4.625, 1.875, 5.25], "texture": "#1"},
				"west": {"uv": [1.75, 4.625, 1.8125, 5.25], "texture": "#1"},
				"up": {"uv": [1.75, 4.625, 1.6875, 4.5625], "texture": "#1"},
				"down": {"uv": [1.8125, 4.5625, 1.75, 4.625], "texture": "#1"}
			}
		},
		{
			"from": [5.002, 8.41676, 8.95106],
			"to": [5.998, 13.41276, 9.94706],
			"rotation": {"angle": 45, "axis": "x", "origin": [2, 8.18987, 9.20949]},
			"faces": {
				"north": {"uv": [3.0625, 7.3125, 3.125, 7.625], "texture": "#1"},
				"east": {"uv": [3, 7.3125, 3.0625, 7.625], "texture": "#1"},
				"south": {"uv": [3.1875, 7.3125, 3.25, 7.625], "texture": "#1"},
				"west": {"uv": [3.125, 7.3125, 3.1875, 7.625], "texture": "#1"},
				"up": {"uv": [3.125, 7.3125, 3.0625, 7.25], "texture": "#1"},
				"down": {"uv": [3.1875, 7.25, 3.125, 7.3125], "texture": "#1"}
			}
		},
		{
			"from": [6, 17, -7],
			"to": [10, 21, -1],
			"rotation": {"angle": 0, "axis": "y", "origin": [4, 2, -15]},
			"faces": {
				"north": {"uv": [7.25, 4.6875, 7.5, 4.9375], "texture": "#1"},
				"east": {"uv": [6.875, 4.6875, 7.25, 4.9375], "texture": "#1"},
				"south": {"uv": [7.875, 4.6875, 8.125, 4.9375], "texture": "#1"},
				"west": {"uv": [7.5, 4.6875, 7.875, 4.9375], "texture": "#1"},
				"up": {"uv": [7.5, 4.6875, 7.25, 4.3125], "texture": "#1"},
				"down": {"uv": [7.75, 4.3125, 7.5, 4.6875], "texture": "#1"}
			}
		},
		{
			"from": [4, 20.93987, -2.69051],
			"to": [12, 22.93987, -0.69051],
			"rotation": {"angle": 0, "axis": "x", "origin": [4, 7.93987, 1.30949]},
			"faces": {
				"north": {"uv": [2.375, 7.125, 2.875, 7.25], "texture": "#1"},
				"east": {"uv": [2.25, 7.125, 2.375, 7.25], "texture": "#1"},
				"south": {"uv": [3, 7.125, 3.5, 7.25], "texture": "#1"},
				"west": {"uv": [2.875, 7.125, 3, 7.25], "texture": "#1"},
				"up": {"uv": [2.875, 7.125, 2.375, 7], "texture": "#1"},
				"down": {"uv": [3.375, 7, 2.875, 7.125], "texture": "#1"}
			}
		},
		{
			"from": [2.251, 20.94087, 1.81049],
			"to": [9.249, 22.93887, 3.80849],
			"rotation": {"angle": 45, "axis": "y", "origin": [1.25, 7.93987, 5.80949]},
			"faces": {
				"north": {"uv": [5.25, 1.375, 5.6875, 1.5], "texture": "#1"},
				"east": {"uv": [5.125, 1.375, 5.25, 1.5], "texture": "#1"},
				"south": {"uv": [5.8125, 1.375, 6.25, 1.5], "texture": "#1"},
				"west": {"uv": [5.6875, 1.375, 5.8125, 1.5], "texture": "#1"},
				"up": {"uv": [5.6875, 1.375, 5.25, 1.25], "texture": "#1"},
				"down": {"uv": [6.125, 1.25, 5.6875, 1.375], "texture": "#1"}
			}
		},
		{
			"from": [10, 4.18987, -7.79051],
			"to": [12, 21.18987, -5.79051],
			"rotation": {"angle": 22.5, "axis": "x", "origin": [8, 8.18987, -3.79051]},
			"faces": {
				"north": {"uv": [1.875, 6.5625, 2, 7.625], "texture": "#1"},
				"east": {"uv": [1.75, 6.5625, 1.875, 7.625], "texture": "#1"},
				"south": {"uv": [2.125, 6.5625, 2.25, 7.625], "texture": "#1"},
				"west": {"uv": [2, 6.5625, 2.125, 7.625], "texture": "#1"},
				"up": {"uv": [2, 6.5625, 1.875, 6.4375], "texture": "#1"},
				"down": {"uv": [2.125, 6.4375, 2, 6.5625], "texture": "#1"}
			}
		},
		{
			"from": [4, 4.18987, -7.79051],
			"to": [6, 21.18987, -5.79051],
			"rotation": {"angle": 22.5, "axis": "x", "origin": [8, 8.18987, -3.79051]},
			"faces": {
				"north": {"uv": [2, 6.5625, 1.875, 7.625], "texture": "#1"},
				"east": {"uv": [2.125, 6.5625, 2, 7.625], "texture": "#1"},
				"south": {"uv": [2.25, 6.5625, 2.125, 7.625], "texture": "#1"},
				"west": {"uv": [1.875, 6.5625, 1.75, 7.625], "texture": "#1"},
				"up": {"uv": [1.875, 6.5625, 2, 6.4375], "texture": "#1"},
				"down": {"uv": [2, 6.4375, 2.125, 6.5625], "texture": "#1"}
			}
		},
		{
			"from": [6.751, 20.94087, 1.81049],
			"to": [13.749, 22.93887, 3.80849],
			"rotation": {"angle": -45, "axis": "y", "origin": [14.75, 7.93987, 5.80949]},
			"faces": {
				"north": {"uv": [5.6875, 1.375, 5.25, 1.5], "texture": "#1"},
				"east": {"uv": [5.8125, 1.375, 5.6875, 1.5], "texture": "#1"},
				"south": {"uv": [6.25, 1.375, 5.8125, 1.5], "texture": "#1"},
				"west": {"uv": [5.25, 1.375, 5.125, 1.5], "texture": "#1"},
				"up": {"uv": [5.25, 1.375, 5.6875, 1.25], "texture": "#1"},
				"down": {"uv": [5.6875, 1.25, 6.125, 1.375], "texture": "#1"}
			}
		},
		{
			"from": [5, 17, 22],
			"to": [11, 19, 28],
			"rotation": {"angle": 0, "axis": "y", "origin": [4, 2, 13]},
			"faces": {
				"north": {"uv": [7.125, 4.1875, 7.5, 4.3125], "texture": "#1"},
				"east": {"uv": [6.75, 4.1875, 7.125, 4.3125], "texture": "#1"},
				"south": {"uv": [7.875, 4.1875, 8.25, 4.3125], "texture": "#1"},
				"west": {"uv": [7.5, 4.1875, 7.875, 4.3125], "texture": "#1"},
				"up": {"uv": [7.5, 4.1875, 7.125, 3.8125], "texture": "#1"},
				"down": {"uv": [7.875, 3.8125, 7.5, 4.1875], "texture": "#1"}
			}
		},
		{
			"from": [1, 5.18987, 11.20949],
			"to": [15, 7.18987, 13.20949],
			"rotation": {"angle": 0, "axis": "x", "origin": [2, 8.18987, -3.79051]},
			"faces": {
				"north": {"uv": [3.25, 1.375, 4.125, 1.5], "texture": "#1"},
				"east": {"uv": [3.125, 1.375, 3.25, 1.5], "texture": "#1"},
				"south": {"uv": [4.25, 1.375, 5.125, 1.5], "texture": "#1"},
				"west": {"uv": [4.125, 1.375, 4.25, 1.5], "texture": "#1"},
				"up": {"uv": [4.125, 1.375, 3.25, 1.25], "texture": "#1"},
				"down": {"uv": [5, 1.25, 4.125, 1.375], "texture": "#1"}
			}
		},
		{
			"from": [6.5, 5, 1.5],
			"to": [9.5, 12, 9.5],
			"rotation": {"angle": 0, "axis": "y", "origin": [3.5, -11, 8.5]},
			"faces": {
				"north": {"uv": [6.75, 1.6875, 6.9375, 2.125], "texture": "#1"},
				"east": {"uv": [6.25, 1.6875, 6.75, 2.125], "texture": "#1"},
				"south": {"uv": [7.4375, 1.6875, 7.625, 2.125], "texture": "#1"},
				"west": {"uv": [6.9375, 1.6875, 7.4375, 2.125], "texture": "#1"},
				"up": {"uv": [6.9375, 1.6875, 6.75, 1.1875], "texture": "#1"},
				"down": {"uv": [7.125, 1.1875, 6.9375, 1.6875], "texture": "#1"}
			}
		},
		{
			"from": [6.5, 5, 9.5],
			"to": [9.5, 9, 13.5],
			"rotation": {"angle": 0, "axis": "y", "origin": [3.5, -11, 8.5]},
			"faces": {
				"north": {"uv": [7.375, 0.625, 7.5625, 0.875], "texture": "#1"},
				"east": {"uv": [7.125, 0.625, 7.375, 0.875], "texture": "#1"},
				"south": {"uv": [7.8125, 0.625, 8, 0.875], "texture": "#1"},
				"west": {"uv": [7.5625, 0.625, 7.8125, 0.875], "texture": "#1"},
				"up": {"uv": [7.5625, 0.625, 7.375, 0.375], "texture": "#1"},
				"down": {"uv": [7.75, 0.375, 7.5625, 0.625], "texture": "#1"}
			}
		},
		{
			"from": [6.001, 0.19087, 13.71049],
			"to": [9.999, 9.18887, 14.70849],
			"rotation": {"angle": -22.5, "axis": "x", "origin": [3, 8.18987, 1.95949]},
			"faces": {
				"north": {"uv": [2.3125, 3.125, 2.5625, 3.6875], "texture": "#1"},
				"east": {"uv": [2.25, 3.125, 2.3125, 3.6875], "texture": "#1"},
				"south": {"uv": [2.625, 3.125, 2.875, 3.6875], "texture": "#1"},
				"west": {"uv": [2.5625, 3.125, 2.625, 3.6875], "texture": "#1"},
				"up": {"uv": [2.5625, 3.125, 2.3125, 3.0625], "texture": "#1"},
				"down": {"uv": [2.8125, 3.0625, 2.5625, 3.125], "texture": "#1"}
			}
		},
		{
			"from": [7, 8, 14],
			"to": [9, 15, 16],
			"rotation": {"angle": 0, "axis": "y", "origin": [4, 0, 3]},
			"faces": {
				"north": {"uv": [1.25, 7.0625, 1.375, 7.5], "texture": "#1"},
				"east": {"uv": [1.125, 7.0625, 1.25, 7.5], "texture": "#1"},
				"south": {"uv": [1.5, 7.0625, 1.625, 7.5], "texture": "#1"},
				"west": {"uv": [1.375, 7.0625, 1.5, 7.5], "texture": "#1"},
				"up": {"uv": [1.375, 7.0625, 1.25, 6.9375], "texture": "#1"},
				"down": {"uv": [1.5, 6.9375, 1.375, 7.0625], "texture": "#1"}
			}
		},
		{
			"from": [6, 16, 20],
			"to": [10, 21, 21],
			"rotation": {"angle": 0, "axis": "y", "origin": [4, 3, 12]},
			"faces": {
				"north": {"uv": [3.5625, 7.0625, 3.8125, 7.375], "texture": "#1"},
				"east": {"uv": [3.5, 7.0625, 3.5625, 7.375], "texture": "#1"},
				"south": {"uv": [3.875, 7.0625, 4.125, 7.375], "texture": "#1"},
				"west": {"uv": [3.8125, 7.0625, 3.875, 7.375], "texture": "#1"},
				"up": {"uv": [3.8125, 7.0625, 3.5625, 7], "texture": "#1"},
				"down": {"uv": [4.0625, 7, 3.8125, 7.0625], "texture": "#1"}
			}
		},
		{
			"from": [5, 15, 19],
			"to": [11, 16, 27],
			"rotation": {"angle": 0, "axis": "y", "origin": [4, 3, 12]},
			"faces": {
				"north": {"uv": [6.625, 6.5625, 7, 6.625], "texture": "#1"},
				"east": {"uv": [6.125, 6.5625, 6.625, 6.625], "texture": "#1"},
				"south": {"uv": [7.5, 6.5625, 7.875, 6.625], "texture": "#1"},
				"west": {"uv": [7, 6.5625, 7.5, 6.625], "texture": "#1"},
				"up": {"uv": [7, 6.5625, 6.625, 6.0625], "texture": "#1"},
				"down": {"uv": [7.375, 6.0625, 7, 6.5625], "texture": "#1"}
			}
		},
		{
			"from": [6.001, 15.751, 20.501],
			"to": [9.999, 16.749, 25.499],
			"rotation": {"angle": -22.5, "axis": "x", "origin": [8, 16.75, 22.5]},
			"faces": {
				"north": {"uv": [7.4375, 0.3125, 7.6875, 0.375], "texture": "#1"},
				"east": {"uv": [7.125, 0.3125, 7.4375, 0.375], "texture": "#1"},
				"south": {"uv": [8, 0.3125, 8.25, 0.375], "texture": "#1"},
				"west": {"uv": [7.6875, 0.3125, 8, 0.375], "texture": "#1"},
				"up": {"uv": [7.6875, 0.3125, 7.4375, 0], "texture": "#1"},
				"down": {"uv": [7.9375, 0, 7.6875, 0.3125], "texture": "#1"}
			}
		},
		{
			"from": [5, 5.98987, -8.51551],
			"to": [11, 6.98987, -7.51551],
			"rotation": {"angle": 0, "axis": "x", "origin": [2, 8.48987, -25.01551]},
			"faces": {
				"north": {"uv": [6.3125, 7.25, 6.6875, 7.3125], "texture": "#1"},
				"east": {"uv": [6.25, 7.25, 6.3125, 7.3125], "texture": "#1"},
				"south": {"uv": [6.75, 7.25, 7.125, 7.3125], "texture": "#1"},
				"west": {"uv": [6.6875, 7.25, 6.75, 7.3125], "texture": "#1"},
				"up": {"uv": [6.6875, 7.25, 6.3125, 7.1875], "texture": "#1"},
				"down": {"uv": [7.0625, 7.1875, 6.6875, 7.25], "texture": "#1"}
			}
		},
		{
			"from": [16.5, 6, -3],
			"to": [28.5, 16, 5],
			"rotation": {"angle": 0, "axis": "x", "origin": [19.5, -3, -11]},
			"faces": {
				"north": {"uv": [3.625, 0.5, 4.375, 1.125], "texture": "#1"},
				"east": {"uv": [3.125, 0.5, 3.625, 1.125], "texture": "#1"},
				"south": {"uv": [4.875, 0.5, 5.625, 1.125], "texture": "#1"},
				"west": {"uv": [4.375, 0.5, 4.875, 1.125], "texture": "#1"},
				"up": {"uv": [4.375, 0.5, 3.625, 0], "texture": "#1"},
				"down": {"uv": [5.125, 0, 4.375, 0.5], "texture": "#1"}
			}
		},
		{
			"from": [16.5, 6, 16],
			"to": [28.5, 16, 27],
			"rotation": {"angle": 0, "axis": "y", "origin": [19.5, -3, 10]},
			"faces": {
				"north": {"uv": [3.6875, 3.25, 4.4375, 3.875], "texture": "#1"},
				"east": {"uv": [3, 3.25, 3.6875, 3.875], "texture": "#1"},
				"south": {"uv": [5.125, 3.25, 5.875, 3.875], "texture": "#1"},
				"west": {"uv": [4.4375, 3.25, 5.125, 3.875], "texture": "#1"},
				"up": {"uv": [4.4375, 3.25, 3.6875, 2.5625], "texture": "#1"},
				"down": {"uv": [5.1875, 2.5625, 4.4375, 3.25], "texture": "#1"}
			}
		},
		{
			"from": [28, 4, 12],
			"to": [28, 14, 26],
			"rotation": {"angle": 0, "axis": "y", "origin": [30.5, -11, 4.5]},
			"faces": {
				"north": {"uv": [3.25, 6.375, 3.25, 7], "texture": "#1"},
				"east": {"uv": [2.375, 6.375, 3.25, 7], "texture": "#1"},
				"south": {"uv": [4.125, 6.375, 4.125, 7], "texture": "#1"},
				"west": {"uv": [3.25, 6.375, 4.125, 7], "texture": "#1"},
				"up": {"uv": [3.25, 6.375, 3.25, 5.5], "texture": "#1"},
				"down": {"uv": [3.25, 5.5, 3.25, 6.375], "texture": "#1"}
			}
		},
		{
			"from": [28, 8, -6],
			"to": [31, 14, 2],
			"rotation": {"angle": 0, "axis": "y", "origin": [29, -4, -12]},
			"faces": {
				"north": {"uv": [4.625, 7.0625, 4.8125, 7.4375], "texture": "#1"},
				"east": {"uv": [4.125, 7.0625, 4.625, 7.4375], "texture": "#1"},
				"south": {"uv": [5.3125, 7.0625, 5.5, 7.4375], "texture": "#1"},
				"west": {"uv": [4.8125, 7.0625, 5.3125, 7.4375], "texture": "#1"},
				"up": {"uv": [4.8125, 7.0625, 4.625, 6.5625], "texture": "#1"},
				"down": {"uv": [5, 6.5625, 4.8125, 7.0625], "texture": "#1"}
			}
		},
		{
			"from": [16.501, 4.051, -1.599],
			"to": [28.499, 12.049, 5.399],
			"rotation": {"angle": -22.5, "axis": "x", "origin": [19.5, -6.95, -8.6]},
			"faces": {
				"north": {"uv": [0.4375, 5.9375, 1.1875, 6.4375], "texture": "#1"},
				"east": {"uv": [0, 5.9375, 0.4375, 6.4375], "texture": "#1"},
				"south": {"uv": [1.625, 5.9375, 2.375, 6.4375], "texture": "#1"},
				"west": {"uv": [1.1875, 5.9375, 1.625, 6.4375], "texture": "#1"},
				"up": {"uv": [1.1875, 5.9375, 0.4375, 5.5], "texture": "#1"},
				"down": {"uv": [1.9375, 5.5, 1.1875, 5.9375], "texture": "#1"}
			}
		},
		{
			"from": [16.501, 10.751, 25.851],
			"to": [28.499, 15.749, 27.849],
			"rotation": {"angle": -22.5, "axis": "x", "origin": [23.5, 13.75, 26.85]},
			"faces": {
				"north": {"uv": [6.375, 2.25, 7.125, 2.5625], "texture": "#1"},
				"east": {"uv": [6.25, 2.25, 6.375, 2.5625], "texture": "#1"},
				"south": {"uv": [7.25, 2.25, 8, 2.5625], "texture": "#1"},
				"west": {"uv": [7.125, 2.25, 7.25, 2.5625], "texture": "#1"},
				"up": {"uv": [7.125, 2.25, 6.375, 2.125], "texture": "#1"},
				"down": {"uv": [7.875, 2.125, 7.125, 2.25], "texture": "#1"}
			}
		},
		{
			"from": [16.5, 6.5, 27],
			"to": [28.5, 11.5, 29],
			"rotation": {"angle": 0, "axis": "y", "origin": [19.5, -2.5, 12]},
			"faces": {
				"north": {"uv": [6.375, 2.25, 7.125, 2.5625], "texture": "#1"},
				"east": {"uv": [6.25, 2.25, 6.375, 2.5625], "texture": "#1"},
				"south": {"uv": [7.25, 2.25, 8, 2.5625], "texture": "#1"},
				"west": {"uv": [7.125, 2.25, 7.25, 2.5625], "texture": "#1"},
				"up": {"uv": [7.125, 2.25, 6.375, 2.125], "texture": "#1"},
				"down": {"uv": [7.875, 2.125, 7.125, 2.25], "texture": "#1"}
			}
		},
		{
			"from": [27.5, 10, 11],
			"to": [28.5, 13, 16],
			"rotation": {"angle": 0, "axis": "y", "origin": [19.5, -3, -1]},
			"faces": {
				"north": {"uv": [7.4375, 7.375, 7.5, 7.5625], "texture": "#1"},
				"east": {"uv": [7.125, 7.375, 7.4375, 7.5625], "texture": "#1"},
				"south": {"uv": [7.8125, 7.375, 7.875, 7.5625], "texture": "#1"},
				"west": {"uv": [7.5, 7.375, 7.8125, 7.5625], "texture": "#1"},
				"up": {"uv": [7.5, 7.375, 7.4375, 7.0625], "texture": "#1"},
				"down": {"uv": [7.5625, 7.0625, 7.5, 7.375], "texture": "#1"}
			}
		},
		{
			"from": [16.502, 6.002, -5.998],
			"to": [28.498, 7.998, -3.002],
			"rotation": {"angle": 0, "axis": "x", "origin": [19.5, -3, -14]},
			"faces": {
				"north": {"uv": [6.0625, 3.6875, 6.8125, 3.8125], "texture": "#1"},
				"east": {"uv": [5.875, 3.6875, 6.0625, 3.8125], "texture": "#1"},
				"south": {"uv": [7, 3.6875, 7.75, 3.8125], "texture": "#1"},
				"west": {"uv": [6.8125, 3.6875, 7, 3.8125], "texture": "#1"},
				"up": {"uv": [6.8125, 3.6875, 6.0625, 3.5], "texture": "#1"},
				"down": {"uv": [7.5625, 3.5, 6.8125, 3.6875], "texture": "#1"}
			}
		},
		{
			"from": [27.5, 6, 5],
			"to": [28.5, 10, 16],
			"rotation": {"angle": 0, "axis": "y", "origin": [19.5, -6, -7]},
			"faces": {
				"north": {"uv": [6.5625, 3.25, 6.625, 3.5], "texture": "#1"},
				"east": {"uv": [5.875, 3.25, 6.5625, 3.5], "texture": "#1"},
				"south": {"uv": [7.3125, 3.25, 7.375, 3.5], "texture": "#1"},
				"west": {"uv": [6.625, 3.25, 7.3125, 3.5], "texture": "#1"},
				"up": {"uv": [6.625, 3.25, 6.5625, 2.5625], "texture": "#1"},
				"down": {"uv": [6.6875, 2.5625, 6.625, 3.25], "texture": "#1"}
			}
		},
		{
			"from": [16.5, 6, 5],
			"to": [17.5, 14, 16],
			"rotation": {"angle": 0, "axis": "y", "origin": [8.5, -3, -1]},
			"faces": {
				"north": {"uv": [6.3125, 0.6875, 6.375, 1.1875], "texture": "#1"},
				"east": {"uv": [5.625, 0.6875, 6.3125, 1.1875], "texture": "#1"},
				"south": {"uv": [7.0625, 0.6875, 7.125, 1.1875], "texture": "#1"},
				"west": {"uv": [6.375, 0.6875, 7.0625, 1.1875], "texture": "#1"},
				"up": {"uv": [6.375, 0.6875, 6.3125, 0], "texture": "#1"},
				"down": {"uv": [6.4375, 0, 6.375, 0.6875], "texture": "#1"}
			}
		},
		{
			"from": [17.5, 6, 5],
			"to": [27.5, 7, 16],
			"rotation": {"angle": 0, "axis": "y", "origin": [19.5, -3, -1]},
			"faces": {
				"north": {"uv": [4.9375, 5.5, 5.5625, 5.5625], "texture": "#1"},
				"east": {"uv": [4.25, 5.5, 4.9375, 5.5625], "texture": "#1"},
				"south": {"uv": [6.25, 5.5, 6.875, 5.5625], "texture": "#1"},
				"west": {"uv": [5.5625, 5.5, 6.25, 5.5625], "texture": "#1"},
				"up": {"uv": [5.5625, 5.5, 4.9375, 4.8125], "texture": "#1"},
				"down": {"uv": [6.1875, 4.8125, 5.5625, 5.5], "texture": "#1"}
			}
		},
		{
			"from": [21, 14.05447, 23.96247],
			"to": [24, 17.05447, 26.96247],
			"rotation": {"angle": 22.5, "axis": "x", "origin": [22.5, 15.55447, 25.46247]},
			"faces": {
				"north": {"uv": [5.6875, 7.375, 5.875, 7.5625], "texture": "#1"},
				"east": {"uv": [5.5, 7.375, 5.6875, 7.5625], "texture": "#1"},
				"south": {"uv": [6.0625, 7.375, 6.25, 7.5625], "texture": "#1"},
				"west": {"uv": [5.875, 7.375, 6.0625, 7.5625], "texture": "#1"},
				"up": {"uv": [5.875, 7.375, 5.6875, 7.1875], "texture": "#1"},
				"down": {"uv": [6.0625, 7.1875, 5.875, 7.375], "texture": "#1"}
			}
		},
		{
			"from": [16, 20, 18.5],
			"to": [29, 23, 31.5],
			"rotation": {"angle": 22.5, "axis": "x", "origin": [40, 17, 10.5]},
			"faces": {
				"north": {"uv": [3.8125, 2.375, 4.625, 2.5625], "texture": "#1"},
				"east": {"uv": [3, 2.375, 3.8125, 2.5625], "texture": "#1"},
				"south": {"uv": [5.4375, 2.375, 6.25, 2.5625], "texture": "#1"},
				"west": {"uv": [4.625, 2.375, 5.4375, 2.5625], "texture": "#1"},
				"up": {"uv": [4.625, 2.375, 3.8125, 1.5625], "texture": "#1"},
				"down": {"uv": [5.4375, 1.5625, 4.625, 2.375], "texture": "#1"}
			}
		},
		{
			"from": [29, 4.18987, -2.79051],
			"to": [30, 5.18987, 12.20949],
			"rotation": {"angle": 0, "axis": "x", "origin": [26, 8.18987, -15.79051]},
			"faces": {
				"north": {"uv": [5.0625, 6.5, 5.125, 6.5625], "texture": "#1"},
				"east": {"uv": [4.125, 6.5, 5.0625, 6.5625], "texture": "#1"},
				"south": {"uv": [6.0625, 6.5, 6.125, 6.5625], "texture": "#1"},
				"west": {"uv": [5.125, 6.5, 6.0625, 6.5625], "texture": "#1"},
				"up": {"uv": [5.125, 6.5, 5.0625, 5.5625], "texture": "#1"},
				"down": {"uv": [5.1875, 5.5625, 5.125, 6.5], "texture": "#1"}
			}
		},
		{
			"from": [14, 4.18987, -2.79051],
			"to": [15, 5.18987, 21.20949],
			"rotation": {"angle": 0, "axis": "x", "origin": [11, 8.18987, -15.79051]},
			"faces": {
				"north": {"uv": [1.5, 1.5, 1.5625, 1.5625], "texture": "#1"},
				"east": {"uv": [0, 1.5, 1.5, 1.5625], "texture": "#1"},
				"south": {"uv": [3.0625, 1.5, 3.125, 1.5625], "texture": "#1"},
				"west": {"uv": [1.5625, 1.5, 3.0625, 1.5625], "texture": "#1"},
				"up": {"uv": [1.5625, 1.5, 1.5, 0], "texture": "#1"},
				"down": {"uv": [1.625, 0, 1.5625, 1.5], "texture": "#1"}
			}
		},
		{
			"from": [15, 4.18987, -0.79051],
			"to": [29, 5.18987, 0.20949],
			"rotation": {"angle": 0, "axis": "x", "origin": [13, 8.18987, -15.79051]},
			"faces": {
				"north": {"uv": [0.0625, 5.4375, 0.9375, 5.5], "texture": "#1"},
				"east": {"uv": [0, 5.4375, 0.0625, 5.5], "texture": "#1"},
				"south": {"uv": [1, 5.4375, 1.875, 5.5], "texture": "#1"},
				"west": {"uv": [0.9375, 5.4375, 1, 5.5], "texture": "#1"},
				"up": {"uv": [0.9375, 5.4375, 0.0625, 5.375], "texture": "#1"},
				"down": {"uv": [1.8125, 5.375, 0.9375, 5.4375], "texture": "#1"}
			}
		},
		{
			"from": [11.01, 4.19987, 9.21949],
			"to": [28.99, 5.17987, 10.19949],
			"rotation": {"angle": 0, "axis": "x", "origin": [13, 8.18987, -5.79051]},
			"faces": {
				"north": {"uv": [3.1875, 1.1875, 4.3125, 1.25], "texture": "#1"},
				"east": {"uv": [3.125, 1.1875, 3.1875, 1.25], "texture": "#1"},
				"south": {"uv": [4.375, 1.1875, 5.5, 1.25], "texture": "#1"},
				"west": {"uv": [4.3125, 1.1875, 4.375, 1.25], "texture": "#1"},
				"up": {"uv": [4.3125, 1.1875, 3.1875, 1.125], "texture": "#1"},
				"down": {"uv": [5.4375, 1.125, 4.3125, 1.1875], "texture": "#1"}
			}
		},
		{
			"from": [15, 4.18987, 18.20949],
			"to": [28, 5.18987, 19.20949],
			"rotation": {"angle": 0, "axis": "y", "origin": [13, 8.18987, 3.20949]},
			"faces": {
				"north": {"uv": [6.9375, 5, 7.75, 5.0625], "texture": "#1"},
				"east": {"uv": [6.875, 5, 6.9375, 5.0625], "texture": "#1"},
				"south": {"uv": [7.8125, 5, 8.625, 5.0625], "texture": "#1"},
				"west": {"uv": [7.75, 5, 7.8125, 5.0625], "texture": "#1"},
				"up": {"uv": [7.75, 5, 6.9375, 4.9375], "texture": "#1"},
				"down": {"uv": [8.5625, 4.9375, 7.75, 5], "texture": "#1"}
			}
		},
		{
			"from": [18.5, 7, 9],
			"to": [26.5, 8, 16],
			"rotation": {"angle": 0, "axis": "y", "origin": [19.5, -2, -1]},
			"faces": {
				"north": {"uv": [6.5625, 6, 7.0625, 6.0625], "texture": "#1"},
				"east": {"uv": [6.125, 6, 6.5625, 6.0625], "texture": "#1"},
				"south": {"uv": [7.5, 6, 8, 6.0625], "texture": "#1"},
				"west": {"uv": [7.0625, 6, 7.5, 6.0625], "texture": "#1"},
				"up": {"uv": [7.0625, 6, 6.5625, 5.5625], "texture": "#1"},
				"down": {"uv": [7.5625, 5.5625, 7.0625, 6], "texture": "#1"}
			}
		},
		{
			"from": [18.5, 8, 15],
			"to": [26.5, 16, 16],
			"rotation": {"angle": 0, "axis": "y", "origin": [19.5, -1, -1]},
			"faces": {
				"north": {"uv": [0.0625, 7, 0.5625, 7.5], "texture": "#1"},
				"east": {"uv": [0, 7, 0.0625, 7.5], "texture": "#1"},
				"south": {"uv": [0.625, 7, 1.125, 7.5], "texture": "#1"},
				"west": {"uv": [0.5625, 7, 0.625, 7.5], "texture": "#1"},
				"up": {"uv": [0.5625, 7, 0.0625, 6.9375], "texture": "#1"},
				"down": {"uv": [1.0625, 6.9375, 0.5625, 7], "texture": "#1"}
			}
		},
		{
			"from": [28, 4, 12],
			"to": [32, 14, 26],
			"rotation": {"angle": 0, "axis": "y", "origin": [25.5, -11, 4.5]},
			"faces": {
				"north": {"uv": [0.875, 3.9375, 1.125, 4.5625], "texture": "#1"},
				"east": {"uv": [0, 3.9375, 0.875, 4.5625], "texture": "#1"},
				"south": {"uv": [2, 3.9375, 2.25, 4.5625], "texture": "#1"},
				"west": {"uv": [1.125, 3.9375, 2, 4.5625], "texture": "#1"},
				"up": {"uv": [1.125, 3.9375, 0.875, 3.0625], "texture": "#1"},
				"down": {"uv": [1.375, 3.0625, 1.125, 3.9375], "texture": "#1"}
			}
		},
		{
			"from": [28.5, 0, 12.5],
			"to": [31.5, 13, 25.5],
			"rotation": {"angle": 0, "axis": "y", "origin": [25.5, -11, 4.5]},
			"faces": {
				"north": {"uv": [3.0625, 4.6875, 3.25, 5.5], "texture": "#1"},
				"east": {"uv": [2.25, 4.6875, 3.0625, 5.5], "texture": "#1"},
				"south": {"uv": [4.0625, 4.6875, 4.25, 5.5], "texture": "#1"},
				"west": {"uv": [3.25, 4.6875, 4.0625, 5.5], "texture": "#1"},
				"up": {"uv": [3.25, 4.6875, 3.0625, 3.875], "texture": "#1"},
				"down": {"uv": [3.4375, 3.875, 3.25, 4.6875], "texture": "#1"}
			}
		},
		{
			"from": [28.5, 5, 17],
			"to": [31.5, 8, 20],
			"rotation": {"angle": 0, "axis": "y", "origin": [28.5, 5, 18]},
			"faces": {
				"north": {"uv": [5.6875, 7.375, 5.875, 7.5625], "texture": "#1"},
				"east": {"uv": [5.5, 7.375, 5.6875, 7.5625], "texture": "#1"},
				"south": {"uv": [6.0625, 7.375, 6.25, 7.5625], "texture": "#1"},
				"west": {"uv": [5.875, 7.375, 6.0625, 7.5625], "texture": "#1"},
				"up": {"uv": [5.875, 7.375, 5.6875, 7.1875], "texture": "#1"},
				"down": {"uv": [6.0625, 7.1875, 5.875, 7.375], "texture": "#1"}
			}
		},
		{
			"from": [6.5, 0, 16.5],
			"to": [9.5, 13, 29.5],
			"rotation": {"angle": 0, "axis": "y", "origin": [3.5, -11, 8.5]},
			"faces": {
				"north": {"uv": [3.0625, 4.6875, 3.25, 5.5], "texture": "#1"},
				"east": {"uv": [2.25, 4.6875, 3.0625, 5.5], "texture": "#1"},
				"south": {"uv": [4.0625, 4.6875, 4.25, 5.5], "texture": "#1"},
				"west": {"uv": [3.25, 4.6875, 4.0625, 5.5], "texture": "#1"},
				"up": {"uv": [3.25, 4.6875, 3.0625, 3.875], "texture": "#1"},
				"down": {"uv": [3.4375, 3.875, 3.25, 4.6875], "texture": "#1"}
			}
		},
		{
			"from": [6, 4, 16],
			"to": [10, 14, 30],
			"rotation": {"angle": 0, "axis": "y", "origin": [3.5, -11, 8.5]},
			"faces": {
				"north": {"uv": [0.875, 3.9375, 1.125, 4.5625], "texture": "#1"},
				"east": {"uv": [0, 3.9375, 0.875, 4.5625], "texture": "#1"},
				"south": {"uv": [2, 3.9375, 2.25, 4.5625], "texture": "#1"},
				"west": {"uv": [1.125, 3.9375, 2, 4.5625], "texture": "#1"},
				"up": {"uv": [1.125, 3.9375, 0.875, 3.0625], "texture": "#1"},
				"down": {"uv": [1.375, 3.0625, 1.125, 3.9375], "texture": "#1"}
			}
		},
		{
			"from": [6.5, 5, 21.5],
			"to": [9.5, 8, 24.5],
			"rotation": {"angle": 0, "axis": "y", "origin": [6.5, 5, 22.5]},
			"faces": {
				"north": {"uv": [5.6875, 7.375, 5.875, 7.5625], "texture": "#1"},
				"east": {"uv": [5.5, 7.375, 5.6875, 7.5625], "texture": "#1"},
				"south": {"uv": [6.0625, 7.375, 6.25, 7.5625], "texture": "#1"},
				"west": {"uv": [5.875, 7.375, 6.0625, 7.5625], "texture": "#1"},
				"up": {"uv": [5.875, 7.375, 5.6875, 7.1875], "texture": "#1"},
				"down": {"uv": [6.0625, 7.1875, 5.875, 7.375], "texture": "#1"}
			}
		},
		{
			"from": [6.5, 0, -14.5],
			"to": [9.5, 13, -1.5],
			"rotation": {"angle": 0, "axis": "y", "origin": [3.5, -11, -22.5]},
			"faces": {
				"north": {"uv": [3.0625, 4.6875, 3.25, 5.5], "texture": "#1"},
				"east": {"uv": [2.25, 4.6875, 3.0625, 5.5], "texture": "#1"},
				"south": {"uv": [4.0625, 4.6875, 4.25, 5.5], "texture": "#1"},
				"west": {"uv": [3.25, 4.6875, 4.0625, 5.5], "texture": "#1"},
				"up": {"uv": [3.25, 4.6875, 3.0625, 3.875], "texture": "#1"},
				"down": {"uv": [3.4375, 3.875, 3.25, 4.6875], "texture": "#1"}
			}
		},
		{
			"from": [6, 4, -15],
			"to": [10, 14, -1],
			"rotation": {"angle": 0, "axis": "y", "origin": [3.5, -11, -22.5]},
			"faces": {
				"north": {"uv": [0.875, 3.9375, 1.125, 4.5625], "texture": "#1"},
				"east": {"uv": [0, 3.9375, 0.875, 4.5625], "texture": "#1"},
				"south": {"uv": [2, 3.9375, 2.25, 4.5625], "texture": "#1"},
				"west": {"uv": [1.125, 3.9375, 2, 4.5625], "texture": "#1"},
				"up": {"uv": [1.125, 3.9375, 0.875, 3.0625], "texture": "#1"},
				"down": {"uv": [1.375, 3.0625, 1.125, 3.9375], "texture": "#1"}
			}
		},
		{
			"from": [6.5, 5, -9.5],
			"to": [9.5, 8, -6.5],
			"rotation": {"angle": 0, "axis": "y", "origin": [6.5, 5, -8.5]},
			"faces": {
				"north": {"uv": [5.6875, 7.375, 5.875, 7.5625], "texture": "#1"},
				"east": {"uv": [5.5, 7.375, 5.6875, 7.5625], "texture": "#1"},
				"south": {"uv": [6.0625, 7.375, 6.25, 7.5625], "texture": "#1"},
				"west": {"uv": [5.875, 7.375, 6.0625, 7.5625], "texture": "#1"},
				"up": {"uv": [5.875, 7.375, 5.6875, 7.1875], "texture": "#1"},
				"down": {"uv": [6.0625, 7.1875, 5.875, 7.375], "texture": "#1"}
			}
		}
	],
	"display": {
		"thirdperson_righthand": {
			"rotation": [75, 45, 0],
			"translation": [0, 2.5, 0],
			"scale": [0.375, 0.375, 0.375]
		},
		"thirdperson_lefthand": {
			"rotation": [75, 45, 0],
			"translation": [0, 2.5, 0],
			"scale": [0.375, 0.375, 0.375]
		},
		"firstperson_righthand": {
			"rotation": [11, 34, -3],
			"scale": [0.5, 0.5, 0.5]
		},
		"firstperson_lefthand": {
			"rotation": [11, 34, -3],
			"scale": [0.5, 0.5, 0.5]
		},
		"ground": {
			"translation": [-4, 3.25, 0],
			"scale": [0.5, 0.5, 0.5]
		},
		"gui": {
			"rotation": [28, -160, 0],
			"translation": [3.75, -0.25, 0],
			"scale": [0.4, 0.4, 0.4]
		},
		"head": {
			"translation": [-5, 10.5, 0],
			"scale": [0.55, 0.55, 0.55]
		},
		"fixed": {
			"rotation": [-90, 180, 0],
			"translation": [10.5, 0, -8]
		}
	},
	"groups": [
		{
			"name": "motorcycle",
			"origin": [19.5, -1, -1],
			"color": 0,
			"children": [
				0,
				{
					"name": "body_gray",
					"origin": [14.75, 7.93987, 5.80949],
					"color": 0,
					"children": [1, 2, 3, 4, 5, 6, 7, 8, 9, 10, 11, 12, 13, 14, 15, 16, 17, 18, 19, 20, 21, 22, 23, 24, 25, 26, 27, 28, 29, 30, 31]
				},
				32,
				{
					"name": "off_gray",
					"origin": [8, 16.75, 22.5],
					"color": 0,
					"children": [33, 34, 35, 36, 37, 38, 39, 40]
				},
				41,
				{
					"name": "sidecar",
					"origin": [19.5, -1, -1],
					"color": 0,
					"children": [
						42,
						43,
						44,
						45,
						46,
						47,
						48,
						49,
						50,
						51,
						52,
						53,
						{
							"name": "sidecar_spare_tire",
							"origin": [40, 17, 10.5],
							"color": 0,
							"children": [54, 55]
						},
						56,
						57,
						58,
						59,
						60,
						61,
						62,
						{
							"name": "sidecar_tire",
							"origin": [28.5, 5, 18],
							"color": 0,
							"children": [63, 64, 65]
						}
					]
				},
				{
					"name": "motorcycle_back",
					"origin": [6.5, 5, 22.5],
					"color": 0,
					"children": [66, 67, 68]
				},
				{
					"name": "motorcycle_front",
					"origin": [6.5, 5, -8.5],
					"color": 0,
					"children": [69, 70, 71]
				}
			]
		}
	]
}