{
	"credit": "Made with Blockbench",
	"texture_size": [64, 64],
	"textures": {
		"0": "hazbin:item/chair",
		"particle": "hazbin:item/chair"
	},
	"elements": [
		{
			"from": [2, 0, 13],
			"to": [4, 22, 15],
			"rotation": {"angle": 0, "axis": "y", "origin": [8, 8, 8]},
			"faces": {
				"north": {"uv": [0.5, 6, 1, 11.5], "texture": "#0"},
				"east": {"uv": [1, 6, 1.5, 11.5], "texture": "#0"},
				"south": {"uv": [1.5, 6, 2, 11.5], "texture": "#0"},
				"west": {"uv": [0, 6, 0.5, 11.5], "texture": "#0"},
				"up": {"uv": [7, 3.5, 6.5, 3], "rotation": 270, "texture": "#0"},
				"down": {"uv": [8.5, 1.5, 8, 2], "rotation": 90, "texture": "#0"}
			}
		},
		{
			"from": [2, 0, 2],
			"to": [4, 6, 4],
			"rotation": {"angle": 0, "axis": "y", "origin": [8, 8, 8]},
			"faces": {
				"north": {"uv": [6, 6.5, 6.5, 8], "texture": "#0"},
				"east": {"uv": [6.5, 6.5, 7, 8], "texture": "#0"},
				"south": {"uv": [7, 1.5, 7.5, 3], "texture": "#0"},
				"west": {"uv": [6.5, 1.5, 7, 3], "texture": "#0"},
				"up": {"uv": [8.5, 2.5, 8, 2], "rotation": 270, "texture": "#0"},
				"down": {"uv": [8.5, 2.5, 8, 3], "rotation": 90, "texture": "#0"}
			}
		},
		{
			"from": [12, 0, 2],
			"to": [14, 6, 4],
			"rotation": {"angle": 0, "axis": "y", "origin": [8, 8, 8]},
			"faces": {
				"north": {"uv": [7, 4.5, 7.5, 6], "texture": "#0"},
				"east": {"uv": [7, 6.5, 7.5, 8], "texture": "#0"},
				"south": {"uv": [7.5, 1.5, 8, 3], "texture": "#0"},
				"west": {"uv": [7, 3, 7.5, 4.5], "texture": "#0"},
				"up": {"uv": [8.5, 7, 8, 6.5], "rotation": 270, "texture": "#0"},
				"down": {"uv": [7.25, 8, 6.75, 8.5], "rotation": 90, "texture": "#0"}
			}
		},
		{
			"from": [4, 2, 3],
			"to": [12, 3, 4],
			"rotation": {"angle": 0, "axis": "y", "origin": [8, 8, 8]},
			"faces": {
				"north": {"uv": [7.5, 5, 9.5, 5.25], "texture": "#0"},
				"east": {"uv": [7.25, 8, 7.5, 8.25], "texture": "#0"},
				"south": {"uv": [7.5, 5.25, 9.5, 5.5], "texture": "#0"},
				"west": {"uv": [8, 7, 8.25, 7.25], "texture": "#0"},
				"up": {"uv": [7.75, 7.5, 7.5, 5.5], "rotation": 270, "texture": "#0"},
				"down": {"uv": [7.75, 7.5, 7.5, 9.5], "rotation": 90, "texture": "#0"}
			}
		},
		{
			"from": [4, 2, 13],
			"to": [12, 3, 14],
			"rotation": {"angle": 0, "axis": "y", "origin": [8, 8, 8]},
			"faces": {
				"north": {"uv": [7.75, 5.5, 9.75, 5.75], "texture": "#0"},
				"east": {"uv": [8, 7.5, 8.25, 7.75], "texture": "#0"},
				"south": {"uv": [7.75, 5.75, 9.75, 6], "texture": "#0"},
				"west": {"uv": [8, 7.25, 8.25, 7.5], "texture": "#0"},
				"up": {"uv": [8, 8, 7.75, 6], "rotation": 270, "texture": "#0"},
				"down": {"uv": [6.25, 8, 6, 10], "rotation": 90, "texture": "#0"}
			}
		},
		{
			"from": [12, 2, 4],
			"to": [13, 3, 13],
			"rotation": {"angle": 0, "axis": "y", "origin": [8, 8, 8]},
			"faces": {
				"north": {"uv": [8, 8, 8.25, 8.25], "texture": "#0"},
				"east": {"uv": [7.5, 4.25, 9.75, 4.5], "texture": "#0"},
				"south": {"uv": [8.25, 7, 8.5, 7.25], "texture": "#0"},
				"west": {"uv": [7.5, 4, 9.75, 4.25], "texture": "#0"},
				"up": {"uv": [9.75, 4.75, 7.5, 4.5], "rotation": 270, "texture": "#0"},
				"down": {"uv": [9.75, 4.75, 7.5, 5], "rotation": 90, "texture": "#0"}
			}
		},
		{
			"from": [3, 2, 4],
			"to": [4, 3, 13],
			"rotation": {"angle": 0, "axis": "y", "origin": [8, 8, 8]},
			"faces": {
				"north": {"uv": [7.75, 8, 8, 8.25], "texture": "#0"},
				"east": {"uv": [7.5, 3.25, 9.75, 3.5], "texture": "#0"},
				"south": {"uv": [8, 7.75, 8.25, 8], "texture": "#0"},
				"west": {"uv": [7.5, 3, 9.75, 3.25], "texture": "#0"},
				"up": {"uv": [9.75, 3.75, 7.5, 3.5], "rotation": 270, "texture": "#0"},
				"down": {"uv": [9.75, 3.75, 7.5, 4], "rotation": 90, "texture": "#0"}
			}
		},
		{
			"from": [12, 0, 13],
			"to": [14, 22, 15],
			"rotation": {"angle": 0, "axis": "y", "origin": [8, 8, 8]},
			"faces": {
				"north": {"uv": [2.5, 6, 3, 11.5], "texture": "#0"},
				"east": {"uv": [3, 6, 3.5, 11.5], "texture": "#0"},
				"south": {"uv": [3.5, 6, 4, 11.5], "texture": "#0"},
				"west": {"uv": [2, 6, 2.5, 11.5], "texture": "#0"},
				"up": {"uv": [8.5, 6.5, 8, 6], "rotation": 270, "texture": "#0"},
				"down": {"uv": [6.75, 8, 6.25, 8.5], "rotation": 90, "texture": "#0"}
			}
		},
		{
			"from": [1, 11, 12],
			"to": [15, 21, 14],
			"rotation": {"angle": 0, "axis": "y", "origin": [8, 8, 8]},
			"faces": {
				"north": {"uv": [0, 3.5, 3.5, 6], "texture": "#0"},
				"east": {"uv": [5.5, 6.5, 6, 9], "texture": "#0"},
				"south": {"uv": [3.5, 3.5, 7, 6], "texture": "#0"},
				"west": {"uv": [5, 6.5, 5.5, 9], "texture": "#0"},
				"up": {"uv": [4.5, 10, 4, 6.5], "rotation": 270, "texture": "#0"},
				"down": {"uv": [5, 6.5, 4.5, 10], "rotation": 90, "texture": "#0"}
			}
		},
		{
			"from": [1, 6, 1],
			"to": [15, 8, 14],
			"rotation": {"angle": 0, "axis": "y", "origin": [8, 8, 8]},
			"faces": {
				"north": {"uv": [4, 6, 7.5, 6.5], "texture": "#0"},
				"east": {"uv": [6.5, 1, 9.75, 1.5], "texture": "#0"},
				"south": {"uv": [6.5, 0, 10, 0.5], "texture": "#0"},
				"west": {"uv": [6.5, 0.5, 9.75, 1], "texture": "#0"},
				"up": {"uv": [3.25, 3.5, 0, 0], "rotation": 270, "texture": "#0"},
				"down": {"uv": [6.5, 0, 3.25, 3.5], "rotation": 90, "texture": "#0"}
			}
		}
	],
	"display": {
		"thirdperson_righthand": {
			"rotation": [75, 45, 0],
			"translation": [0, 2.5, 0],
			"scale": [0.375, 0.375, 0.375]
		},
		"thirdperson_lefthand": {
			"rotation": [75, 45, 0],
			"translation": [0, 2.5, 0],
			"scale": [0.375, 0.375, 0.375]
		},
		"firstperson_righthand": {
			"rotation": [0, 45, 0],
			"scale": [0.4, 0.4, 0.4]
		},
		"firstperson_lefthand": {
			"rotation": [0, 225, 0],
			"scale": [0.4, 0.4, 0.4]
		},
		"ground": {
			"translation": [0, 3, 0],
			"scale": [0.25, 0.25, 0.25]
		},
		"gui": {
			"rotation": [30, 225, 0],
			"translation": [0, -1, 0],
			"scale": [0.625, 0.625, 0.625]
		},
		"head": {
			"translation": [0, 11.75, -0.5],
			"scale": [0.7, 0.7, 0.7]
		},
		"fixed": {
			"rotation": [-90, 0, 0],
			"translation": [0, 0, -16],
			"scale": [2, 2, 2]
		}
	}
}