{
	"format_version": "1.21.6",
	"credit": "Made with Blockbench",
	"texture_size": [32, 32],
	"textures": {
		"0": "hazbin:item/charlie_crown",
		"particle": "hazbin:item/charlie_crown"
	},
	"elements": [
		{
			"from": [10, 7, 6],
			"to": [12, 12, 8],
			"rotation": {"angle": 22.5, "axis": "x", "origin": [8, 12, 7]},
			"faces": {
				"north": {"uv": [0, 0, 1, 2.5], "texture": "#0"},
				"east": {"uv": [1, 0, 2, 2.5], "texture": "#0"},
				"south": {"uv": [2, 0, 3, 2.5], "texture": "#0"},
				"west": {"uv": [0, 2.5, 1, 5], "texture": "#0"},
				"up": {"uv": [7, 1, 6, 0], "texture": "#0"},
				"down": {"uv": [7, 1, 6, 2], "texture": "#0"}
			}
		},
		{
			"from": [10.25, 12, 6.5],
			"to": [11.25, 17, 7.5],
			"rotation": {"angle": 22.5, "axis": "x", "origin": [8, 12, 7]},
			"faces": {
				"north": {"uv": [4, 4, 4.5, 6.5], "texture": "#0"},
				"east": {"uv": [4.5, 4, 5, 6.5], "texture": "#0"},
				"south": {"uv": [0, 5, 0.5, 7.5], "texture": "#0"},
				"west": {"uv": [0.5, 5, 1, 7.5], "texture": "#0"},
				"up": {"uv": [7.5, 2.5, 7, 2], "texture": "#0"},
				"down": {"uv": [7.5, 2.5, 7, 3], "texture": "#0"}
			}
		},
		{
			"from": [4, 7, 6],
			"to": [6, 12, 8],
			"rotation": {"angle": 22.5, "axis": "x", "origin": [8, 12, 7]},
			"faces": {
				"north": {"uv": [1, 2.5, 2, 5], "texture": "#0"},
				"east": {"uv": [2, 2.5, 3, 5], "texture": "#0"},
				"south": {"uv": [3, 0, 4, 2.5], "texture": "#0"},
				"west": {"uv": [3, 2.5, 4, 5], "texture": "#0"},
				"up": {"uv": [8, 1, 7, 0], "texture": "#0"},
				"down": {"uv": [8, 1, 7, 2], "texture": "#0"}
			}
		},
		{
			"from": [4.75, 12, 6.5],
			"to": [5.75, 17, 7.5],
			"rotation": {"angle": 22.5, "axis": "x", "origin": [8, 12, 7]},
			"faces": {
				"north": {"uv": [3, 5, 3.5, 7.5], "texture": "#0"},
				"east": {"uv": [3.5, 5, 4, 7.5], "texture": "#0"},
				"south": {"uv": [5, 4, 5.5, 6.5], "texture": "#0"},
				"west": {"uv": [5.5, 4, 6, 6.5], "texture": "#0"},
				"up": {"uv": [7.5, 6.5, 7, 6], "texture": "#0"},
				"down": {"uv": [7.5, 6.5, 7, 7], "texture": "#0"}
			}
		},
		{
			"from": [6, 8, 6.85],
			"to": [10, 10, 8.85],
			"rotation": {"angle": 0, "axis": "y", "origin": [0, 0.5, 0]},
			"faces": {
				"north": {"uv": [4, 0, 6, 1], "texture": "#0"},
				"east": {"uv": [6, 2, 7, 3], "texture": "#0"},
				"south": {"uv": [4, 1, 6, 2], "texture": "#0"},
				"west": {"uv": [6, 3, 7, 4], "texture": "#0"},
				"up": {"uv": [6, 3, 4, 2], "texture": "#0"},
				"down": {"uv": [6, 3, 4, 4], "texture": "#0"}
			}
		},
		{
			"from": [9, 9.25, 7.1],
			"to": [10, 13.25, 8.1],
			"rotation": {"angle": 0, "axis": "y", "origin": [0, 0.5, 0]},
			"faces": {
				"north": {"uv": [6, 4, 6.5, 6], "texture": "#0"},
				"east": {"uv": [6, 6, 6.5, 8], "texture": "#0"},
				"south": {"uv": [4, 6.5, 4.5, 8.5], "texture": "#0"},
				"west": {"uv": [6.5, 4, 7, 6], "texture": "#0"},
				"up": {"uv": [7.5, 3.5, 7, 3], "texture": "#0"},
				"down": {"uv": [7.5, 3.5, 7, 4], "texture": "#0"}
			}
		},
		{
			"from": [6, 9.25, 7.1],
			"to": [7, 13.25, 8.1],
			"rotation": {"angle": 0, "axis": "y", "origin": [0, 0.5, 0]},
			"faces": {
				"north": {"uv": [4.5, 6.5, 5, 8.5], "texture": "#0"},
				"east": {"uv": [5, 6.5, 5.5, 8.5], "texture": "#0"},
				"south": {"uv": [5.5, 6.5, 6, 8.5], "texture": "#0"},
				"west": {"uv": [6.5, 6, 7, 8], "texture": "#0"},
				"up": {"uv": [7.5, 4.5, 7, 4], "texture": "#0"},
				"down": {"uv": [7.5, 4.5, 7, 5], "texture": "#0"}
			}
		},
		{
			"from": [7.5, 9.25, 7.1],
			"to": [8.5, 14.25, 8.1],
			"rotation": {"angle": 0, "axis": "y", "origin": [0, 0.5, 0]},
			"faces": {
				"north": {"uv": [1, 5, 1.5, 7.5], "texture": "#0"},
				"east": {"uv": [1.5, 5, 2, 7.5], "texture": "#0"},
				"south": {"uv": [2, 5, 2.5, 7.5], "texture": "#0"},
				"west": {"uv": [2.5, 5, 3, 7.5], "texture": "#0"},
				"up": {"uv": [7.5, 5.5, 7, 5], "texture": "#0"},
				"down": {"uv": [7.5, 5.5, 7, 6], "texture": "#0"}
			}
		}
	],
	"display": {
		"thirdperson_righthand": {
			"translation": [0, 0, 0.75],
			"scale": [0.73, 0.73, 0.73]
		},
		"thirdperson_lefthand": {
			"translation": [0, 0, 0.75],
			"scale": [0.73, 0.73, 0.73]
		},
		"firstperson_righthand": {
			"translation": [1.25, 0, 0],
			"scale": [0.85, 0.85, 0.85]
		},
		"firstperson_lefthand": {
			"translation": [1.25, 0, 0],
			"scale": [0.85, 0.85, 0.85]
		},
		"ground": {
			"translation": [0, -0.25, 0]
		},
		"gui": {
			"rotation": [18, 147, 0],
			"translation": [0, -3.75, 0]
		},
		"head": {
			"translation": [0, 6.25, 0],
			"scale": [1.599, 1.6, 1.6]
		},
		"fixed": {
			"translation": [0, -4.25, 0]
		}
	}
}