{
	"format_version": "1.21.6",
	"credit": "Made with Blockbench",
	"texture_size": [128, 128],
	"textures": {
		"0": "hazbin:item/charlie_shield"
	},
	"elements": [
		{
			"name": "bone",
			"from": [0, 0, 7],
			"to": [16, 16, 9],
			"rotation": {"angle": 0, "axis": "y", "origin": [8, 0, 8]},
			"faces": {
				"north": {"uv": [4, 0, 6, 2], "texture": "#0"},
				"east": {"uv": [3.625, 4.125, 3.875, 6.125], "texture": "#0"},
				"south": {"uv": [4, 2, 6, 4], "texture": "#0"},
				"west": {"uv": [3.25, 5.5, 3.5, 7.5], "texture": "#0"},
				"up": {"uv": [7.75, 5.625, 5.75, 5.375], "texture": "#0"},
				"down": {"uv": [7.75, 5.625, 5.75, 5.875], "texture": "#0"}
			}
		},
		{
			"name": "bone",
			"from": [0, -10, 7.5],
			"to": [16, 23, 7.5],
			"rotation": {"angle": 0, "axis": "y", "origin": [8, 0, 8]},
			"faces": {
				"north": {"uv": [0, 0, 2, 4.125], "texture": "#0"},
				"east": {"uv": [0, 0, 0, 4.125], "texture": "#0"},
				"south": {"uv": [2, 0, 4, 4.125], "texture": "#0"},
				"west": {"uv": [0, 0, 0, 4.125], "texture": "#0"},
				"up": {"uv": [2, 0, 0, 0], "texture": "#0"},
				"down": {"uv": [2, 0, 0, 0], "texture": "#0"}
			}
		},
		{
			"name": "bone",
			"from": [20.8, -10.075, -4.6],
			"to": [26.8, 22.925, -4.6],
			"rotation": {"angle": -45, "axis": "y", "origin": [4.8, -0.075, -5.6]},
			"faces": {
				"north": {"uv": [4, 4, 4.75, 8.125], "texture": "#0"},
				"east": {"uv": [0, 0, 0, 4.125], "texture": "#0"},
				"south": {"uv": [0, 4.125, 0.75, 8.25], "texture": "#0"},
				"west": {"uv": [0, 0, 0, 4.125], "texture": "#0"},
				"up": {"uv": [0.75, 0, 0, 0], "texture": "#0"},
				"down": {"uv": [0.75, 0, 0, 0], "texture": "#0"}
			}
		},
		{
			"name": "bone",
			"from": [-10.8, -10.075, -4.6],
			"to": [-4.8, 22.925, -4.6],
			"rotation": {"angle": 45, "axis": "y", "origin": [11.2, -0.075, -5.6]},
			"faces": {
				"north": {"uv": [0.75, 4.125, 1.5, 8.25], "texture": "#0"},
				"east": {"uv": [0, 0, 0, 4.125], "texture": "#0"},
				"south": {"uv": [1.5, 4.125, 2.25, 8.25], "texture": "#0"},
				"west": {"uv": [0, 0, 0, 4.125], "texture": "#0"},
				"up": {"uv": [0.75, 0, 0, 0], "texture": "#0"},
				"down": {"uv": [0.75, 0, 0, 0], "texture": "#0"}
			}
		},
		{
			"name": "bone",
			"from": [10.01, -8.49, 7.01],
			"to": [20.99, 2.49, 8.99],
			"rotation": {"angle": 45, "axis": "z", "origin": [8, -10.5, 7]},
			"faces": {
				"north": {"uv": [2.25, 4.125, 3.625, 5.5], "texture": "#0"},
				"east": {"uv": [5.75, 5.875, 6, 7.25], "texture": "#0"},
				"south": {"uv": [4.75, 4, 6.125, 5.375], "texture": "#0"},
				"west": {"uv": [6, 0, 6.25, 1.375], "texture": "#0"},
				"up": {"uv": [7.375, 1.625, 6, 1.375], "texture": "#0"},
				"down": {"uv": [7.375, 1.625, 6, 1.875], "texture": "#0"}
			}
		},
		{
			"name": "bone",
			"from": [13.99, -8.51, 5.99],
			"to": [17.01, -5.49, 8.01],
			"rotation": {"angle": 45, "axis": "z", "origin": [8, -14.5, 6]},
			"faces": {
				"north": {"uv": [6.125, 4.625, 6.5, 5], "texture": "#0"},
				"east": {"uv": [3.75, 6.125, 4, 6.5], "texture": "#0"},
				"south": {"uv": [6.125, 5, 6.5, 5.375], "texture": "#0"},
				"west": {"uv": [6.25, 1, 6.5, 1.375], "texture": "#0"},
				"up": {"uv": [6.625, 2.125, 6.25, 1.875], "texture": "#0"},
				"down": {"uv": [6.625, 2.125, 6.25, 2.375], "texture": "#0"}
			}
		},
		{
			"name": "bone",
			"from": [7.5, -2.5, 6],
			"to": [8.5, 2.5, 7],
			"rotation": {"angle": 0, "axis": "y", "origin": [8, 0, 8]},
			"faces": {
				"north": {"uv": [3.875, 4.125, 4, 4.75], "texture": "#0"},
				"east": {"uv": [3.875, 4.75, 4, 5.375], "texture": "#0"},
				"south": {"uv": [3.875, 5.375, 4, 6], "texture": "#0"},
				"west": {"uv": [3.5, 5.5, 3.625, 6.125], "texture": "#0"},
				"up": {"uv": [6.125, 3.375, 6, 3.25], "texture": "#0"},
				"down": {"uv": [6.125, 3.375, 6, 3.5], "texture": "#0"}
			}
		}
	],
	"display": {
		"thirdperson_righthand": {
			"rotation": [20, -52, 0],
			"translation": [1.5, 0, 0]
		},
		"thirdperson_lefthand": {
			"rotation": [20, -52, 0],
			"translation": [1.5, 0, 0]
		},
		"firstperson_righthand": {
			"rotation": [0, 18, 0],
			"translation": [6.25, -1, 0]
		},
		"firstperson_lefthand": {
			"rotation": [0, 18, 0],
			"translation": [6.25, -1, 0]
		},
		"ground": {
			"rotation": [90, 0, 0],
			"translation": [0, 0, 0.25],
			"scale": [0.5, 0.5, 0.5]
		},
		"gui": {
			"rotation": [-14, 150, 34],
			"translation": [0, 1, 0],
			"scale": [0.54, 0.54, 0.54]
		},
		"head": {
			"translation": [0, 0, -6.25]
		},
		"fixed": {
			"translation": [0, 0, -2.75]
		},
		"on_shelf": {
			"rotation": [0, 180, 0],
			"translation": [0, 10.25, 0]
		}
	},
	"groups": [
		{
			"name": "bone",
			"origin": [0, 0, 0],
			"color": 0,
			"children": [0, 1, 2, 3, 4, 5, 6]
		}
	]
}