{
	"format_version": "1.21.6",
	"credit": "Made with Blockbench",
	"texture_size": [64, 64],
	"textures": {
		"1": "hazbin:item/charlie_crown",
		"2": "hazbin:item/charlie_angry_eyes",
		"particle": "hazbin:item/charlie_crown"
	},
	"elements": [
		{
			"from": [5, 1.1, 3.999],
			"to": [11, 3.1, 3.999],
			"rotation": {"angle": 0, "axis": "y", "origin": [5, 1.1, 1.975]},
			"faces": {
				"north": {"uv": [0, 0, 1.5, 0.5], "texture": "#2"},
				"east": {"uv": [0, 0, 0, 0.5], "texture": "#2"},
				"south": {"uv": [0, 0, 1.5, 0.5], "texture": "#2"},
				"west": {"uv": [0, 0, 0, 0.5], "texture": "#2"},
				"up": {"uv": [0, 0, 1.5, 0], "texture": "#2"},
				"down": {"uv": [0, 0, 1.5, 0], "texture": "#2"}
			}
		},
		{
			"from": [10.001, 7.001, 6.001],
			"to": [11.999, 11.999, 7.999],
			"rotation": {"angle": 22.5, "axis": "x", "origin": [8, 12, 7]},
			"faces": {
				"north": {"uv": [0, 0, 1, 2.5], "texture": "#1"},
				"east": {"uv": [1, 0, 2, 2.5], "texture": "#1"},
				"south": {"uv": [2, 0, 3, 2.5], "texture": "#1"},
				"west": {"uv": [0, 2.5, 1, 5], "texture": "#1"},
				"up": {"uv": [7, 1, 6, 0], "texture": "#1"},
				"down": {"uv": [7, 1, 6, 2], "texture": "#1"}
			}
		},
		{
			"from": [10.251, 12.001, 6.501],
			"to": [11.249, 16.999, 7.499],
			"rotation": {"angle": 22.5, "axis": "x", "origin": [8, 12, 7]},
			"faces": {
				"north": {"uv": [4, 4, 4.5, 6.5], "texture": "#1"},
				"east": {"uv": [4.5, 4, 5, 6.5], "texture": "#1"},
				"south": {"uv": [0, 5, 0.5, 7.5], "texture": "#1"},
				"west": {"uv": [0.5, 5, 1, 7.5], "texture": "#1"},
				"up": {"uv": [7.5, 2.5, 7, 2], "texture": "#1"},
				"down": {"uv": [7.5, 2.5, 7, 3], "texture": "#1"}
			}
		},
		{
			"from": [4.001, 7.001, 6.001],
			"to": [5.999, 11.999, 7.999],
			"rotation": {"angle": 22.5, "axis": "x", "origin": [8, 12, 7]},
			"faces": {
				"north": {"uv": [1, 2.5, 2, 5], "texture": "#1"},
				"east": {"uv": [2, 2.5, 3, 5], "texture": "#1"},
				"south": {"uv": [3, 0, 4, 2.5], "texture": "#1"},
				"west": {"uv": [3, 2.5, 4, 5], "texture": "#1"},
				"up": {"uv": [8, 1, 7, 0], "texture": "#1"},
				"down": {"uv": [8, 1, 7, 2], "texture": "#1"}
			}
		},
		{
			"from": [4.751, 12.001, 6.501],
			"to": [5.749, 16.999, 7.499],
			"rotation": {"angle": 22.5, "axis": "x", "origin": [8, 12, 7]},
			"faces": {
				"north": {"uv": [3, 5, 3.5, 7.5], "texture": "#1"},
				"east": {"uv": [3.5, 5, 4, 7.5], "texture": "#1"},
				"south": {"uv": [5, 4, 5.5, 6.5], "texture": "#1"},
				"west": {"uv": [5.5, 4, 6, 6.5], "texture": "#1"},
				"up": {"uv": [7.5, 6.5, 7, 6], "texture": "#1"},
				"down": {"uv": [7.5, 6.5, 7, 7], "texture": "#1"}
			}
		},
		{
			"from": [9.25, 1.1, 3.998],
			"to": [10.25, 3.1, 3.998],
			"rotation": {"angle": 0, "axis": "y", "origin": [11.25, 1.35, 1.975]},
			"faces": {
				"north": {"uv": [0.25, 0.5, 0, 1], "texture": "#2"},
				"east": {"uv": [0, 0, 0, 0.5], "texture": "#missing"},
				"south": {"uv": [0.25, 0, 0, 0.5], "texture": "#missing"},
				"west": {"uv": [0, 0, 0, 0.5], "texture": "#missing"},
				"up": {"uv": [0.25, 0, 0, 0], "texture": "#missing"},
				"down": {"uv": [0.25, 0, 0, 0], "texture": "#missing"}
			}
		},
		{
			"from": [5.75, 1.1, 3.998],
			"to": [6.75, 3.1, 3.998],
			"rotation": {"angle": 0, "axis": "y", "origin": [7.75, 1.35, 1.975]},
			"faces": {
				"north": {"uv": [0.25, 0.5, 0, 1], "texture": "#2"},
				"east": {"uv": [0, 0, 0, 0.5], "texture": "#missing"},
				"south": {"uv": [0.25, 0, 0, 0.5], "texture": "#missing"},
				"west": {"uv": [0, 0, 0, 0.5], "texture": "#missing"},
				"up": {"uv": [0.25, 0, 0, 0], "texture": "#missing"},
				"down": {"uv": [0.25, 0, 0, 0], "texture": "#missing"}
			}
		}
	],
	"display": {
		"thirdperson_righthand": {
			"translation": [0, 0.5, 1.5],
			"scale": [0.5, 0.5, 0.5]
		},
		"thirdperson_lefthand": {
			"translation": [0, 0.5, 1.5],
			"scale": [0.5, 0.5, 0.5]
		},
		"firstperson_righthand": {
			"rotation": [0, -180, 0],
			"translation": [0.25, 5.25, 0],
			"scale": [0.5, 0.5, 0.5]
		},
		"firstperson_lefthand": {
			"rotation": [0, -180, 0],
			"translation": [0.25, 5.25, 0],
			"scale": [0.5, 0.5, 0.5]
		},
		"ground": {
			"rotation": [80, 0, 0],
			"translation": [0, -0.25, 0]
		},
		"gui": {
			"rotation": [151.63, 51.33, -141.29],
			"translation": [0.5, -1.5, 0],
			"scale": [1.04, 1.04, 1.04]
		},
		"head": {
			"translation": [0, 6.25, 0],
			"scale": [1.599, 1.6, 1.6]
		},
		"fixed": {
			"rotation": [-11, 0, 0],
			"translation": [0, -0.5, 1.5],
			"scale": [1.15, 1.15, 1.15]
		},
		"on_shelf": {
			"rotation": [11, 180, 0],
			"translation": [0, 0, -3.25],
			"scale": [1.92, 1.92, 1.92]
		}
	},
	"groups": [
		{
			"name": "group",
			"origin": [5, 1, 1.95],
			"color": 0,
			"children": [0, 1, 2, 3, 4, 5, 6]
		}
	]
}