{
	"format_version": "1.21.6",
	"credit": "Made with Blockbench",
	"texture_size": [64, 64],
	"textures": {
		"2": "hazbin:item/charlie_angry_eyes",
		"particle": "hazbin:item/charlie_crown"
	},
	"elements": [
		{
			"from": [5, 1.1, 3.999],
			"to": [11, 3.1, 3.999],
			"rotation": {"angle": 0, "axis": "y", "origin": [5, 1.1, 1.975]},
			"faces": {
				"north": {"uv": [0, 0, 1.5, 0.5], "texture": "#2"},
				"east": {"uv": [0, 0, 0, 0.5], "texture": "#2"},
				"south": {"uv": [0, 0, 1.5, 0.5], "texture": "#2"},
				"west": {"uv": [0, 0, 0, 0.5], "texture": "#2"},
				"up": {"uv": [0, 0, 1.5, 0], "texture": "#2"},
				"down": {"uv": [0, 0, 1.5, 0], "texture": "#2"}
			}
		},
		{
			"from": [9.25, 1.1, 3.998],
			"to": [10.25, 3.1, 3.998],
			"rotation": {"angle": 0, "axis": "y", "origin": [11.25, 1.35, 1.975]},
			"faces": {
				"north": {"uv": [0.25, 0.5, 0, 1], "texture": "#2"},
				"east": {"uv": [0, 0, 0, 0.5], "texture": "#missing"},
				"south": {"uv": [0.25, 0, 0, 0.5], "texture": "#missing"},
				"west": {"uv": [0, 0, 0, 0.5], "texture": "#missing"},
				"up": {"uv": [0.25, 0, 0, 0], "texture": "#missing"},
				"down": {"uv": [0.25, 0, 0, 0], "texture": "#missing"}
			}
		},
		{
			"from": [5.75, 1.1, 3.998],
			"to": [6.75, 3.1, 3.998],
			"rotation": {"angle": 0, "axis": "y", "origin": [7.75, 1.35, 1.975]},
			"faces": {
				"north": {"uv": [0.25, 0.5, 0, 1], "texture": "#2"},
				"east": {"uv": [0, 0, 0, 0.5], "texture": "#missing"},
				"south": {"uv": [0.25, 0, 0, 0.5], "texture": "#missing"},
				"west": {"uv": [0, 0, 0, 0.5], "texture": "#missing"},
				"up": {"uv": [0.25, 0, 0, 0], "texture": "#missing"},
				"down": {"uv": [0.25, 0, 0, 0], "texture": "#missing"}
			}
		}
	],
	"display": {
		"thirdperson_righthand": {
			"translation": [0, 0.5, 1.5],
			"scale": [0.5, 0.5, 0.5]
		},
		"thirdperson_lefthand": {
			"translation": [0, 0.5, 1.5],
			"scale": [0.5, 0.5, 0.5]
		},
		"firstperson_righthand": {
			"rotation": [0, -180, 0],
			"translation": [-1, 7.5, 0],
			"scale": [0.75, 0.75, 0.75]
		},
		"firstperson_lefthand": {
			"rotation": [0, -180, 0],
			"translation": [-1, 7.5, 0],
			"scale": [0.75, 0.75, 0.75]
		},
		"ground": {
			"rotation": [90, 0, 0],
			"translation": [0, -5.25, 5.75]
		},
		"gui": {
			"rotation": [0, 180, 0],
			"translation": [0, 11.25, 0],
			"scale": [2, 2, 2]
		},
		"head": {
			"translation": [0, 6.25, 0],
			"scale": [1.599, 1.6, 1.6]
		},
		"fixed": {
			"translation": [0, 11.75, 7.75],
			"scale": [2, 2, 2]
		},
		"on_shelf": {
			"rotation": [0, 180, 0],
			"translation": [0, 24.5, -10.5],
			"scale": [2.75, 2.75, 2.75]
		}
	},
	"groups": [
		{
			"name": "group",
			"origin": [5, 1, 1.95],
			"color": 0,
			"children": [0, 1, 2]
		}
	]
}