{
	"format_version": "1.21.6",
	"credit": "Made with Blockbench",
	"texture_size": [64, 64],
	"textures": {
		"0": "hazbin:item/charlie_pitchfork",
		"particle": "hazbin:item/charlie_pitchfork"
	},
	"elements": [
		{
			"from": [7.5, -15, 7.5],
			"to": [8.5, 18, 8.5],
			"rotation": {"angle": 0, "axis": "y", "origin": [6.5, 0, 7.5]},
			"faces": {
				"north": {"uv": [0, 3, 0.25, 11.25], "texture": "#0"},
				"east": {"uv": [0.25, 3, 0.5, 11.25], "texture": "#0"},
				"south": {"uv": [0.5, 3, 0.75, 11.25], "texture": "#0"},
				"west": {"uv": [0.75, 3, 1, 11.25], "texture": "#0"},
				"up": {"uv": [2.75, 5.5, 2.5, 5.25], "texture": "#0"},
				"down": {"uv": [3, 5.25, 2.75, 5.5], "texture": "#0"}
			}
		},
		{
			"from": [7.4, -15.1, 7.4],
			"to": [8.6, 18.1, 8.6],
			"rotation": {"angle": 0, "axis": "y", "origin": [6.5, 0, 7.5]},
			"faces": {
				"north": {"uv": [1, 3, 1.25, 11.25], "texture": "#0"},
				"east": {"uv": [1.25, 3, 1.5, 11.25], "texture": "#0"},
				"south": {"uv": [1.5, 3, 1.75, 11.25], "texture": "#0"},
				"west": {"uv": [1.75, 3, 2, 11.25], "texture": "#0"},
				"up": {"uv": [3.25, 5.5, 3, 5.25], "texture": "#0"},
				"down": {"uv": [3.5, 5.25, 3.25, 5.5], "texture": "#0"}
			}
		},
		{
			"from": [7, -16, 7],
			"to": [9, -14, 9],
			"rotation": {"angle": 0, "axis": "y", "origin": [6, -1, 7]},
			"faces": {
				"north": {"uv": [5, 3, 5.5, 3.5], "texture": "#0"},
				"east": {"uv": [5, 3.5, 5.5, 4], "texture": "#0"},
				"south": {"uv": [5, 4, 5.5, 4.5], "texture": "#0"},
				"west": {"uv": [5, 4.5, 5.5, 5], "texture": "#0"},
				"up": {"uv": [5.5, 5.5, 5, 5], "texture": "#0"},
				"down": {"uv": [2.5, 5.25, 2, 5.75], "texture": "#0"}
			}
		},
		{
			"from": [6.5, 18, 6.5],
			"to": [9.5, 21, 9.5],
			"rotation": {"angle": 0, "axis": "y", "origin": [6.5, 33, 6.5]},
			"faces": {
				"north": {"uv": [4.25, 3, 5, 3.75], "texture": "#0"},
				"east": {"uv": [4.25, 3.75, 5, 4.5], "texture": "#0"},
				"south": {"uv": [2, 4.5, 2.75, 5.25], "texture": "#0"},
				"west": {"uv": [2.75, 4.5, 3.5, 5.25], "texture": "#0"},
				"up": {"uv": [4.25, 5.25, 3.5, 4.5], "texture": "#0"},
				"down": {"uv": [5, 4.5, 4.25, 5.25], "texture": "#0"}
			}
		},
		{
			"from": [6.4, 17.9, 6.4],
			"to": [9.6, 21.1, 9.6],
			"rotation": {"angle": 0, "axis": "y", "origin": [6.5, 33, 6.5]},
			"faces": {
				"north": {"uv": [2, 3, 2.75, 3.75], "texture": "#0"},
				"east": {"uv": [2.75, 3, 3.5, 3.75], "texture": "#0"},
				"south": {"uv": [3.5, 3, 4.25, 3.75], "texture": "#0"},
				"west": {"uv": [2, 3.75, 2.75, 4.5], "texture": "#0"},
				"up": {"uv": [3.5, 4.5, 2.75, 3.75], "texture": "#0"},
				"down": {"uv": [4.25, 3.75, 3.5, 4.5], "texture": "#0"}
			}
		},
		{
			"from": [2.5, 20, 8],
			"to": [13.5, 32, 8],
			"rotation": {"angle": 0, "axis": "y", "origin": [6.5, 36, 8]},
			"faces": {
				"north": {"uv": [0, 0, 2.75, 3], "texture": "#0"},
				"east": {"uv": [0, 0, 0, 3], "texture": "#0"},
				"south": {"uv": [2.75, 0, 5.5, 3], "texture": "#0"},
				"west": {"uv": [0, 0, 0, 3], "texture": "#0"},
				"up": {"uv": [2.75, 0, 0, 0], "texture": "#0"},
				"down": {"uv": [2.75, 0, 0, 0], "texture": "#0"}
			}
		}
	],
	"display": {
		"thirdperson_righthand": {
			"rotation": [0, 93, 0],
			"translation": [-0.25, 4.75, 1.25]
		},
		"thirdperson_lefthand": {
			"rotation": [0, 93, 0],
			"translation": [-0.25, 4.75, 1.25]
		},
		"firstperson_righthand": {
			"rotation": [0, 90, -11],
			"translation": [0, -1.5, 0],
			"scale": [0.8, 0.8, 0.8]
		},
		"firstperson_lefthand": {
			"rotation": [0, 90, -11],
			"translation": [0, -1.5, 0],
			"scale": [0.8, 0.8, 0.8]
		},
		"ground": {
			"translation": [0, 15.5, 0],
			"scale": [0.7, 0.7, 0.7]
		},
		"gui": {
			"rotation": [0, -162, 45],
			"translation": [-0.25, 0, 0],
			"scale": [0.45, 0.45, 0.45]
		},
		"head": {
			"rotation": [0, 0, -129],
			"translation": [-22.75, 18.25, 0],
			"scale": [1.6, 1.6, 1.6]
		},
		"fixed": {
			"translation": [0, 3.75, 0]
		},
		"on_shelf": {
			"translation": [0, 8, 0],
			"scale": [0.66, 0.66, 0.66]
		}
	}
}