{
	"credit": "Made with Blockbench",
	"texture_size": [128, 128],
	"textures": {
		"0": "hazbin:item/cheese_tub",
		"particle": "hazbin:item/cheese_tub"
	},
	"elements": [
		{
			"from": [-4, 0.1, -4],
			"to": [20, 7.1, 20],
			"faces": {
				"north": {"uv": [9.125, 5, 12.125, 5.875], "texture": "#0"},
				"east": {"uv": [9.125, 5.875, 12.125, 6.75], "texture": "#0"},
				"south": {"uv": [0, 10, 3, 10.875], "texture": "#0"},
				"west": {"uv": [3, 10, 6, 10.875], "texture": "#0"},
				"up": {"uv": [6.125, 3, 3.125, 0], "texture": "#0"},
				"down": {"uv": [6.125, 3, 3.125, 6], "texture": "#0"}
			}
		},
		{
			"from": [-4.5, 0, -4.5],
			"to": [20.5, 1, 20.5],
			"faces": {
				"north": {"uv": [11.125, 3.625, 14.25, 3.75], "texture": "#0"},
				"east": {"uv": [11.125, 3.75, 14.25, 3.875], "texture": "#0"},
				"south": {"uv": [11.125, 3.875, 14.25, 4], "texture": "#0"},
				"west": {"uv": [0.875, 11.375, 4, 11.5], "texture": "#0"},
				"up": {"uv": [3.125, 3.125, 0, 0], "texture": "#0"},
				"down": {"uv": [3.125, 3.125, 0, 6.25], "texture": "#0"}
			}
		},
		{
			"from": [-8, 0, -8],
			"to": [-4, 8, 24],
			"faces": {
				"north": {"uv": [6.125, 5, 6.625, 6], "texture": "#0"},
				"east": {"uv": [3.125, 6, 7.125, 7], "texture": "#0"},
				"south": {"uv": [6.625, 5, 7.125, 6], "texture": "#0"},
				"west": {"uv": [6.125, 0, 10.125, 1], "texture": "#0"},
				"up": {"uv": [10.625, 4, 10.125, 0], "texture": "#0"},
				"down": {"uv": [10.625, 10, 10.125, 14], "texture": "#0"}
			}
		},
		{
			"from": [20, 0, -8],
			"to": [24, 8, 24],
			"faces": {
				"north": {"uv": [9, 10.625, 9.5, 11.625], "texture": "#0"},
				"east": {"uv": [6.125, 1, 10.125, 2], "texture": "#0"},
				"south": {"uv": [9.5, 10.625, 10, 11.625], "texture": "#0"},
				"west": {"uv": [6.125, 2, 10.125, 3], "texture": "#0"},
				"up": {"uv": [11.125, 4, 10.625, 0], "texture": "#0"},
				"down": {"uv": [6.5, 10.625, 6, 14.625], "texture": "#0"}
			}
		},
		{
			"from": [-4, 0, -8],
			"to": [20, 8, -4],
			"faces": {
				"north": {"uv": [0, 9, 3, 10], "texture": "#0"},
				"east": {"uv": [11.125, 0.625, 11.625, 1.625], "texture": "#0"},
				"south": {"uv": [3, 9, 6, 10], "texture": "#0"},
				"west": {"uv": [11.125, 1.625, 11.625, 2.625], "texture": "#0"},
				"up": {"uv": [13.125, 4.5, 10.125, 4], "texture": "#0"},
				"down": {"uv": [13.125, 4.5, 10.125, 5], "texture": "#0"}
			}
		},
		{
			"from": [-4, 0, 20],
			"to": [20, 8, 24],
			"faces": {
				"north": {"uv": [6, 9, 9, 10], "texture": "#0"},
				"east": {"uv": [11.125, 2.625, 11.625, 3.625], "texture": "#0"},
				"south": {"uv": [9, 9, 12, 10], "texture": "#0"},
				"west": {"uv": [0, 11.375, 0.5, 12.375], "texture": "#0"},
				"up": {"uv": [13.625, 10.5, 10.625, 10], "texture": "#0"},
				"down": {"uv": [13.625, 10.5, 10.625, 11], "texture": "#0"}
			}
		},
		{
			"from": [-4, 0, 24],
			"to": [20, 4, 28],
			"faces": {
				"north": {"uv": [0, 10.875, 3, 11.375], "texture": "#0"},
				"east": {"uv": [2, 6.25, 2.5, 6.75], "texture": "#0"},
				"south": {"uv": [3, 10.875, 6, 11.375], "texture": "#0"},
				"west": {"uv": [2.5, 6.25, 3, 6.75], "texture": "#0"},
				"up": {"uv": [13.625, 11.5, 10.625, 11], "texture": "#0"},
				"down": {"uv": [14.125, 0, 11.125, 0.5], "texture": "#0"}
			}
		},
		{
			"from": [-8.5, 8, 20],
			"to": [24.5, 9, 24.5],
			"faces": {
				"north": {"uv": [10, 8.625, 14.125, 8.75], "texture": "#0"},
				"east": {"uv": [9.125, 6.75, 9.6875, 6.875], "texture": "#0"},
				"south": {"uv": [10, 8.75, 14.125, 8.875], "texture": "#0"},
				"west": {"uv": [9.125, 6.875, 9.6875, 7], "texture": "#0"},
				"up": {"uv": [10.125, 10.5625, 6, 10], "texture": "#0"},
				"down": {"uv": [14.125, 6.75, 10, 7.3125], "texture": "#0"}
			}
		},
		{
			"from": [13.25, 8.06043, 7.97488],
			"to": [13.75, 8.56043, 8.47488],
			"rotation": {"angle": -22.5, "axis": "x", "origin": [10.5, 5, 5.5]},
			"faces": {
				"north": {"uv": [10.625, 11.625, 10.6875, 11.6875], "texture": "#0"},
				"east": {"uv": [10.75, 11.625, 10.8125, 11.6875], "texture": "#0"},
				"south": {"uv": [10.875, 11.625, 10.9375, 11.6875], "texture": "#0"},
				"west": {"uv": [11, 11.625, 11.0625, 11.6875], "texture": "#0"},
				"up": {"uv": [11.1875, 11.6875, 11.125, 11.625], "texture": "#0"},
				"down": {"uv": [11.3125, 11.625, 11.25, 11.6875], "texture": "#0"}
			}
		},
		{
			"from": [13.75, 6.74239, 7.44239],
			"to": [14.25, 7.24239, 7.94239],
			"rotation": {"angle": -45, "axis": "x", "origin": [10.5, 5, 5.5]},
			"faces": {
				"north": {"uv": [11.625, 11.625, 11.6875, 11.6875], "texture": "#0"},
				"east": {"uv": [1.625, 11.75, 1.6875, 11.8125], "texture": "#0"},
				"south": {"uv": [1.75, 11.75, 1.8125, 11.8125], "texture": "#0"},
				"west": {"uv": [1.875, 11.75, 1.9375, 11.8125], "texture": "#0"},
				"up": {"uv": [2.0625, 11.8125, 2, 11.75], "texture": "#0"},
				"down": {"uv": [2.1875, 11.75, 2.125, 11.8125], "texture": "#0"}
			}
		},
		{
			"from": [12.75, 6.74239, 7.44239],
			"to": [13.25, 7.24239, 7.94239],
			"rotation": {"angle": -45, "axis": "x", "origin": [10.5, 5, 5.5]},
			"faces": {
				"north": {"uv": [4, 11.75, 4.0625, 11.8125], "texture": "#0"},
				"east": {"uv": [4.125, 11.75, 4.1875, 11.8125], "texture": "#0"},
				"south": {"uv": [4.25, 11.75, 4.3125, 11.8125], "texture": "#0"},
				"west": {"uv": [4.375, 11.75, 4.4375, 11.8125], "texture": "#0"},
				"up": {"uv": [4.5625, 11.8125, 4.5, 11.75], "texture": "#0"},
				"down": {"uv": [4.6875, 11.75, 4.625, 11.8125], "texture": "#0"}
			}
		},
		{
			"from": [13, 8.06043, 6.47488],
			"to": [14, 9.06043, 7.97488],
			"rotation": {"angle": -22.5, "axis": "x", "origin": [10.5, 5, 5.5]},
			"faces": {
				"north": {"uv": [3.875, 11.5, 4, 11.625], "texture": "#0"},
				"east": {"uv": [9, 11.625, 9.1875, 11.75], "texture": "#0"},
				"south": {"uv": [9.875, 11.625, 10, 11.75], "texture": "#0"},
				"west": {"uv": [9.25, 11.625, 9.4375, 11.75], "texture": "#0"},
				"up": {"uv": [3.125, 6.4375, 3, 6.25], "texture": "#0"},
				"down": {"uv": [3.125, 6.5, 3, 6.6875], "texture": "#0"}
			}
		},
		{
			"from": [13.9, 8.96043, 6.97488],
			"to": [14.4, 9.46043, 6.97488],
			"rotation": {"angle": -22.5, "axis": "x", "origin": [10.5, 5, 5.5]},
			"faces": {
				"north": {"uv": [4.75, 11.75, 4.8125, 11.8125], "texture": "#0"},
				"east": {"uv": [0, 0, 0, 0.0625], "texture": "#0"},
				"south": {"uv": [4.875, 11.75, 4.9375, 11.8125], "texture": "#0"},
				"west": {"uv": [0, 0, 0, 0.0625], "texture": "#0"},
				"up": {"uv": [0.0625, 0, 0, 0], "texture": "#0"},
				"down": {"uv": [0.0625, 0, 0, 0], "texture": "#0"}
			}
		},
		{
			"from": [12.65, 8.96043, 6.97488],
			"to": [13.15, 9.46043, 6.97488],
			"rotation": {"angle": -22.5, "axis": "x", "origin": [10.5, 5, 5.5]},
			"faces": {
				"north": {"uv": [5, 11.75, 5.0625, 11.8125], "texture": "#0"},
				"east": {"uv": [0, 0, 0, 0.0625], "texture": "#0"},
				"south": {"uv": [5.125, 11.75, 5.1875, 11.8125], "texture": "#0"},
				"west": {"uv": [0, 0, 0, 0.0625], "texture": "#0"},
				"up": {"uv": [0.0625, 0, 0, 0], "texture": "#0"},
				"down": {"uv": [0.0625, 0, 0, 0], "texture": "#0"}
			}
		},
		{
			"from": [12.75, 7.24049, 6.55546],
			"to": [14.25, 8.74049, 8.05546],
			"rotation": {"angle": -45, "axis": "x", "origin": [10.5, 5, 5.5]},
			"faces": {
				"north": {"uv": [2.75, 11.625, 2.9375, 11.8125], "texture": "#0"},
				"east": {"uv": [11.625, 2.875, 11.8125, 3.0625], "texture": "#0"},
				"south": {"uv": [3, 11.625, 3.1875, 11.8125], "texture": "#0"},
				"west": {"uv": [11.625, 3.125, 11.8125, 3.3125], "texture": "#0"},
				"up": {"uv": [3.4375, 11.8125, 3.25, 11.625], "texture": "#0"},
				"down": {"uv": [11.8125, 3.375, 11.625, 3.5625], "texture": "#0"}
			}
		},
		{
			"from": [12.5, 5.86972, 2.2357],
			"to": [14.5, 7.36972, 3.7357],
			"rotation": {"angle": 22.5, "axis": "x", "origin": [10.5, 5, 5.5]},
			"faces": {
				"north": {"uv": [2.25, 11.625, 2.5, 11.8125], "texture": "#0"},
				"east": {"uv": [3.5, 11.625, 3.6875, 11.8125], "texture": "#0"},
				"south": {"uv": [11.625, 2.375, 11.875, 2.5625], "texture": "#0"},
				"west": {"uv": [3.75, 11.625, 3.9375, 11.8125], "texture": "#0"},
				"up": {"uv": [2.75, 11.8125, 2.5, 11.625], "texture": "#0"},
				"down": {"uv": [11.875, 2.625, 11.625, 2.8125], "texture": "#0"}
			}
		},
		{
			"from": [13.25, 3.60069, 3.39003],
			"to": [13.75, 6.10069, 3.89003],
			"rotation": {"angle": 22.5, "axis": "x", "origin": [10.5, 5, 5.5]},
			"faces": {
				"north": {"uv": [5.875, 11.375, 5.9375, 11.6875], "texture": "#0"},
				"east": {"uv": [9.5, 11.625, 9.5625, 11.9375], "texture": "#0"},
				"south": {"uv": [9.625, 11.625, 9.6875, 11.9375], "texture": "#0"},
				"west": {"uv": [9.75, 11.625, 9.8125, 11.9375], "texture": "#0"},
				"up": {"uv": [11.4375, 11.6875, 11.375, 11.625], "texture": "#0"},
				"down": {"uv": [11.5625, 11.625, 11.5, 11.6875], "texture": "#0"}
			}
		},
		{
			"from": [-8.5, 8, -8.5],
			"to": [24.5, 9, -4],
			"faces": {
				"north": {"uv": [10, 8.875, 14.125, 9], "texture": "#0"},
				"east": {"uv": [11.625, 1.25, 12.1875, 1.375], "texture": "#0"},
				"south": {"uv": [11.125, 0.5, 15.25, 0.625], "texture": "#0"},
				"west": {"uv": [11.625, 1.375, 12.1875, 1.5], "texture": "#0"},
				"up": {"uv": [14.125, 7.9375, 10, 7.375], "texture": "#0"},
				"down": {"uv": [14.125, 8, 10, 8.5625], "texture": "#0"}
			}
		},
		{
			"from": [-8.5, 8, -4],
			"to": [-4, 9, 20],
			"faces": {
				"north": {"uv": [11.625, 1.5, 12.1875, 1.625], "texture": "#0"},
				"east": {"uv": [0.875, 11.5, 3.875, 11.625], "texture": "#0"},
				"south": {"uv": [1.625, 11.625, 2.1875, 11.75], "texture": "#0"},
				"west": {"uv": [10.625, 11.5, 13.625, 11.625], "texture": "#0"},
				"up": {"uv": [7.0625, 13.625, 6.5, 10.625], "texture": "#0"},
				"down": {"uv": [7.6875, 10.625, 7.125, 13.625], "texture": "#0"}
			}
		},
		{
			"from": [20, 8, -4],
			"to": [24.5, 9, 20],
			"rotation": {"angle": 0, "axis": "y", "origin": [16, 0, 0]},
			"faces": {
				"north": {"uv": [11.625, 1.625, 12.1875, 1.75], "texture": "#0"},
				"east": {"uv": [11.625, 0.625, 14.625, 0.75], "texture": "#0"},
				"south": {"uv": [11.625, 1.75, 12.1875, 1.875], "texture": "#0"},
				"west": {"uv": [11.625, 0.75, 14.625, 0.875], "texture": "#0"},
				"up": {"uv": [8.3125, 13.625, 7.75, 10.625], "texture": "#0"},
				"down": {"uv": [8.9375, 10.625, 8.375, 13.625], "texture": "#0"}
			}
		},
		{
			"from": [4, 4, 0],
			"to": [6, 6, 2],
			"rotation": {"angle": 45, "axis": "z", "origin": [0, 0, 0]},
			"faces": {
				"north": {"uv": [1.75, 8.25, 2, 8.5], "texture": "#0"},
				"east": {"uv": [1.75, 8.5, 2, 8.75], "texture": "#0"},
				"south": {"uv": [1.75, 8.75, 2, 9], "texture": "#0"},
				"west": {"uv": [9.75, 6.75, 10, 7], "texture": "#0"},
				"up": {"uv": [11.875, 2.125, 11.625, 1.875], "texture": "#0"},
				"down": {"uv": [11.875, 2.125, 11.625, 2.375], "texture": "#0"}
			}
		},
		{
			"from": [1, 14, 4],
			"to": [4, 17, 7],
			"rotation": {"angle": 45, "axis": "x", "origin": [0, 0, 0]},
			"faces": {
				"north": {"uv": [1, 8.25, 1.375, 8.625], "texture": "#0"},
				"east": {"uv": [1.375, 8.25, 1.75, 8.625], "texture": "#0"},
				"south": {"uv": [1, 8.625, 1.375, 9], "texture": "#0"},
				"west": {"uv": [1.375, 8.625, 1.75, 9], "texture": "#0"},
				"up": {"uv": [4.375, 11.75, 4, 11.375], "texture": "#0"},
				"down": {"uv": [4.75, 11.375, 4.375, 11.75], "texture": "#0"}
			}
		},
		{
			"from": [14, -1, 14],
			"to": [17, 2, 17],
			"rotation": {"angle": -22.5, "axis": "x", "origin": [0, 0, 0]},
			"faces": {
				"north": {"uv": [4.75, 11.375, 5.125, 11.75], "texture": "#0"},
				"east": {"uv": [5.125, 11.375, 5.5, 11.75], "texture": "#0"},
				"south": {"uv": [5.5, 11.375, 5.875, 11.75], "texture": "#0"},
				"west": {"uv": [0.875, 11.625, 1.25, 12], "texture": "#0"},
				"up": {"uv": [12, 1.25, 11.625, 0.875], "texture": "#0"},
				"down": {"uv": [1.625, 11.625, 1.25, 12], "texture": "#0"}
			}
		},
		{
			"from": [12, 6, -3.5],
			"to": [16, 8, 0.5],
			"rotation": {"angle": -22.5, "axis": "y", "origin": [0, 0, 0]},
			"faces": {
				"north": {"uv": [2, 6.75, 2.5, 7], "texture": "#0"},
				"east": {"uv": [2.5, 6.75, 3, 7], "texture": "#0"},
				"south": {"uv": [0, 8.75, 0.5, 9], "texture": "#0"},
				"west": {"uv": [0.5, 8.75, 1, 9], "texture": "#0"},
				"up": {"uv": [0.5, 8.75, 0, 8.25], "texture": "#0"},
				"down": {"uv": [1, 8.25, 0.5, 8.75], "texture": "#0"}
			}
		},
		{
			"from": [-4, 5.5, -4],
			"to": [-3, 32, -3],
			"faces": {
				"north": {"uv": [10, 10.625, 10.125, 13.9375], "texture": "#0"},
				"east": {"uv": [0.5, 11.375, 0.625, 14.6875], "texture": "#0"},
				"south": {"uv": [0.625, 11.375, 0.75, 14.6875], "texture": "#0"},
				"west": {"uv": [0.75, 11.375, 0.875, 14.6875], "texture": "#0"},
				"up": {"uv": [3.125, 6.875, 3, 6.75], "texture": "#0"},
				"down": {"uv": [3.125, 6.875, 3, 7], "texture": "#0"}
			}
		},
		{
			"from": [-11.5, 28.5, -16],
			"to": [4.5, 28.5, 0],
			"rotation": {"angle": 22.5, "axis": "x", "origin": [0, 0, 0]},
			"faces": {
				"north": {"uv": [0, 0, 2, 0], "texture": "#0"},
				"east": {"uv": [0, 0, 2, 0], "texture": "#0"},
				"south": {"uv": [0, 0, 2, 0], "texture": "#0"},
				"west": {"uv": [0, 0, 2, 0], "texture": "#0"},
				"up": {"uv": [8.125, 5, 6.125, 3], "texture": "#0"},
				"down": {"uv": [2, 6.25, 0, 8.25], "texture": "#0"}
			}
		},
		{
			"from": [-6.5, 31.3, -11.9],
			"to": [9.5, 31.3, 4.1],
			"rotation": {"angle": 22.5, "axis": "z", "origin": [0, 0, 0]},
			"faces": {
				"north": {"uv": [0, 0, 2, 0], "texture": "#0"},
				"east": {"uv": [0, 0, 2, 0], "texture": "#0"},
				"south": {"uv": [0, 0, 2, 0], "texture": "#0"},
				"west": {"uv": [0, 0, 2, 0], "texture": "#0"},
				"up": {"uv": [4, 9, 2, 7], "texture": "#0"},
				"down": {"uv": [6, 7, 4, 9], "texture": "#0"}
			}
		},
		{
			"from": [-16, 31.5, -11.9],
			"to": [0, 31.5, 4.1],
			"rotation": {"angle": -22.5, "axis": "z", "origin": [-7, 0, -7.75]},
			"faces": {
				"north": {"uv": [0, 0, 2, 0], "texture": "#0"},
				"east": {"uv": [0, 0, 2, 0], "texture": "#0"},
				"south": {"uv": [0, 0, 2, 0], "texture": "#0"},
				"west": {"uv": [0, 0, 2, 0], "texture": "#0"},
				"up": {"uv": [10, 9, 8, 7], "texture": "#0"},
				"down": {"uv": [10.125, 3, 8.125, 5], "texture": "#0"}
			}
		},
		{
			"from": [-11.5, 28.5, -7.75],
			"to": [4.5, 28.5, 8.25],
			"rotation": {"angle": -22.5, "axis": "x", "origin": [-7, 0, -7.75]},
			"faces": {
				"north": {"uv": [0, 0, 2, 0], "texture": "#0"},
				"east": {"uv": [0, 0, 2, 0], "texture": "#0"},
				"south": {"uv": [0, 0, 2, 0], "texture": "#0"},
				"west": {"uv": [0, 0, 2, 0], "texture": "#0"},
				"up": {"uv": [8, 9, 6, 7], "texture": "#0"},
				"down": {"uv": [9.125, 5, 7.125, 7], "texture": "#0"}
			}
		}
	],
	"groups": [
		0,
		1,
		2,
		3,
		4,
		5,
		6,
		7,
		{
			"name": "Rat",
			"origin": [0, 0, 0],
			"color": 0,
			"children": [8, 9, 10, 11, 12, 13, 14, 15, 16]
		},
		17,
		18,
		19,
		20,
		21,
		{
			"name": "group",
			"origin": [0, 0, 0],
			"color": 0,
			"children": [22]
		},
		23,
		24,
		25,
		{
			"name": "group",
			"origin": [0, 0, 0],
			"color": 0,
			"children": [26]
		},
		27,
		28
	]
}