{
	"credit": "Made with Blockbench",
	"texture_size": [64, 64],
	"textures": {
		"0": "hazbin:item/crucible",
		"particle": "hazbin:item/crucible"
	},
	"elements": [
		{
			"from": [5.65, -13.65, 7],
			"to": [8.65, -10.65, 9],
			"rotation": {"angle": 45, "axis": "z", "origin": [0, -8, 0]},
			"faces": {
				"north": {"uv": [6.5, 6.75, 7.25, 7.5], "texture": "#0"},
				"east": {"uv": [1.5, 6.75, 2, 7.5], "texture": "#0"},
				"south": {"uv": [7, 0, 7.75, 0.75], "texture": "#0"},
				"west": {"uv": [7, 0.75, 7.5, 1.5], "texture": "#0"},
				"up": {"uv": [7.75, 2, 7, 1.5], "texture": "#0"},
				"down": {"uv": [7.75, 2, 7, 2.5], "texture": "#0"}
			}
		},
		{
			"from": [7.01, -4.99, 7.01],
			"to": [8.99, 0.99, 8.99],
			"rotation": {"angle": 0, "axis": "y", "origin": [0, -8, 0]},
			"faces": {
				"north": {"uv": [2, 5.75, 2.5, 7.25], "texture": "#0"},
				"east": {"uv": [2.5, 5.75, 3, 7.25], "texture": "#0"},
				"south": {"uv": [3, 5.75, 3.5, 7.25], "texture": "#0"},
				"west": {"uv": [3.5, 5.75, 4, 7.25], "texture": "#0"},
				"up": {"uv": [5.5, 7.75, 5, 7.25], "texture": "#0"},
				"down": {"uv": [6, 7.25, 5.5, 7.75], "texture": "#0"}
			}
		},
		{
			"from": [7.01, 7.01, 7.01],
			"to": [8.99, 8.99, 8.99],
			"rotation": {"angle": 0, "axis": "y", "origin": [0, -8, 0]},
			"faces": {
				"north": {"uv": [2.5, 7.75, 3, 8.25], "texture": "#0"},
				"east": {"uv": [7.75, 2.75, 8.25, 3.25], "texture": "#0"},
				"south": {"uv": [3, 7.75, 3.5, 8.25], "texture": "#0"},
				"west": {"uv": [7.75, 3.25, 8.25, 3.75], "texture": "#0"},
				"up": {"uv": [4, 8.25, 3.5, 7.75], "texture": "#0"},
				"down": {"uv": [8.25, 3.75, 7.75, 4.25], "texture": "#0"}
			}
		},
		{
			"from": [4.26553, 5.68528, 7.51],
			"to": [7.24553, 7.66528, 8.49],
			"rotation": {"angle": 22.5, "axis": "z", "origin": [7, 7, 8]},
			"faces": {
				"north": {"uv": [7, 4.5, 7.75, 5], "texture": "#0"},
				"east": {"uv": [7.25, 7.75, 7.5, 8.25], "texture": "#0"},
				"south": {"uv": [7, 5, 7.75, 5.5], "texture": "#0"},
				"west": {"uv": [7.5, 7.75, 7.75, 8.25], "texture": "#0"},
				"up": {"uv": [7.75, 5.75, 7, 5.5], "texture": "#0"},
				"down": {"uv": [8.5, 0.5, 7.75, 0.75], "texture": "#0"}
			}
		},
		{
			"from": [1.26553, 5.93528, 7.51],
			"to": [4.24553, 7.91528, 8.49],
			"rotation": {"angle": 22.5, "axis": "z", "origin": [7, 7, 8]},
			"faces": {
				"north": {"uv": [0, 7.25, 0.75, 7.75], "texture": "#0"},
				"east": {"uv": [7.75, 7.5, 8, 8], "texture": "#0"},
				"south": {"uv": [0.75, 7.25, 1.5, 7.75], "texture": "#0"},
				"west": {"uv": [8, 0.75, 8.25, 1.25], "texture": "#0"},
				"up": {"uv": [5.25, 8, 4.5, 7.75], "texture": "#0"},
				"down": {"uv": [8.5, 4.75, 7.75, 5], "texture": "#0"}
			}
		},
		{
			"from": [1.36, 5.66, 7.51],
			"to": [2.34, 6.64, 8.49],
			"rotation": {"angle": 0, "axis": "z", "origin": [7, 7, 8]},
			"faces": {
				"north": {"uv": [5.25, 8, 5.5, 8.25], "texture": "#0"},
				"east": {"uv": [5.5, 8, 5.75, 8.25], "texture": "#0"},
				"south": {"uv": [5.75, 8, 6, 8.25], "texture": "#0"},
				"west": {"uv": [8, 5.75, 8.25, 6], "texture": "#0"},
				"up": {"uv": [6.25, 8.25, 6, 8], "texture": "#0"},
				"down": {"uv": [8.25, 6, 8, 6.25], "texture": "#0"}
			}
		},
		{
			"from": [8.75447, 5.68528, 7.51],
			"to": [11.73447, 7.66528, 8.49],
			"rotation": {"angle": -22.5, "axis": "z", "origin": [9, 7, 8]},
			"faces": {
				"north": {"uv": [2, 7.25, 2.75, 7.75], "texture": "#0"},
				"east": {"uv": [1.5, 8, 1.75, 8.5], "texture": "#0"},
				"south": {"uv": [2.75, 7.25, 3.5, 7.75], "texture": "#0"},
				"west": {"uv": [1.75, 8, 2, 8.5], "texture": "#0"},
				"up": {"uv": [8.5, 5.25, 7.75, 5], "texture": "#0"},
				"down": {"uv": [6, 7.75, 5.25, 8], "texture": "#0"}
			}
		},
		{
			"from": [11.75447, 5.93528, 7.51],
			"to": [14.73447, 7.91528, 8.49],
			"rotation": {"angle": -22.5, "axis": "z", "origin": [9, 7, 8]},
			"faces": {
				"north": {"uv": [3.5, 7.25, 4.25, 7.75], "texture": "#0"},
				"east": {"uv": [4.5, 8, 4.75, 8.5], "texture": "#0"},
				"south": {"uv": [4.25, 7.25, 5, 7.75], "texture": "#0"},
				"west": {"uv": [4.75, 8, 5, 8.5], "texture": "#0"},
				"up": {"uv": [8.5, 5.5, 7.75, 5.25], "texture": "#0"},
				"down": {"uv": [8.5, 5.5, 7.75, 5.75], "texture": "#0"}
			}
		},
		{
			"from": [13.66, 5.66, 7.51],
			"to": [14.64, 6.64, 8.49],
			"rotation": {"angle": 0, "axis": "z", "origin": [9, 7, 8]},
			"faces": {
				"north": {"uv": [6.25, 8, 6.5, 8.25], "texture": "#0"},
				"east": {"uv": [8, 6.25, 8.25, 6.5], "texture": "#0"},
				"south": {"uv": [6.5, 8, 6.75, 8.25], "texture": "#0"},
				"west": {"uv": [8, 6.5, 8.25, 6.75], "texture": "#0"},
				"up": {"uv": [7, 8.25, 6.75, 8], "texture": "#0"},
				"down": {"uv": [7.25, 8, 7, 8.25], "texture": "#0"}
			}
		},
		{
			"from": [7.51, 9.01, 7.01],
			"to": [8.49, 9.99, 8.99],
			"rotation": {"angle": 0, "axis": "y", "origin": [0, -8, 0]},
			"faces": {
				"north": {"uv": [7.5, 1.25, 7.75, 1.5], "texture": "#0"},
				"east": {"uv": [6, 7.75, 6.5, 8], "texture": "#0"},
				"south": {"uv": [5, 8, 5.25, 8.25], "texture": "#0"},
				"west": {"uv": [7.75, 6.75, 8.25, 7], "texture": "#0"},
				"up": {"uv": [7.25, 8, 7, 7.5], "texture": "#0"},
				"down": {"uv": [8, 7, 7.75, 7.5], "texture": "#0"}
			}
		},
		{
			"name": "Blade",
			"from": [1, 7, 8],
			"to": [15, 30, 8],
			"rotation": {"angle": 0, "axis": "y", "origin": [0, -8, 0]},
			"faces": {
				"north": {"uv": [0, 0, 3.5, 5.75], "texture": "#0"},
				"east": {"uv": [0, 0, 0, 5.75], "texture": "#0"},
				"south": {"uv": [3.5, 0, 7, 5.75], "texture": "#0"},
				"west": {"uv": [0, 0, 0, 5.75], "texture": "#0"},
				"up": {"uv": [3.5, 0, 0, 0], "texture": "#0"},
				"down": {"uv": [3.5, 0, 0, 0], "texture": "#0"}
			}
		},
		{
			"from": [6.51, 5.01, 7.01],
			"to": [9.49, 6.99, 8.99],
			"rotation": {"angle": 0, "axis": "y", "origin": [0, -8, 0]},
			"faces": {
				"north": {"uv": [7, 2.5, 7.75, 3], "texture": "#0"},
				"east": {"uv": [4, 7.75, 4.5, 8.25], "texture": "#0"},
				"south": {"uv": [7, 3, 7.75, 3.5], "texture": "#0"},
				"west": {"uv": [7.75, 4.25, 8.25, 4.75], "texture": "#0"},
				"up": {"uv": [7.75, 4, 7, 3.5], "texture": "#0"},
				"down": {"uv": [7.75, 4, 7, 4.5], "texture": "#0"}
			}
		},
		{
			"from": [5.01, 2.01, 7.01],
			"to": [10.99, 3.99, 8.99],
			"rotation": {"angle": 0, "axis": "y", "origin": [0, -8, 0]},
			"faces": {
				"north": {"uv": [6.5, 5.75, 8, 6.25], "texture": "#0"},
				"east": {"uv": [6, 7.25, 6.5, 7.75], "texture": "#0"},
				"south": {"uv": [6.5, 6.25, 8, 6.75], "texture": "#0"},
				"west": {"uv": [7.25, 6.75, 7.75, 7.25], "texture": "#0"},
				"up": {"uv": [1.5, 7.25, 0, 6.75], "texture": "#0"},
				"down": {"uv": [5.5, 6.75, 4, 7.25], "texture": "#0"}
			}
		},
		{
			"from": [-5.23, 2.27, 7.02],
			"to": [-3.27, 4.23, 8.98],
			"rotation": {"angle": -45, "axis": "z", "origin": [0, -8, 0]},
			"faces": {
				"north": {"uv": [7.25, 7.25, 7.75, 7.75], "texture": "#0"},
				"east": {"uv": [7.5, 0.75, 8, 1.25], "texture": "#0"},
				"south": {"uv": [1.5, 7.5, 2, 8], "texture": "#0"},
				"west": {"uv": [6.5, 7.5, 7, 8], "texture": "#0"},
				"up": {"uv": [0.5, 8.25, 0, 7.75], "texture": "#0"},
				"down": {"uv": [8.25, 0, 7.75, 0.5], "texture": "#0"}
			}
		},
		{
			"from": [19.27, 2.27, 7.02],
			"to": [21.23, 4.23, 8.98],
			"rotation": {"angle": 45, "axis": "z", "origin": [16, -8, 0]},
			"faces": {
				"north": {"uv": [0.5, 7.75, 1, 8.25], "texture": "#0"},
				"east": {"uv": [1, 7.75, 1.5, 8.25], "texture": "#0"},
				"south": {"uv": [7.75, 1.25, 8.25, 1.75], "texture": "#0"},
				"west": {"uv": [7.75, 1.75, 8.25, 2.25], "texture": "#0"},
				"up": {"uv": [2.5, 8.25, 2, 7.75], "texture": "#0"},
				"down": {"uv": [8.25, 2.25, 7.75, 2.75], "texture": "#0"}
			}
		},
		{
			"from": [6.01, 1.01, 6.51],
			"to": [9.99, 4.99, 9.49],
			"rotation": {"angle": 0, "axis": "y", "origin": [0, -8, 0]},
			"faces": {
				"north": {"uv": [0, 5.75, 1, 6.75], "texture": "#0"},
				"east": {"uv": [4, 5.75, 4.75, 6.75], "texture": "#0"},
				"south": {"uv": [1, 5.75, 2, 6.75], "texture": "#0"},
				"west": {"uv": [4.75, 5.75, 5.5, 6.75], "texture": "#0"},
				"up": {"uv": [6.5, 6.5, 5.5, 5.75], "texture": "#0"},
				"down": {"uv": [6.5, 6.5, 5.5, 7.25], "texture": "#0"}
			}
		}
	],
	"display": {
		"thirdperson_righthand": {
			"rotation": [0, 90, 0],
			"translation": [0, 8.5, 1.75]
		},
		"thirdperson_lefthand": {
			"translation": [0, 8.5, 9.75]
		},
		"firstperson_righthand": {
			"rotation": [0, 90, 0],
			"translation": [0, 4, 0],
			"scale": [0.6, 0.6, 0.6]
		},
		"firstperson_lefthand": {
			"rotation": [0, 90, 0],
			"translation": [0, 4, 0],
			"scale": [0.6, 0.6, 0.6]
		},
		"ground": {
			"translation": [0, 12, 0]
		},
		"gui": {
			"rotation": [0, 148, 48],
			"translation": [-0.25, 0, 0],
			"scale": [0.72, 0.72, 0.72]
		},
		"head": {
			"rotation": [0, 0, -129.25],
			"translation": [-9.75, 10, 0],
			"scale": [1.55, 1.55, 1.55]
		},
		"fixed": {
			"translation": [0, -3.75, -0.25]
		}
	},
	"groups": [
		0,
		1,
		2,
		{
			"name": "group",
			"origin": [0, 0, 0],
			"color": 0,
			"children": [3, 4, 5]
		},
		{
			"name": "group",
			"origin": [0, 0, 0],
			"color": 0,
			"children": [6, 7, 8]
		},
		9,
		10,
		11,
		12,
		13,
		14,
		15
	]
}