{
	"credit": "Made with Blockbench",
	"texture_size": [32, 32],
	"textures": {
		"0": "hazbin:item/dice",
		"particle": "hazbin:item/dice"
	},
	"elements": [
		{
			"from": [4.5, 0, 4.5],
			"to": [11.5, 7, 11.5],
			"faces": {
				"north": {"uv": [0, 0, 3.5, 3.5], "texture": "#0"},
				"east": {"uv": [0, 3.5, 3.5, 7], "texture": "#0"},
				"south": {"uv": [3.5, 0, 7, 3.5], "texture": "#0"},
				"west": {"uv": [3.5, 3.5, 7, 7], "texture": "#0"},
				"up": {"uv": [3.5, 10.5, 0, 7], "texture": "#0"},
				"down": {"uv": [10.5, 0, 7, 3.5], "texture": "#0"}
			}
		},
		{
			"from": [4, 7.5, 4],
			"to": [12, -0.5, 12],
			"faces": {
				"north": {"uv": [3.5, 7, 7, 10.5], "texture": "#0"},
				"east": {"uv": [3.5, 10.5, 7, 14], "texture": "#0"},
				"south": {"uv": [7, 7, 10.5, 10.5], "texture": "#0"},
				"west": {"uv": [7, 10.5, 10.5, 14], "texture": "#0"},
				"up": {"uv": [14, 14, 10.5, 10.5], "texture": "#0"},
				"down": {"uv": [14, 7, 10.5, 10.5], "texture": "#0"}
			}
		}
	],
	"display": {
		"thirdperson_righthand": {
			"translation": [0, 8, 0]
		},
		"thirdperson_lefthand": {
			"translation": [0, 8, 0]
		},
		"firstperson_righthand": {
			"translation": [0, 8, 0]
		},
		"firstperson_lefthand": {
			"translation": [0, 8, 0]
		},
		"ground": {
			"translation": [0, 5.25, 0]
		},
		"gui": {
			"rotation": [18, 137, 0],
			"translation": [0, 4.75, 0],
			"scale": [1.12, 1.12, 1.12]
		},
		"head": {
			"translation": [0, 9.25, 0],
			"scale": [2.08, 2.08, 2.08]
		},
		"fixed": {
			"translation": [0, 7.75, 0],
			"scale": [1.75, 1.75, 1.75]
		}
	}
}