{
	"credit": "Made with Blockbench",
	"texture_size": [32, 32],
	"textures": {
		"0": "hazbin:item/egg_boi",
		"particle": "hazbin:item/egg_boi"
	},
	"elements": [
		{
			"from": [3, 0, 3],
			"to": [13, 14, 13],
			"faces": {
				"north": {"uv": [0, 0, 5, 7], "texture": "#0"},
				"east": {"uv": [5, 0, 10, 7], "texture": "#0"},
				"south": {"uv": [0, 7, 5, 14], "texture": "#0"},
				"west": {"uv": [5, 7, 10, 14], "texture": "#0"},
				"up": {"uv": [15, 5, 10, 0], "texture": "#0"},
				"down": {"uv": [15, 5, 10, 10], "texture": "#0"}
			}
		},
		{
			"from": [7, 11, 6],
			"to": [11, 12, 10],
			"rotation": {"angle": 22.5, "axis": "z", "origin": [0, 0, 0]},
			"faces": {
				"north": {"uv": [12, 13, 14, 13.5], "texture": "#0"},
				"east": {"uv": [12, 13.5, 14, 14], "texture": "#0"},
				"south": {"uv": [0, 14, 2, 14.5], "texture": "#0"},
				"west": {"uv": [2, 14, 4, 14.5], "texture": "#0"},
				"up": {"uv": [12, 12, 10, 10], "texture": "#0"},
				"down": {"uv": [12, 12, 10, 14], "texture": "#0"}
			}
		},
		{
			"from": [8, 12, 7],
			"to": [10, 15, 9],
			"rotation": {"angle": 22.5, "axis": "z", "origin": [0, 0, 0]},
			"faces": {
				"north": {"uv": [12, 10, 13, 11.5], "texture": "#0"},
				"east": {"uv": [12, 11.5, 13, 13], "texture": "#0"},
				"south": {"uv": [13, 10, 14, 11.5], "texture": "#0"},
				"west": {"uv": [13, 11.5, 14, 13], "texture": "#0"},
				"up": {"uv": [5, 15, 4, 14], "texture": "#0"},
				"down": {"uv": [6, 14, 5, 15], "texture": "#0"}
			}
		}
	],
	"display": {
		"thirdperson_righthand": {
			"translation": [0, 6, 0],
			"scale": [0.78, 0.78, 0.78]
		},
		"thirdperson_lefthand": {
			"translation": [0, 7.25, 0]
		},
		"firstperson_righthand": {
			"translation": [0, 3.75, 0],
			"scale": [0.72, 0.72, 0.72]
		},
		"firstperson_lefthand": {
			"scale": [0.72, 0.72, 0.72]
		},
		"ground": {
			"translation": [0, 2.75, 0],
			"scale": [0.61, 0.61, 0.61]
		},
		"gui": {
			"rotation": [16, 162, 0],
			"scale": [0.82, 0.82, 0.82]
		},
		"head": {
			"translation": [0, -10.25, 0],
			"scale": [3.01, 3.01, 3.01]
		}
	}
}