{"parent":"minecraft:item/generated","textures":{"layer0":"hazbin:item/ender_cinnamon_roll"},
  "display": {
    "thirdperson_righthand": {
      "rotation": [
        0,
        0,
        0
      ],
      "translation": [
        0,
        7.0,
        0
      ],
      "scale": [
        1.2,
        1.2,
        1
      ]
    },
    "thirdperson_lefthand": {
      "rotation": [
        0,
        0,
        0
      ],
      "translation": [
        0,
        7.0,
        0
      ],
      "scale": [
        1.2,
        1.2,
        1
      ]
    },
    "firstperson_righthand": {
      "rotation": [
        -20,
        90,
        10
      ],
      "translation": [
        1.13,
        5.2,
        -0.26
      ],
      "scale": [
        1,
        1,
        0.8
      ]
    },
    "firstperson_lefthand": {
      "rotation": [
        -20,
        -90,
        -10
      ],
      "translation": [
        1.13,
        5.2,
        -0.26
      ],
      "scale": [
        1,
        1,
        0.8
      ]
    },
    "gui": {
      "rotation": [
        0,
        0,
        0
      ],
      "translation": [
        0,
        0,
        0
      ],
      "scale": [
        2,
        2,
        2
      ]
    },
    "ground": {
      "rotation": [
        0,
        0,
        0
      ],
      "translation": [
        0,
        0,
        0
      ],
      "scale": [
        1.5,
        1.5,
        1.5
      ]
    }
  }
}