{
	"credit": "Made with Blockbench",
	"texture_size": [64, 64],
	"textures": {
		"2": "hazbin:item/stolas_grimoire"
	},
	"elements": [
		{
			"from": [4, 0, 6],
			"to": [12, 12, 9],
			"rotation": {"angle": 0, "axis": "y", "origin": [4, 0, 6]},
			"faces": {
				"north": {"uv": [4.5, 0, 6.5, 3], "texture": "#2"},
				"east": {"uv": [6, 6, 6.75, 9], "texture": "#2"},
				"south": {"uv": [4.5, 3, 6.5, 6], "texture": "#2"},
				"west": {"uv": [0, 6.5, 0.75, 9.5], "texture": "#2"},
				"up": {"uv": [8.5, 0.75, 6.5, 0], "texture": "#2"},
				"down": {"uv": [2.75, 6.5, 0.75, 7.25], "texture": "#2"}
			}
		},
		{
			"from": [3.75, -0.5, 5.25],
			"to": [12.75, 12.5, 6.25],
			"rotation": {"angle": 0, "axis": "y", "origin": [4.75, -0.5, 6.25]},
			"faces": {
				"north": {"uv": [0, 0, 2.25, 3.25], "texture": "#2"},
				"east": {"uv": [6.5, 0.75, 6.75, 4], "texture": "#2"},
				"south": {"uv": [2.25, 0, 4.5, 3.25], "texture": "#2"},
				"west": {"uv": [2.75, 6.5, 3, 9.75], "texture": "#2"},
				"up": {"uv": [9, 1, 6.75, 0.75], "texture": "#2"},
				"down": {"uv": [9, 1, 6.75, 1.25], "texture": "#2"}
			}
		},
		{
			"from": [3.75, -0.5, 8.9],
			"to": [12.75, 12.5, 9.9],
			"rotation": {"angle": 0, "axis": "y", "origin": [4.75, -0.5, 9.75]},
			"faces": {
				"north": {"uv": [0, 3.25, 2.25, 6.5], "texture": "#2"},
				"east": {"uv": [3, 6.5, 3.25, 9.75], "texture": "#2"},
				"south": {"uv": [2.25, 3.25, 4.5, 6.5], "texture": "#2"},
				"west": {"uv": [3.25, 6.5, 3.5, 9.75], "texture": "#2"},
				"up": {"uv": [9, 1.5, 6.75, 1.25], "texture": "#2"},
				"down": {"uv": [9, 1.5, 6.75, 1.75], "texture": "#2"}
			}
		},
		{
			"from": [11.76, -0.49, 6.149],
			"to": [12.74, 12.49, 9.129],
			"rotation": {"angle": 0, "axis": "y", "origin": [4.75, -0.5, 7.975]},
			"faces": {
				"north": {"uv": [3.5, 6.5, 3.75, 9.75], "texture": "#2"},
				"east": {"uv": [4.5, 6, 5.25, 9.25], "texture": "#2"},
				"south": {"uv": [3.75, 6.5, 4, 9.75], "texture": "#2"},
				"west": {"uv": [5.25, 6, 6, 9.25], "texture": "#2"},
				"up": {"uv": [7, 2.5, 6.75, 1.75], "texture": "#2"},
				"down": {"uv": [7, 2.5, 6.75, 3.25], "texture": "#2"}
			}
		},
		{
			"from": [12.75, 4, 6],
			"to": [13.75, 8, 9],
			"rotation": {"angle": 0, "axis": "y", "origin": [11.75, 5, 7]},
			"faces": {
				"north": {"uv": [4, 6.5, 4.25, 7.5], "texture": "#2"},
				"east": {"uv": [6.5, 4, 7.25, 5], "texture": "#2"},
				"south": {"uv": [4.25, 6.5, 4.5, 7.5], "texture": "#2"},
				"west": {"uv": [6.5, 5, 7.25, 6], "texture": "#2"},
				"up": {"uv": [7, 4, 6.75, 3.25], "texture": "#2"},
				"down": {"uv": [7, 6, 6.75, 6.75], "texture": "#2"}
			}
		}
	],
	"display": {
		"thirdperson_righthand": {
			"rotation": [0, -63, 0],
			"translation": [-0.5, 0, 0]
		},
		"thirdperson_lefthand": {
			"rotation": [0, 119, 0],
			"translation": [0.5, 0, 0]
		},
		"firstperson_righthand": {
			"rotation": [0, 154, 0],
			"translation": [0, 7.5, 0],
			"scale": [0.75, 0.75, 0.75]
		},
		"firstperson_lefthand": {
			"rotation": [0, 154, 0],
			"translation": [0, 7.5, 0],
			"scale": [0.75, 0.75, 0.75]
		},
		"ground": {
			"translation": [0, 5.5, 0]
		},
		"gui": {
			"rotation": [16, -162, 0],
			"translation": [0, 1.75, 0]
		},
		"head": {
			"rotation": [90, 0, 64],
			"translation": [-2.25, 8.75, 0],
			"scale": [1.19, 1.19, 1.19]
		},
		"fixed": {
			"translation": [-0.75, 2.75, -1.25],
			"scale": [1.3, 1.3, 1.3]
		}
	}
}