{
	"format_version": "1.21.6",
	"credit": "Made with Blockbench",
	"texture_size": [64, 64],
	"textures": {
		"0": "hazbin:item/sherma",
		"particle": "hazbin:item/sherma"
	},
	"elements": [
		{
			"name": "head",
			"from": [3.5, 12, 3.5],
			"to": [12.5, 21, 12.5],
			"rotation": {"angle": 0, "axis": "y", "origin": [7, 12, 7]},
			"faces": {
				"north": {"uv": [4.25, 5, 6.5, 7.25], "texture": "#0"},
				"east": {"uv": [6.5, 0, 8.75, 2.25], "texture": "#0"},
				"south": {"uv": [6.5, 2.25, 8.75, 4.5], "texture": "#0"},
				"west": {"uv": [6.5, 4.5, 8.75, 6.75], "texture": "#0"},
				"up": {"uv": [8.75, 9, 6.5, 6.75], "texture": "#0"},
				"down": {"uv": [6.5, 7.25, 4.25, 9.5], "texture": "#0"}
			}
		},
		{
			"from": [8, 17.6, 13.85],
			"to": [8, 21.6, 17.85],
			"rotation": {"angle": -45, "axis": "x", "origin": [5.5, 11.6, 8.35]},
			"faces": {
				"north": {"uv": [0, 0, 0, 1], "texture": "#0"},
				"east": {"uv": [3, 8.5, 4, 9.5], "texture": "#0"},
				"south": {"uv": [0, 0, 0, 1], "texture": "#0"},
				"west": {"uv": [9.5, 10, 10.5, 11], "texture": "#0"},
				"up": {"uv": [0, 1, 0, 0], "texture": "#0"},
				"down": {"uv": [0, 0, 0, 1], "texture": "#0"}
			}
		},
		{
			"from": [-0.5, 18.1, -0.5],
			"to": [16.5, 21.1, 16.5],
			"rotation": {"angle": 0, "axis": "y", "origin": [7, 12.1, 7]},
			"faces": {
				"north": {"uv": [8.75, 7, 13, 7.75], "texture": "#0"},
				"east": {"uv": [8.75, 7.75, 13, 8.5], "texture": "#0"},
				"south": {"uv": [8.75, 8.5, 13, 9.25], "texture": "#0"},
				"west": {"uv": [6.5, 9.25, 10.75, 10], "texture": "#0"},
				"up": {"uv": [4.25, 4.25, 0, 0], "texture": "#0"},
				"down": {"uv": [4.25, 4.25, 0, 8.5], "texture": "#0"}
			}
		},
		{
			"from": [-0.5, 21.1, -0.5],
			"to": [16.5, 18.1, 16.5],
			"rotation": {"angle": 0, "axis": "z", "origin": [8, 16.6, 8]},
			"faces": {
				"north": {"uv": [8.75, 7, 13, 7.75], "rotation": 180, "texture": "#0"},
				"east": {"uv": [6.5, 9.25, 10.75, 10], "rotation": 180, "texture": "#0"},
				"south": {"uv": [8.75, 8.5, 13, 9.25], "rotation": 180, "texture": "#0"},
				"west": {"uv": [8.75, 7.75, 13, 8.5], "rotation": 180, "texture": "#0"},
				"up": {"uv": [4.25, 4.25, 0, 8.5], "rotation": 180, "texture": "#0"},
				"down": {"uv": [4.25, 4.25, 0, 0], "rotation": 180, "texture": "#0"}
			}
		},
		{
			"name": "cloak",
			"from": [3.49, 1.99, 4.99],
			"to": [12.51, 12.01, 11.01],
			"rotation": {"angle": 0, "axis": "y", "origin": [7, 3, 7.5]},
			"faces": {
				"north": {"uv": [4.25, 0, 6.5, 2.5], "texture": "#0"},
				"east": {"uv": [0, 8.5, 1.5, 11], "texture": "#0"},
				"south": {"uv": [4.25, 2.5, 6.5, 5], "texture": "#0"},
				"west": {"uv": [1.5, 8.5, 3, 11], "texture": "#0"},
				"up": {"uv": [11, 5.5, 8.75, 4], "texture": "#0"},
				"down": {"uv": [11, 5.5, 8.75, 7], "texture": "#0"}
			}
		},
		{
			"name": "body",
			"from": [4.5, 4, 5],
			"to": [11.5, 12, 11],
			"rotation": {"angle": 0, "axis": "y", "origin": [7, 3, 7.5]},
			"faces": {
				"north": {"uv": [8.75, 0, 10.5, 2], "texture": "#0"},
				"east": {"uv": [3, 9.5, 4.5, 11.5], "texture": "#0"},
				"south": {"uv": [8.75, 2, 10.5, 4], "texture": "#0"},
				"west": {"uv": [4.5, 9.5, 6, 11.5], "texture": "#0"},
				"up": {"uv": [7.75, 11.5, 6, 10], "texture": "#0"},
				"down": {"uv": [9.5, 10, 7.75, 11.5], "texture": "#0"}
			}
		},
		{
			"name": "right_leg",
			"from": [9, 0, 7],
			"to": [11, 4, 9],
			"rotation": {"angle": 0, "axis": "y", "origin": [6.5, -1, 6.5]},
			"faces": {
				"north": {"uv": [10.5, 1.5, 11, 2.5], "texture": "#0"},
				"east": {"uv": [10.5, 2.5, 11, 3.5], "texture": "#0"},
				"south": {"uv": [10.5, 10, 11, 11], "texture": "#0"},
				"west": {"uv": [0, 11, 0.5, 12], "texture": "#0"},
				"up": {"uv": [6.5, 10, 6, 9.5], "texture": "#0"},
				"down": {"uv": [11, 3.5, 10.5, 4], "texture": "#0"}
			}
		},
		{
			"from": [11, 11, 1.5],
			"to": [13, 13, 3.5],
			"rotation": {"angle": -12.5, "axis": "x", "origin": [9, 10, 8]},
			"faces": {
				"north": {"uv": [11.25, 0.5, 11.75, 1], "texture": "#0"},
				"east": {"uv": [11.25, 1, 11.75, 1.5], "texture": "#0"},
				"south": {"uv": [11.25, 4.5, 11.75, 5], "texture": "#0"},
				"west": {"uv": [11.25, 5, 11.75, 5.5], "texture": "#0"},
				"up": {"uv": [11.75, 6, 11.25, 5.5], "texture": "#0"},
				"down": {"uv": [11.75, 10, 11.25, 10.5], "texture": "#0"}
			}
		},
		{
			"from": [11, 6, 1.5],
			"to": [13, 10, 3.5],
			"rotation": {"angle": -12.5, "axis": "x", "origin": [9, 10, 8]},
			"faces": {
				"north": {"uv": [2, 11, 2.5, 12], "texture": "#0"},
				"east": {"uv": [2.5, 11, 3, 12], "texture": "#0"},
				"south": {"uv": [11, 2.5, 11.5, 3.5], "texture": "#0"},
				"west": {"uv": [11, 3.5, 11.5, 4.5], "texture": "#0"},
				"up": {"uv": [11.75, 11, 11.25, 10.5], "texture": "#0"},
				"down": {"uv": [11.75, 11, 11.25, 11.5], "texture": "#0"}
			}
		},
		{
			"name": "right_arm",
			"from": [11.5, 10, 2],
			"to": [12.5, 11, 9],
			"rotation": {"angle": -12.5, "axis": "x", "origin": [9, 10, 8]},
			"faces": {
				"north": {"uv": [4, 8.5, 4.25, 8.75], "texture": "#0"},
				"east": {"uv": [6.5, 9, 8.25, 9.25], "texture": "#0"},
				"south": {"uv": [4, 8.75, 4.25, 9], "texture": "#0"},
				"west": {"uv": [10.75, 9.25, 12.5, 9.5], "texture": "#0"},
				"up": {"uv": [11.25, 6.25, 11, 4.5], "texture": "#0"},
				"down": {"uv": [9.75, 11, 9.5, 12.75], "texture": "#0"}
			}
		},
		{
			"name": "left_arm",
			"from": [3.5, 10, 2],
			"to": [4.5, 11, 9],
			"rotation": {"angle": -30, "axis": "x", "origin": [7, 10, 8]},
			"faces": {
				"north": {"uv": [4, 9, 4.25, 9.25], "texture": "#0"},
				"east": {"uv": [10.75, 9.5, 12.5, 9.75], "texture": "#0"},
				"south": {"uv": [8.25, 9, 8.5, 9.25], "texture": "#0"},
				"west": {"uv": [10.75, 9.75, 12.5, 10], "texture": "#0"},
				"up": {"uv": [10, 12.75, 9.75, 11], "texture": "#0"},
				"down": {"uv": [10.25, 11, 10, 12.75], "texture": "#0"}
			}
		},
		{
			"from": [4, 1, -0.675],
			"to": [4, 10, 8.325],
			"rotation": {"angle": 15, "axis": "x", "origin": [7, 10, 7.825]},
			"faces": {
				"north": {"uv": [0, 0, 0, 0.75], "texture": "#0"},
				"east": {"uv": [13.75, 0, 16, 2.25], "texture": "#0"},
				"south": {"uv": [0, 0, 0, 0.75], "texture": "#0"},
				"west": {"uv": [16, 0, 13.75, 2.25], "texture": "#0"},
				"up": {"uv": [0, 0.75, 0, 0], "texture": "#0"},
				"down": {"uv": [0, 0, 0, 0.75], "texture": "#0"}
			}
		},
		{
			"name": "left_leg",
			"from": [5, 0, 7],
			"to": [7, 4, 9],
			"rotation": {"angle": 0, "axis": "y", "origin": [1.5, -1, 6.5]},
			"faces": {
				"north": {"uv": [0.5, 11, 1, 12], "texture": "#0"},
				"east": {"uv": [1, 11, 1.5, 12], "texture": "#0"},
				"south": {"uv": [1.5, 11, 2, 12], "texture": "#0"},
				"west": {"uv": [11, 1.5, 11.5, 2.5], "texture": "#0"},
				"up": {"uv": [11.5, 6.75, 11, 6.25], "texture": "#0"},
				"down": {"uv": [11.75, 0, 11.25, 0.5], "texture": "#0"}
			}
		}
	],
	"display": {
		"thirdperson_righthand": {
			"rotation": [49, 0, 0],
			"scale": [0.6, 0.6, 0.6]
		},
		"thirdperson_lefthand": {
			"rotation": [49, 0, 0],
			"scale": [0.6, 0.6, 0.6]
		},
		"firstperson_righthand": {
			"rotation": [-15, 119, 9],
			"translation": [0, 3.5, 0],
			"scale": [0.48, 0.48, 0.48]
		},
		"firstperson_lefthand": {
			"rotation": [-15, 119, 9],
			"translation": [0, 3.5, 0],
			"scale": [0.48, 0.48, 0.48]
		},
		"ground": {
			"scale": [0.5, 0.5, 0.5]
		},
		"gui": {
			"rotation": [8, -155, 0],
			"translation": [0, -2.5, 0],
			"scale": [0.6, 0.6, 0.6]
		},
		"head": {
			"translation": [0, 14, 0]
		},
		"fixed": {
			"rotation": [-90, 0, 0],
			"translation": [0, 0, -16],
			"scale": [2, 2, 2]
		},
		"on_shelf": {
			"rotation": [0, 180, 0],
			"translation": [0, 0, 5]
		}
	},
	"groups": [
		0,
		{
			"name": "hat",
			"origin": [5.5, 11.6, 8.35],
			"color": 0,
			"children": [1, 2, 3]
		},
		4,
		5,
		6,
		7,
		8,
		9,
		10,
		{
			"name": "mini_needle",
			"origin": [7, 10, 8],
			"color": 0,
			"children": [11]
		},
		12
	]
}