{
	"format_version": "1.21.6",
	"credit": "Made with Blockbench",
	"texture_size": [128, 128],
	"textures": {
		"2": "hazbin:item/lucifer_statue"
	},
	"elements": [
		{
			"name": "Left Leg",
			"from": [4.6, -4, 6],
			"to": [8.6, 8, 10],
			"rotation": {"angle": 0, "axis": "y", "origin": [8.5, -4, 8]},
			"faces": {
				"north": {"uv": [7.25, 8.75, 7.75, 10.25], "texture": "#2"},
				"east": {"uv": [8.75, 7.5, 9.25, 9], "texture": "#2"},
				"south": {"uv": [7.75, 8.75, 8.25, 10.25], "texture": "#2"},
				"west": {"uv": [0, 8.875, 0.5, 10.375], "texture": "#2"},
				"up": {"uv": [11.125, 0.5, 10.625, 0], "texture": "#2"},
				"down": {"uv": [11.125, 0.5, 10.625, 1], "texture": "#2"}
			}
		},
		{
			"name": "Left Leg Layer",
			"from": [4.35, -4.25, 5.75],
			"to": [8.85, 8.25, 10.25],
			"rotation": {"angle": 0, "axis": "y", "origin": [8.5, -4, 8]},
			"faces": {
				"north": {"uv": [8.875, 0, 9.375, 1.5], "texture": "#2"},
				"east": {"uv": [0.5, 8.875, 1, 10.375], "texture": "#2"},
				"south": {"uv": [2.5, 8.875, 3, 10.375], "texture": "#2"},
				"west": {"uv": [3, 8.875, 3.5, 10.375], "texture": "#2"},
				"up": {"uv": [1.875, 11.125, 1.375, 10.625], "texture": "#2"},
				"down": {"uv": [2.375, 10.625, 1.875, 11.125], "texture": "#2"}
			}
		},
		{
			"from": [4.6, -0.50381, 9.63716],
			"to": [7.6, 8.49619, 10.63716],
			"rotation": {"angle": -10, "axis": "z", "origin": [6.6, 6.5, 7.8]},
			"faces": {
				"north": {"uv": [4.875, 5.25, 4.5, 6.375], "texture": "#2"},
				"east": {"uv": [7, 10.625, 6.875, 11.75], "texture": "#2"},
				"south": {"uv": [10.625, 0, 10.25, 1.125], "texture": "#2"},
				"west": {"uv": [3.625, 10.625, 3.5, 11.75], "texture": "#2"},
				"up": {"uv": [11.5, 9.25, 11.125, 9.375], "texture": "#2"},
				"down": {"uv": [11.5, 9.375, 11.125, 9.5], "texture": "#2"}
			}
		},
		{
			"from": [3.6, -2.50381, 8.88716],
			"to": [5.6, -0.50381, 9.88716],
			"rotation": {"angle": -10, "axis": "z", "origin": [6.6, 6.5, 7.8]},
			"faces": {
				"north": {"uv": [7.875, 11.125, 7.625, 11.375], "texture": "#2"},
				"east": {"uv": [6.625, 11.375, 6.5, 11.625], "texture": "#2"},
				"south": {"uv": [8.125, 11.125, 7.875, 11.375], "texture": "#2"},
				"west": {"uv": [6.5, 11.375, 6.375, 11.625], "texture": "#2"},
				"up": {"uv": [11.625, 6.5, 11.375, 6.625], "texture": "#2"},
				"down": {"uv": [6.875, 11.375, 6.625, 11.5], "texture": "#2"}
			}
		},
		{
			"from": [3.35, -3.50381, 8.88716],
			"to": [4.35, -2.50381, 9.88716],
			"rotation": {"angle": -10, "axis": "z", "origin": [6.6, 6.5, 7.8]},
			"faces": {
				"north": {"uv": [3.75, 11.5, 3.625, 11.625], "texture": "#2"},
				"east": {"uv": [11.625, 3.75, 11.5, 3.875], "texture": "#2"},
				"south": {"uv": [3.875, 11.5, 3.75, 11.625], "texture": "#2"},
				"west": {"uv": [11.625, 3.625, 11.5, 3.75], "texture": "#2"},
				"up": {"uv": [4, 11.5, 3.875, 11.625], "texture": "#2"},
				"down": {"uv": [11.625, 3.875, 11.5, 4], "texture": "#2"}
			}
		},
		{
			"from": [3.6, -1.50381, 8.38716],
			"to": [4.6, 7.49619, 10.38716],
			"rotation": {"angle": -10, "axis": "z", "origin": [6.6, 6.5, 7.8]},
			"faces": {
				"north": {"uv": [7.125, 10.625, 7, 11.75], "texture": "#2"},
				"east": {"uv": [7.375, 10.25, 7.125, 11.375], "texture": "#2"},
				"south": {"uv": [6.125, 10.75, 6, 11.875], "texture": "#2"},
				"west": {"uv": [5.125, 5.25, 4.875, 6.375], "texture": "#2"},
				"up": {"uv": [11.5, 6.625, 11.375, 6.875], "texture": "#2"},
				"down": {"uv": [11.5, 6.875, 11.375, 7.125], "texture": "#2"}
			}
		},
		{
			"from": [7.6, 4.01798, 9.63811],
			"to": [8.6, 8.01798, 10.63811],
			"rotation": {"angle": -10, "axis": "z", "origin": [6.6, 6.5, 7.8]},
			"faces": {
				"north": {"uv": [8.25, 11.125, 8.125, 11.625], "texture": "#2"},
				"east": {"uv": [8.625, 11.125, 8.5, 11.625], "texture": "#2"},
				"south": {"uv": [8.5, 11.125, 8.375, 11.625], "texture": "#2"},
				"west": {"uv": [8.375, 11.125, 8.25, 11.625], "texture": "#2"},
				"up": {"uv": [4.125, 11.5, 4, 11.625], "texture": "#2"},
				"down": {"uv": [11.625, 4, 11.5, 4.125], "texture": "#2"}
			}
		},
		{
			"from": [3.1, 0.49619, 8.23716],
			"to": [4.1, 4.49619, 10.23716],
			"rotation": {"angle": -10, "axis": "z", "origin": [10.6, 7, 13.8]},
			"faces": {
				"north": {"uv": [11.25, 8.5, 11.125, 9], "texture": "#2"},
				"east": {"uv": [1.75, 7.875, 1.5, 8.375], "texture": "#2"},
				"south": {"uv": [8.75, 11.125, 8.625, 11.625], "texture": "#2"},
				"west": {"uv": [3.5, 7.5, 3.25, 8], "texture": "#2"},
				"up": {"uv": [7.25, 11.375, 7.125, 11.625], "texture": "#2"},
				"down": {"uv": [11.5, 7.125, 11.375, 7.375], "texture": "#2"}
			}
		},
		{
			"from": [7.1, 2.01798, 9.26189],
			"to": [8.1, 4.01798, 10.26189],
			"rotation": {"angle": -10, "axis": "z", "origin": [11.6, 7, 13.8]},
			"faces": {
				"north": {"uv": [7.375, 11.375, 7.25, 11.625], "texture": "#2"},
				"east": {"uv": [7.625, 11.375, 7.5, 11.625], "texture": "#2"},
				"south": {"uv": [11.5, 7.375, 11.375, 7.625], "texture": "#2"},
				"west": {"uv": [7.5, 11.375, 7.375, 11.625], "texture": "#2"},
				"up": {"uv": [11.625, 4.125, 11.5, 4.25], "texture": "#2"},
				"down": {"uv": [4.625, 11.5, 4.5, 11.625], "texture": "#2"}
			}
		}
	],
	"groups": [
		{
			"name": "LeftLeg",
			"origin": [6.1, 5, 8],
			"color": 0,
			"children": [
				0,
				1,
				{
					"name": "bone4",
					"origin": [6.1, 3.5, 7.8],
					"color": 0,
					"children": [2, 3, 4, 5, 6, 7, 8]
				}
			]
		}
	]
}