{
	"credit": "Made with Blockbench",
	"texture_size": [8, 8],
	"textures": {
		"2": "hazbin:item/husk_card"
	},
	"elements": [
		{
			"from": [6, 0, 7],
			"to": [10, 6, 7],
			"rotation": {"angle": 0, "axis": "y", "origin": [6, 0, 7]},
			"faces": {
				"north": {"uv": [0, 0, 6.25, 9.375], "texture": "#2"},
				"east": {"uv": [0, 0, 0, 12], "texture": "#2"},
				"south": {"uv": [6.25, 0, 12.5, 9.375], "texture": "#2"},
				"west": {"uv": [0, 0, 0, 12], "texture": "#2"},
				"up": {"uv": [8, 0, 0, 0], "texture": "#2"},
				"down": {"uv": [8, 0, 0, 0], "texture": "#2"}
			}
		}
	],
	"display": {
		"thirdperson_righthand": {
			"rotation": [0, 180, 0],
			"translation": [0, 7.75, -0.5]
		},
		"thirdperson_lefthand": {
			"rotation": [0, 180, 0],
			"translation": [0, 7.75, -0.5]
		},
		"firstperson_righthand": {
			"rotation": [0, 155, 0],
			"translation": [0, 12.5, 0],
			"scale": [1.4, 1.4, 1.4]
		},
		"firstperson_lefthand": {
			"rotation": [0, 155, 0],
			"translation": [0, 12.5, 0],
			"scale": [1.4, 1.4, 1.4]
		},
		"ground": {
			"translation": [0, 6.25, 1]
		},
		"gui": {
			"rotation": [11, 24, 0],
			"translation": [1, 11.25, 0],
			"scale": [2.4, 2.4, 2.4]
		},
		"head": {
			"translation": [0, 13.25, -5],
			"scale": [2.63, 2.63, 2.63]
		},
		"fixed": {
			"translation": [0, 18.25, 3.25],
			"scale": [3.67, 3.67, 3.67]
		}
	}
}