{
	"credit": "Made with Blockbench",
	"texture_size": [32, 32],
	"textures": {
		"0": "hazbin:item/husk_eyebrows",
		"particle": "hazbin:item/husk_eyebrows"
	},
	"elements": [
		{
			"from": [4.1, 10, 7],
			"to": [6.1, 13, 9],
			"faces": {
				"north": {"uv": [5.5, 2, 6.5, 3.5], "texture": "#0"},
				"east": {"uv": [3.5, 5.5, 4.5, 7], "texture": "#0"},
				"south": {"uv": [0, 6, 1, 7.5], "texture": "#0"},
				"west": {"uv": [6, 0, 7, 1.5], "texture": "#0"},
				"up": {"uv": [5.5, 7.5, 4.5, 6.5], "texture": "#0"},
				"down": {"uv": [7.5, 5, 6.5, 6], "texture": "#0"}
			}
		},
		{
			"from": [4, 8, 6.5],
			"to": [6, 10, 9.5],
			"faces": {
				"north": {"uv": [5.5, 6.5, 6.5, 7.5], "texture": "#0"},
				"east": {"uv": [6.5, 1.5, 8, 2.5], "texture": "#0"},
				"south": {"uv": [6.5, 6, 7.5, 7], "texture": "#0"},
				"west": {"uv": [6.5, 2.5, 8, 3.5], "texture": "#0"},
				"up": {"uv": [2, 7.5, 1, 6], "texture": "#0"},
				"down": {"uv": [7.5, 3.5, 6.5, 5], "texture": "#0"}
			}
		},
		{
			"from": [4.2, 13, 7.5],
			"to": [5.2, 15, 8.5],
			"faces": {
				"north": {"uv": [4.5, 5.5, 5, 6.5], "texture": "#0"},
				"east": {"uv": [4, 7, 4.5, 8], "texture": "#0"},
				"south": {"uv": [6.5, 7, 7, 8], "texture": "#0"},
				"west": {"uv": [7, 7, 7.5, 8], "texture": "#0"},
				"up": {"uv": [4.5, 4, 4, 3.5], "texture": "#0"},
				"down": {"uv": [5, 3.5, 4.5, 4], "texture": "#0"}
			}
		},
		{
			"from": [9.8, 10, 7],
			"to": [11.8, 13, 9],
			"rotation": {"angle": 0, "axis": "y", "origin": [16, 0, 0]},
			"faces": {
				"north": {"uv": [6.5, 2, 5.5, 3.5], "texture": "#0"},
				"east": {"uv": [7, 0, 6, 1.5], "texture": "#0"},
				"south": {"uv": [1, 6, 0, 7.5], "texture": "#0"},
				"west": {"uv": [4.5, 5.5, 3.5, 7], "texture": "#0"},
				"up": {"uv": [4.5, 7.5, 5.5, 6.5], "texture": "#0"},
				"down": {"uv": [6.5, 5, 7.5, 6], "texture": "#0"}
			}
		},
		{
			"from": [10.7, 13, 7.5],
			"to": [11.7, 15, 8.5],
			"rotation": {"angle": 0, "axis": "y", "origin": [16, 0, 0]},
			"faces": {
				"north": {"uv": [5, 5.5, 4.5, 6.5], "texture": "#0"},
				"east": {"uv": [7.5, 7, 7, 8], "texture": "#0"},
				"south": {"uv": [7, 7, 6.5, 8], "texture": "#0"},
				"west": {"uv": [4.5, 7, 4, 8], "texture": "#0"},
				"up": {"uv": [4, 4, 4.5, 3.5], "texture": "#0"},
				"down": {"uv": [4.5, 3.5, 5, 4], "texture": "#0"}
			}
		},
		{
			"from": [10, 8, 6.5],
			"to": [12, 10, 9.5],
			"rotation": {"angle": 0, "axis": "y", "origin": [16, 0, 0]},
			"faces": {
				"north": {"uv": [6.5, 6.5, 5.5, 7.5], "texture": "#0"},
				"east": {"uv": [8, 2.5, 6.5, 3.5], "texture": "#0"},
				"south": {"uv": [7.5, 6, 6.5, 7], "texture": "#0"},
				"west": {"uv": [8, 1.5, 6.5, 2.5], "texture": "#0"},
				"up": {"uv": [1, 7.5, 2, 6], "texture": "#0"},
				"down": {"uv": [6.5, 3.5, 7.5, 5], "texture": "#0"}
			}
		},
		{
			"from": [6, 8, 6],
			"to": [10, 9, 10],
			"faces": {
				"north": {"uv": [7, 0, 9, 0.5], "texture": "#0"},
				"east": {"uv": [7, 0.5, 9, 1], "texture": "#0"},
				"south": {"uv": [7, 1, 9, 1.5], "texture": "#0"},
				"west": {"uv": [2, 7, 4, 7.5], "texture": "#0"},
				"up": {"uv": [2, 6, 0, 4], "texture": "#0"},
				"down": {"uv": [6, 0, 4, 2], "texture": "#0"}
			}
		},
		{
			"from": [6.5, 9, 6.5],
			"to": [9.5, 12, 9.5],
			"faces": {
				"north": {"uv": [2, 4, 3.5, 5.5], "texture": "#0"},
				"east": {"uv": [4, 2, 5.5, 3.5], "texture": "#0"},
				"south": {"uv": [3.5, 4, 5, 5.5], "texture": "#0"},
				"west": {"uv": [5, 3.5, 6.5, 5], "texture": "#0"},
				"up": {"uv": [6.5, 6.5, 5, 5], "texture": "#0"},
				"down": {"uv": [3.5, 5.5, 2, 7], "texture": "#0"}
			}
		},
		{
			"from": [-1, 3, 3.4],
			"to": [7, 7, 3.4],
			"faces": {
				"north": {"uv": [0, 0, 4, 2], "texture": "#0"},
				"east": {"uv": [0, 0, 0, 2], "texture": "#0"},
				"south": {"uv": [0, 2, 4, 4], "texture": "#0"},
				"west": {"uv": [0, 0, 0, 2], "texture": "#0"},
				"up": {"uv": [4, 0, 0, 0], "texture": "#0"},
				"down": {"uv": [4, 0, 0, 0], "texture": "#0"}
			}
		},
		{
			"from": [9, 3, 3.4],
			"to": [17, 7, 3.4],
			"rotation": {"angle": 0, "axis": "y", "origin": [16, 0, 0]},
			"faces": {
				"north": {"uv": [4, 0, 0, 2], "texture": "#0"},
				"east": {"uv": [0, 0, 0, 2], "texture": "#0"},
				"south": {"uv": [4, 2, 0, 4], "texture": "#0"},
				"west": {"uv": [0, 0, 0, 2], "texture": "#0"},
				"up": {"uv": [0, 0, 4, 0], "texture": "#0"},
				"down": {"uv": [0, 0, 4, 0], "texture": "#0"}
			}
		}
	],
	"display": {
		"thirdperson_righthand": {
			"translation": [0, 0, 2.25],
			"scale": [0.5, 0.5, 0.5]
		},
		"thirdperson_lefthand": {
			"translation": [0, 0, 2.25],
			"scale": [0.5, 0.5, 0.5]
		},
		"firstperson_righthand": {
			"translation": [1.75, 1, 0],
			"scale": [0.5, 0.5, 0.5]
		},
		"firstperson_lefthand": {
			"translation": [1.75, 1, 0],
			"scale": [0.5, 0.5, 0.5]
		},
		"ground": {
			"translation": [0, 5.25, 0]
		},
		"gui": {
			"rotation": [18, -161, 0],
			"translation": [-1.25, 0, 0],
			"scale": [0.84, 0.84, 0.84]
		},
		"head": {
			"translation": [0, 6.25, 0],
			"scale": [1.6, 1.6, 1.6]
		}
	}
}