{
	"format_version": "1.21.6",
	"credit": "Made with Blockbench",
	"texture_size": [128, 128],
	"textures": {
		"2": "hazbin:item/lucifer_statue"
	},
	"elements": [
		{
			"from": [6.5, 9.75, 6.5],
			"to": [9.5, 12.75, 9.5],
			"rotation": {"angle": 0, "axis": "y", "origin": [8.75, 23.75, 10.25]},
			"faces": {
				"north": {"uv": [6.875, 6, 7.25, 6.375], "texture": "#2"},
				"east": {"uv": [9, 10.625, 9.375, 11], "texture": "#2"},
				"south": {"uv": [9.375, 10.625, 9.75, 11], "texture": "#2"},
				"west": {"uv": [9.75, 10.625, 10.125, 11], "texture": "#2"},
				"up": {"uv": [5.625, 11.125, 5.25, 10.75], "texture": "#2"},
				"down": {"uv": [6, 10.75, 5.625, 11.125], "texture": "#2"}
			}
		},
		{
			"from": [7, 9.25, 7],
			"to": [9, 10.25, 9],
			"rotation": {"angle": 0, "axis": "y", "origin": [8.75, 23.75, 10.25]},
			"faces": {
				"north": {"uv": [5.75, 11.375, 6, 11.5], "texture": "#2"},
				"east": {"uv": [11.375, 5.75, 11.625, 5.875], "texture": "#2"},
				"south": {"uv": [11.375, 5.875, 11.625, 6], "texture": "#2"},
				"west": {"uv": [11.375, 6, 11.625, 6.125], "texture": "#2"},
				"up": {"uv": [7.625, 11.375, 7.375, 11.125], "texture": "#2"},
				"down": {"uv": [11.375, 7.5, 11.125, 7.75], "texture": "#2"}
			}
		},
		{
			"from": [7.5, 12.25, 7.5],
			"to": [8.5, 14.25, 7.5],
			"rotation": {"angle": 20, "axis": "z", "origin": [8.75, 12.75, 7.25]},
			"faces": {
				"north": {"uv": [6.125, 11.375, 6.25, 11.625], "texture": "#2"},
				"east": {"uv": [0, 0, 0, 0.25], "texture": "#2"},
				"south": {"uv": [6.25, 11.375, 6.375, 11.625], "texture": "#2"},
				"west": {"uv": [0, 0, 0, 0.25], "texture": "#2"},
				"up": {"uv": [0.125, 0, 0, 0], "texture": "#2"},
				"down": {"uv": [0.125, 0, 0, 0], "texture": "#2"}
			}
		},
		{
			"from": [7.5, 12.25, 7.6],
			"to": [8.5, 13.25, 7.6],
			"rotation": {"angle": -45, "axis": "z", "origin": [8.75, 12.75, 7.25]},
			"faces": {
				"north": {"uv": [2.125, 11.5, 2.25, 11.625], "texture": "#2"},
				"east": {"uv": [0, 0, 0, 0.125], "texture": "#2"},
				"south": {"uv": [11.5, 2.125, 11.625, 2.25], "texture": "#2"},
				"west": {"uv": [0, 0, 0, 0.125], "texture": "#2"},
				"up": {"uv": [0, 0, 0.125, 0], "texture": "#2"},
				"down": {"uv": [0, 0, 0.125, 0], "texture": "#2"}
			}
		},
		{
			"from": [7.5, -2, 7.5],
			"to": [8.5, 11, 8.5],
			"rotation": {"angle": 0, "axis": "y", "origin": [8, 13, 8]},
			"faces": {
				"north": {"uv": [4.125, 10.375, 4.25, 12], "texture": "#2"},
				"east": {"uv": [4.25, 10.375, 4.375, 12], "texture": "#2"},
				"south": {"uv": [4.375, 10.375, 4.5, 12], "texture": "#2"},
				"west": {"uv": [8.875, 10.5, 9, 12.125], "texture": "#2"},
				"up": {"uv": [3.5, 11.625, 3.375, 11.5], "texture": "#2"},
				"down": {"uv": [11.625, 3.5, 11.5, 3.625], "texture": "#2"}
			}
		}
	],
	"groups": [
		{
			"name": "apple_staff",
			"origin": [-8, 4.75, 5.25],
			"color": 0,
			"children": [0, 1, 2, 3, 4]
		}
	]
}