{
	"format_version": "1.21.6",
	"credit": "Made with Blockbench",
	"texture_size": [32, 32],
	"textures": {
		"0": "hazbin:item/lute_horns",
		"particle": "hazbin:item/lute_horns"
	},
	"elements": [
		{
			"from": [4.5, 13, 4.5],
			"to": [11.5, 14, 5.5],
			"rotation": {"angle": 0, "axis": "y", "origin": [0, -8, 0]},
			"faces": {
				"north": {"uv": [8.5, 4, 12, 4.5], "texture": "#0"},
				"east": {"uv": [7.5, 5, 8, 5.5], "texture": "#0"},
				"south": {"uv": [8.5, 4.5, 12, 5], "texture": "#0"},
				"west": {"uv": [6, 8, 6.5, 8.5], "texture": "#0"},
				"up": {"uv": [12.5, 6.5, 9, 6], "texture": "#0"},
				"down": {"uv": [12.5, 6.5, 9, 7], "texture": "#0"}
			}
		},
		{
			"from": [4.5, 13, 10.5],
			"to": [11.5, 14, 11.5],
			"rotation": {"angle": 0, "axis": "y", "origin": [0, -8, 0]},
			"faces": {
				"north": {"uv": [9, 7, 12.5, 7.5], "texture": "#0"},
				"east": {"uv": [12, 2, 12.5, 2.5], "texture": "#0"},
				"south": {"uv": [9, 7.5, 12.5, 8], "texture": "#0"},
				"west": {"uv": [12, 2.5, 12.5, 3], "texture": "#0"},
				"up": {"uv": [11.5, 9.5, 8, 9], "texture": "#0"},
				"down": {"uv": [11.5, 9.5, 8, 10], "texture": "#0"}
			}
		},
		{
			"from": [10.5, 13, 5.5],
			"to": [11.5, 14, 10.5],
			"rotation": {"angle": 0, "axis": "y", "origin": [0, -8, 0]},
			"faces": {
				"north": {"uv": [12, 4, 12.5, 4.5], "texture": "#0"},
				"east": {"uv": [10, 5, 12.5, 5.5], "texture": "#0"},
				"south": {"uv": [12, 4.5, 12.5, 5], "texture": "#0"},
				"west": {"uv": [10, 5.5, 12.5, 6], "texture": "#0"},
				"up": {"uv": [8.5, 12.5, 8, 10], "texture": "#0"},
				"down": {"uv": [9, 10, 8.5, 12.5], "texture": "#0"}
			}
		},
		{
			"from": [4.5, 13, 5.5],
			"to": [5.5, 14, 10.5],
			"rotation": {"angle": 0, "axis": "y", "origin": [0, -8, 0]},
			"faces": {
				"north": {"uv": [4, 12.5, 4.5, 13], "texture": "#0"},
				"east": {"uv": [10, 8, 12.5, 8.5], "texture": "#0"},
				"south": {"uv": [4.5, 12.5, 5, 13], "texture": "#0"},
				"west": {"uv": [10, 8.5, 12.5, 9], "texture": "#0"},
				"up": {"uv": [9.5, 12.5, 9, 10], "texture": "#0"},
				"down": {"uv": [10, 10, 9.5, 12.5], "texture": "#0"}
			}
		},
		{
			"from": [7.5, 13, 7.5],
			"to": [8.5, 14, 8.5],
			"rotation": {"angle": 0, "axis": "y", "origin": [0, -8, 0]},
			"faces": {
				"north": {"uv": [5, 12.5, 5.5, 13], "texture": "#0"},
				"east": {"uv": [12.5, 5, 13, 5.5], "texture": "#0"},
				"south": {"uv": [5.5, 12.5, 6, 13], "texture": "#0"},
				"west": {"uv": [12.5, 5.5, 13, 6], "texture": "#0"},
				"up": {"uv": [6.5, 13, 6, 12.5], "texture": "#0"},
				"down": {"uv": [13, 6, 12.5, 6.5], "texture": "#0"}
			}
		},
		{
			"from": [7.5, 10, 4.5],
			"to": [8.5, 13, 5.5],
			"rotation": {"angle": 0, "axis": "y", "origin": [0, -8, 0]},
			"faces": {
				"north": {"uv": [10.5, 12, 11, 13.5], "texture": "#0"},
				"east": {"uv": [11, 12, 11.5, 13.5], "texture": "#0"},
				"south": {"uv": [11.5, 12, 12, 13.5], "texture": "#0"},
				"west": {"uv": [12, 11.5, 12.5, 13], "texture": "#0"},
				"up": {"uv": [7, 13, 6.5, 12.5], "texture": "#0"},
				"down": {"uv": [13, 6.5, 12.5, 7], "texture": "#0"}
			}
		},
		{
			"from": [7.5, 14, 10.5],
			"to": [8.5, 17, 11.5],
			"rotation": {"angle": 0, "axis": "y", "origin": [0, -8, 0]},
			"faces": {
				"north": {"uv": [12.5, 2, 13, 3.5], "texture": "#0"},
				"east": {"uv": [3, 12.5, 3.5, 14], "texture": "#0"},
				"south": {"uv": [3.5, 12.5, 4, 14], "texture": "#0"},
				"west": {"uv": [12.5, 3.5, 13, 5], "texture": "#0"},
				"up": {"uv": [7.5, 13, 7, 12.5], "texture": "#0"},
				"down": {"uv": [13, 7, 12.5, 7.5], "texture": "#0"}
			}
		},
		{
			"from": [4, 14.5, 4],
			"to": [12, 12.5, 6],
			"rotation": {"angle": 0, "axis": "y", "origin": [0, -8, 0]},
			"faces": {
				"north": {"uv": [0, 4, 4, 5], "texture": "#0"},
				"east": {"uv": [0, 12, 1, 13], "texture": "#0"},
				"south": {"uv": [4, 0, 8, 1], "texture": "#0"},
				"west": {"uv": [12, 0, 13, 1], "texture": "#0"},
				"up": {"uv": [8, 2, 4, 1], "texture": "#0"},
				"down": {"uv": [8, 2, 4, 3], "texture": "#0"}
			}
		},
		{
			"from": [4, 14.5, 10],
			"to": [12, 12.5, 12],
			"rotation": {"angle": 0, "axis": "y", "origin": [0, -8, 0]},
			"faces": {
				"north": {"uv": [0, 0, 4, 1], "texture": "#0"},
				"east": {"uv": [7, 11.5, 8, 12.5], "texture": "#0"},
				"south": {"uv": [0, 1, 4, 2], "texture": "#0"},
				"west": {"uv": [11.5, 9, 12.5, 10], "texture": "#0"},
				"up": {"uv": [4, 3, 0, 2], "texture": "#0"},
				"down": {"uv": [4, 3, 0, 4], "texture": "#0"}
			}
		},
		{
			"from": [4, 14.5, 6],
			"to": [6, 12.5, 10],
			"rotation": {"angle": 0, "axis": "y", "origin": [0, -8, 0]},
			"faces": {
				"north": {"uv": [5, 11.5, 6, 12.5], "texture": "#0"},
				"east": {"uv": [8, 2, 10, 3], "texture": "#0"},
				"south": {"uv": [6, 11.5, 7, 12.5], "texture": "#0"},
				"west": {"uv": [8, 5, 10, 6], "texture": "#0"},
				"up": {"uv": [6, 10, 5, 8], "texture": "#0"},
				"down": {"uv": [9, 6, 8, 8], "texture": "#0"}
			}
		},
		{
			"from": [10, 14.5, 6],
			"to": [12, 12.5, 10],
			"rotation": {"angle": 0, "axis": "y", "origin": [0, -8, 0]},
			"faces": {
				"north": {"uv": [1, 12, 2, 13], "texture": "#0"},
				"east": {"uv": [8, 8, 10, 9], "texture": "#0"},
				"south": {"uv": [12, 1, 13, 2], "texture": "#0"},
				"west": {"uv": [8.5, 3, 10.5, 4], "texture": "#0"},
				"up": {"uv": [7, 10.5, 6, 8.5], "texture": "#0"},
				"down": {"uv": [8, 8.5, 7, 10.5], "texture": "#0"}
			}
		},
		{
			"from": [7, 14.5, 7],
			"to": [9, 12.5, 9],
			"rotation": {"angle": 0, "axis": "y", "origin": [0, -8, 0]},
			"faces": {
				"north": {"uv": [10, 11, 11, 12], "texture": "#0"},
				"east": {"uv": [11, 10, 12, 11], "texture": "#0"},
				"south": {"uv": [11, 11, 12, 12], "texture": "#0"},
				"west": {"uv": [3, 11.5, 4, 12.5], "texture": "#0"},
				"up": {"uv": [12.5, 4, 11.5, 3], "texture": "#0"},
				"down": {"uv": [5, 11.5, 4, 12.5], "texture": "#0"}
			}
		},
		{
			"from": [7, 12.5, 4],
			"to": [9, 9.5, 6],
			"rotation": {"angle": 0, "axis": "y", "origin": [0, -8, 0]},
			"faces": {
				"north": {"uv": [10, 1.5, 11, 3], "texture": "#0"},
				"east": {"uv": [3, 10, 4, 11.5], "texture": "#0"},
				"south": {"uv": [4, 10, 5, 11.5], "texture": "#0"},
				"west": {"uv": [5, 10, 6, 11.5], "texture": "#0"},
				"up": {"uv": [3, 12, 2, 11], "texture": "#0"},
				"down": {"uv": [12, 2, 11, 3], "texture": "#0"}
			}
		},
		{
			"from": [7, 17.5, 10],
			"to": [9, 14.5, 12],
			"rotation": {"angle": 0, "axis": "y", "origin": [0, -8, 0]},
			"faces": {
				"north": {"uv": [0, 9.5, 1, 11], "texture": "#0"},
				"east": {"uv": [1, 9.5, 2, 11], "texture": "#0"},
				"south": {"uv": [2, 9.5, 3, 11], "texture": "#0"},
				"west": {"uv": [10, 0, 11, 1.5], "texture": "#0"},
				"up": {"uv": [2, 12, 1, 11], "texture": "#0"},
				"down": {"uv": [12, 1, 11, 2], "texture": "#0"}
			}
		}
	],
	"display": {
		"thirdperson_righthand": {
			"translation": [0, 0, 0.5],
			"scale": [0.5, 0.5, 0.5]
		},
		"thirdperson_lefthand": {
			"translation": [0, 0, 0.5],
			"scale": [0.5, 0.5, 0.5]
		},
		"firstperson_righthand": {
			"scale": [0.75, 0.75, 0.75]
		},
		"firstperson_lefthand": {
			"scale": [0.75, 0.75, 0.75]
		},
		"ground": {
			"translation": [0, -4, 0]
		},
		"gui": {
			"rotation": [13, 145, 0],
			"translation": [0, -4, 0],
			"scale": [0.9, 0.9, 0.9]
		},
		"head": {
			"translation": [0, 5.75, 0],
			"scale": [1.6, 1.6, 1.6]
		},
		"fixed": {
			"rotation": [-45, 0, 0],
			"translation": [0, -2.75, 0.25]
		},
		"on_shelf": {
			"rotation": [0, -180, 0],
			"translation": [0, 4.25, 1.25],
			"scale": [1.25, 1.25, 1.25]
		}
	}
}