{
	"credit": "Made with Blockbench",
	"texture_size": [32, 32],
	"textures": {
		"2": "hazbin:item/pegasus"
	},
	"elements": [
		{
			"from": [-0.25, 8.5, 4],
			"to": [5.75, 9.5, 10],
			"rotation": {"angle": 22.5, "axis": "z", "origin": [5.5, 9, 7]},
			"faces": {
				"north": {"uv": [12, 4.5, 15, 5], "texture": "#2"},
				"east": {"uv": [12.5, 8, 15.5, 8.5], "texture": "#2"},
				"south": {"uv": [12.5, 8.5, 15.5, 9], "texture": "#2"},
				"west": {"uv": [12.5, 9, 15.5, 9.5], "texture": "#2"},
				"up": {"uv": [8, 8, 5, 5], "texture": "#2"},
				"down": {"uv": [8.5, 0, 5.5, 3], "texture": "#2"}
			}
		},
		{
			"from": [-5.25, 8.5, 4],
			"to": [-0.25, 9.5, 8],
			"rotation": {"angle": 22.5, "axis": "z", "origin": [5.5, 9, 7]},
			"faces": {
				"north": {"uv": [12.5, 12.5, 15, 13], "texture": "#2"},
				"east": {"uv": [13, 0.5, 15, 1], "texture": "#2"},
				"south": {"uv": [13, 0, 15.5, 0.5], "texture": "#2"},
				"west": {"uv": [13, 1, 15, 1.5], "texture": "#2"},
				"up": {"uv": [8, 5, 5.5, 3], "texture": "#2"},
				"down": {"uv": [10, 8.5, 7.5, 10.5], "texture": "#2"}
			}
		},
		{
			"from": [10.25, 8.5, 4],
			"to": [16.25, 9.5, 10],
			"rotation": {"angle": -22.5, "axis": "z", "origin": [10.5, 9, 7]},
			"faces": {
				"north": {"uv": [15, 4.5, 12, 5], "texture": "#2"},
				"east": {"uv": [15.5, 9, 12.5, 9.5], "texture": "#2"},
				"south": {"uv": [15.5, 8.5, 12.5, 9], "texture": "#2"},
				"west": {"uv": [15.5, 8, 12.5, 8.5], "texture": "#2"},
				"up": {"uv": [8, 5, 5, 8], "texture": "#2"},
				"down": {"uv": [8.5, 0, 5.5, 3], "texture": "#2"}
			}
		},
		{
			"from": [16.25, 8.5, 4],
			"to": [21.25, 9.5, 8],
			"rotation": {"angle": -22.5, "axis": "z", "origin": [10.5, 9, 7]},
			"faces": {
				"north": {"uv": [15, 12.5, 12.5, 13], "texture": "#2"},
				"east": {"uv": [15, 1, 13, 1.5], "texture": "#2"},
				"south": {"uv": [15.5, 0, 13, 0.5], "texture": "#2"},
				"west": {"uv": [15, 0.5, 13, 1], "texture": "#2"},
				"up": {"uv": [8, 3, 5.5, 5], "texture": "#2"},
				"down": {"uv": [10, 8.5, 7.5, 10.5], "texture": "#2"}
			}
		},
		{
			"name": "head",
			"from": [6.5, 14, 1.2],
			"to": [9.5, 16.5, 4.7],
			"rotation": {"angle": -22.5, "axis": "x", "origin": [8, 10.625, 2.575]},
			"faces": {
				"north": {"uv": [11.5, 0, 13, 1.25], "texture": "#2"},
				"east": {"uv": [11, 5, 12.75, 6.25], "texture": "#2"},
				"south": {"uv": [11.5, 1.5, 13, 2.75], "texture": "#2"},
				"west": {"uv": [11, 6.5, 12.75, 7.75], "texture": "#2"},
				"up": {"uv": [12, 4.75, 10.5, 3], "texture": "#2"},
				"down": {"uv": [6.5, 10.5, 5, 12.25], "texture": "#2"}
			}
		},
		{
			"name": "mouth",
			"from": [7, 14, -1.3],
			"to": [9, 16.5, 1.2],
			"rotation": {"angle": -22.5, "axis": "x", "origin": [8, 10.625, 2.575]},
			"faces": {
				"north": {"uv": [5, 12.5, 6, 13.75], "texture": "#2"},
				"east": {"uv": [12, 3, 13.25, 4.25], "texture": "#2"},
				"south": {"uv": [12.5, 9.5, 13.5, 10.75], "texture": "#2"},
				"west": {"uv": [11, 12, 12.25, 13.25], "texture": "#2"},
				"up": {"uv": [11, 13.75, 10, 12.5], "texture": "#2"},
				"down": {"uv": [13.5, 11, 12.5, 12.25], "texture": "#2"}
			}
		},
		{
			"name": "left_ear",
			"from": [8.2, 16.5, 4.19],
			"to": [9.2, 18, 4.69],
			"rotation": {"angle": -22.5, "axis": "x", "origin": [8, 10.625, 2.575]},
			"faces": {
				"north": {"uv": [6, 12.5, 6.5, 13.25], "texture": "#2"},
				"east": {"uv": [13, 13, 13.25, 13.75], "texture": "#2"},
				"south": {"uv": [12.5, 13, 13, 13.75], "texture": "#2"},
				"west": {"uv": [0, 13.5, 0.25, 14.25], "texture": "#2"},
				"up": {"uv": [13.5, 2.75, 13, 2.5], "texture": "#2"},
				"down": {"uv": [1, 13.5, 0.5, 13.75], "texture": "#2"}
			}
		},
		{
			"name": "right_ear",
			"from": [6.8, 16.5, 4.19],
			"to": [7.8, 18, 4.69],
			"rotation": {"angle": -22.5, "axis": "x", "origin": [8, 10.625, 2.575]},
			"faces": {
				"north": {"uv": [6, 12.5, 6.5, 13.25], "texture": "#2"},
				"east": {"uv": [13, 13, 13.25, 13.75], "texture": "#2"},
				"south": {"uv": [12.5, 13, 13, 13.75], "texture": "#2"},
				"west": {"uv": [0, 13.5, 0.25, 14.25], "texture": "#2"},
				"up": {"uv": [13, 2.5, 13.5, 2.75], "texture": "#2"},
				"down": {"uv": [0.5, 13.5, 1, 13.75], "texture": "#2"}
			}
		},
		{
			"name": "neck",
			"from": [7.05, 8, 1.2],
			"to": [9.05, 14, 4.7],
			"rotation": {"angle": -22.5, "axis": "x", "origin": [8, 10.625, 2.575]},
			"faces": {
				"north": {"uv": [0, 10.5, 1, 13.5], "texture": "#2"},
				"east": {"uv": [8, 5.5, 9.75, 8.5], "texture": "#2"},
				"south": {"uv": [10.5, 0, 11.5, 3], "texture": "#2"},
				"west": {"uv": [8.5, 0, 10.25, 3], "texture": "#2"},
				"up": {"uv": [12.5, 9.75, 11.5, 8], "texture": "#2"},
				"down": {"uv": [12.5, 10, 11.5, 11.75], "texture": "#2"}
			}
		},
		{
			"name": "mane",
			"from": [7.5, 8.5, 4.7],
			"to": [8.5, 16.5, 5.7],
			"rotation": {"angle": -22.5, "axis": "x", "origin": [8, 10.625, 2.575]},
			"faces": {
				"north": {"uv": [8.5, 10.5, 9, 14.5], "texture": "#2"},
				"east": {"uv": [9, 10.5, 9.5, 14.5], "texture": "#2"},
				"south": {"uv": [9.5, 10.5, 10, 14.5], "texture": "#2"},
				"west": {"uv": [11, 8, 11.5, 12], "texture": "#2"},
				"up": {"uv": [8, 8.5, 7.5, 8], "texture": "#2"},
				"down": {"uv": [11, 5, 10.5, 5.5], "texture": "#2"}
			}
		},
		{
			"name": "body",
			"from": [5.5, 5.5, 2.1],
			"to": [10.5, 10.5, 13.1],
			"rotation": {"angle": 0, "axis": "y", "origin": [8, 0, 8]},
			"faces": {
				"north": {"uv": [8, 3, 10.5, 5.5], "texture": "#2"},
				"east": {"uv": [0, 0, 5.5, 2.5], "texture": "#2"},
				"south": {"uv": [5, 8, 7.5, 10.5], "texture": "#2"},
				"west": {"uv": [0, 2.5, 5.5, 5], "texture": "#2"},
				"up": {"uv": [2.5, 10.5, 0, 5], "texture": "#2"},
				"down": {"uv": [5, 5, 2.5, 10.5], "texture": "#2"}
			}
		},
		{
			"name": "tail",
			"from": [7.25, 3.5, 13.1],
			"to": [8.75, 10.5, 15.1],
			"rotation": {"angle": 0, "axis": "y", "origin": [8, 0, 8]},
			"faces": {
				"north": {"uv": [6.5, 10.5, 7.25, 14], "texture": "#2"},
				"east": {"uv": [10, 5.5, 11, 9], "texture": "#2"},
				"south": {"uv": [7.5, 10.5, 8.25, 14], "texture": "#2"},
				"west": {"uv": [10, 9, 11, 12.5], "texture": "#2"},
				"up": {"uv": [13.75, 7, 13, 6], "texture": "#2"},
				"down": {"uv": [13.75, 7, 13, 8], "texture": "#2"}
			}
		},
		{
			"name": "front_left_leg",
			"from": [5.5, 0, 2.1],
			"to": [7.5, 5.5, 4.1],
			"rotation": {"angle": 0, "axis": "y", "origin": [8, 0, 8]},
			"faces": {
				"north": {"uv": [1, 10.5, 2, 13.25], "texture": "#2"},
				"east": {"uv": [2, 10.5, 3, 13.25], "texture": "#2"},
				"south": {"uv": [3, 10.5, 4, 13.25], "texture": "#2"},
				"west": {"uv": [4, 10.5, 5, 13.25], "texture": "#2"},
				"up": {"uv": [14, 2.5, 13, 1.5], "texture": "#2"},
				"down": {"uv": [14, 5, 13, 6], "texture": "#2"}
			}
		},
		{
			"name": "front_right_leg",
			"from": [8.5, 0, 2.1],
			"to": [10.5, 5.5, 4.1],
			"rotation": {"angle": 0, "axis": "y", "origin": [8, 0, 8]},
			"faces": {
				"north": {"uv": [1, 10.5, 2, 13.25], "texture": "#2"},
				"east": {"uv": [4, 10.5, 5, 13.25], "texture": "#2"},
				"south": {"uv": [3, 10.5, 4, 13.25], "texture": "#2"},
				"west": {"uv": [2, 10.5, 3, 13.25], "texture": "#2"},
				"up": {"uv": [13, 1.5, 14, 2.5], "texture": "#2"},
				"down": {"uv": [13, 5, 14, 6], "texture": "#2"}
			}
		},
		{
			"name": "back_left_leg",
			"from": [5.5, 0, 11],
			"to": [7.5, 5.5, 13],
			"rotation": {"angle": 0, "axis": "y", "origin": [8, 0, 8]},
			"faces": {
				"north": {"uv": [2, 10.5, 1, 13.25], "texture": "#2"},
				"east": {"uv": [3, 10.5, 2, 13.25], "texture": "#2"},
				"south": {"uv": [4, 10.5, 3, 13.25], "texture": "#2"},
				"west": {"uv": [5, 10.5, 4, 13.25], "texture": "#2"},
				"up": {"uv": [14, 1.5, 13, 2.5], "texture": "#2"},
				"down": {"uv": [14, 5, 13, 6], "texture": "#2"}
			}
		},
		{
			"name": "back_right_leg",
			"from": [8.5, 0, 11],
			"to": [10.5, 5.5, 13],
			"rotation": {"angle": 0, "axis": "y", "origin": [8, 0, 8]},
			"faces": {
				"north": {"uv": [1, 10.5, 2, 13.25], "texture": "#2"},
				"east": {"uv": [4, 10.5, 5, 13.25], "texture": "#2"},
				"south": {"uv": [3, 10.5, 4, 13.25], "texture": "#2"},
				"west": {"uv": [2, 10.5, 3, 13.25], "texture": "#2"},
				"up": {"uv": [13, 1.5, 14, 2.5], "texture": "#2"},
				"down": {"uv": [13, 5, 14, 6], "texture": "#2"}
			}
		}
	],
	"display": {
		"thirdperson_righthand": {
			"rotation": [75, 45, 0],
			"translation": [0, 2.5, 0],
			"scale": [0.375, 0.375, 0.375]
		},
		"thirdperson_lefthand": {
			"rotation": [75, 45, 0],
			"translation": [0, 2.5, 0],
			"scale": [0.375, 0.375, 0.375]
		},
		"firstperson_righthand": {
			"rotation": [0, 45, 0],
			"translation": [0, 2, 0],
			"scale": [0.6, 0.6, 0.6]
		},
		"firstperson_lefthand": {
			"rotation": [0, 45, 0],
			"translation": [0, 2, 0],
			"scale": [0.6, 0.6, 0.6]
		},
		"ground": {
			"translation": [0, 5.75, 0]
		},
		"gui": {
			"rotation": [30, -153, 0],
			"translation": [-1, 1.25, 0],
			"scale": [0.75, 0.75, 0.75]
		},
		"head": {
			"translation": [0, 14.25, 0]
		}
	},
	"groups": [
		{
			"name": "left_wing",
			"origin": [0, 0, 0],
			"color": 0,
			"children": [0, 1]
		},
		{
			"name": "right_wing",
			"origin": [0, 0, 0],
			"color": 0,
			"children": [2, 3]
		},
		{
			"name": "horse",
			"origin": [8, 0, 8],
			"color": 0,
			"children": [
				{
					"name": "head",
					"origin": [8, 0, 8],
					"color": 0,
					"children": [4, 5, 6, 7, 8, 9]
				},
				{
					"name": "body",
					"origin": [8, 13, 14],
					"color": 0,
					"children": [10]
				},
				{
					"name": "tail",
					"origin": [8, 21, 19],
					"color": 0,
					"children": [11]
				},
				{
					"name": "front_left_leg",
					"origin": [4, 10, -1],
					"color": 0,
					"children": [12]
				},
				{
					"name": "front_right_leg",
					"origin": [12, 10, -1],
					"color": 0,
					"children": [13]
				},
				{
					"name": "back_left_leg",
					"origin": [4, 10, 16],
					"color": 0,
					"children": [14]
				},
				{
					"name": "back_right_leg",
					"origin": [12, 10, 16],
					"color": 0,
					"children": [15]
				},
				{
					"name": "saddle",
					"origin": [8, 13, 14],
					"color": 0,
					"children": []
				}
			]
		}
	]
}