{
	"credit": "Made with Blockbench",
	"texture_size": [64, 64],
	"textures": {
		"0": "hazbin:item/paimon_crown",
		"particle": "hazbin:item/paimon_crown"
	},
	"elements": [
		{
			"from": [5.5, 8, 5],
			"to": [10.5, 18, 10],
			"faces": {
				"north": {"uv": [0, 0, 1.25, 2.5], "texture": "#0"},
				"east": {"uv": [1.25, 0, 2.5, 2.5], "texture": "#0"},
				"south": {"uv": [0, 2.5, 1.25, 5], "texture": "#0"},
				"west": {"uv": [2.5, 0, 3.75, 2.5], "texture": "#0"},
				"up": {"uv": [5.5, 5.5, 4.25, 4.25], "texture": "#0"},
				"down": {"uv": [6, 0, 4.75, 1.25], "texture": "#0"}
			}
		},
		{
			"from": [3, 5, 8],
			"to": [5, 22, 10],
			"faces": {
				"north": {"uv": [1.25, 2.5, 1.75, 6.75], "texture": "#0"},
				"east": {"uv": [1.75, 2.5, 2.25, 6.75], "texture": "#0"},
				"south": {"uv": [2.25, 2.5, 2.75, 6.75], "texture": "#0"},
				"west": {"uv": [2.75, 2.5, 3.25, 6.75], "texture": "#0"},
				"up": {"uv": [5.25, 4, 4.75, 3.5], "texture": "#0"},
				"down": {"uv": [6.5, 0, 6, 0.5], "texture": "#0"}
			}
		},
		{
			"from": [4, 22, 8],
			"to": [5, 25, 9],
			"faces": {
				"north": {"uv": [5.25, 3.5, 5.5, 4.25], "texture": "#0"},
				"east": {"uv": [6, 1.5, 6.25, 2.25], "texture": "#0"},
				"south": {"uv": [6, 2.25, 6.25, 3], "texture": "#0"},
				"west": {"uv": [6, 3, 6.25, 3.75], "texture": "#0"},
				"up": {"uv": [6.5, 3.75, 6.25, 3.5], "texture": "#0"},
				"down": {"uv": [6.5, 3.75, 6.25, 4], "texture": "#0"}
			}
		},
		{
			"from": [3.525, 1.5, 9.35],
			"to": [4.525, 10.5, 11.35],
			"rotation": {"angle": -22.5, "axis": "x", "origin": [0, 0, 0]},
			"faces": {
				"north": {"uv": [1, 5, 1.25, 7.25], "texture": "#0"},
				"east": {"uv": [4.75, 1.25, 5.25, 3.5], "texture": "#0"},
				"south": {"uv": [5.5, 3.5, 5.75, 5.75], "texture": "#0"},
				"west": {"uv": [0, 5, 0.5, 7.25], "texture": "#0"},
				"up": {"uv": [6.5, 2, 6.25, 1.5], "texture": "#0"},
				"down": {"uv": [6.5, 2, 6.25, 2.5], "texture": "#0"}
			}
		},
		{
			"from": [5, 4, 8.5],
			"to": [6, 10, 9.5],
			"rotation": {"angle": 22.5, "axis": "z", "origin": [0, 0, 0]},
			"faces": {
				"north": {"uv": [4.75, 5.5, 5, 7], "texture": "#0"},
				"east": {"uv": [5, 5.5, 5.25, 7], "texture": "#0"},
				"south": {"uv": [5.25, 5.5, 5.5, 7], "texture": "#0"},
				"west": {"uv": [5.75, 1.25, 6, 2.75], "texture": "#0"},
				"up": {"uv": [5, 4.25, 4.75, 4], "texture": "#0"},
				"down": {"uv": [5.25, 4, 5, 4.25], "texture": "#0"}
			}
		},
		{
			"from": [11, 5, 8],
			"to": [13, 22, 10],
			"rotation": {"angle": 0, "axis": "y", "origin": [16, 0, 0]},
			"faces": {
				"north": {"uv": [1.75, 2.5, 1.25, 6.75], "texture": "#0"},
				"east": {"uv": [3.25, 2.5, 2.75, 6.75], "texture": "#0"},
				"south": {"uv": [2.75, 2.5, 2.25, 6.75], "texture": "#0"},
				"west": {"uv": [2.25, 2.5, 1.75, 6.75], "texture": "#0"},
				"up": {"uv": [4.75, 4, 5.25, 3.5], "texture": "#0"},
				"down": {"uv": [6, 0, 6.5, 0.5], "texture": "#0"}
			}
		},
		{
			"from": [10, 4, 8.5],
			"to": [11, 10, 9.5],
			"rotation": {"angle": -22.5, "axis": "z", "origin": [16, 0, 0]},
			"faces": {
				"north": {"uv": [5, 5.5, 4.75, 7], "texture": "#0"},
				"east": {"uv": [6, 1.25, 5.75, 2.75], "texture": "#0"},
				"south": {"uv": [5.5, 5.5, 5.25, 7], "texture": "#0"},
				"west": {"uv": [5.25, 5.5, 5, 7], "texture": "#0"},
				"up": {"uv": [4.75, 4.25, 5, 4], "texture": "#0"},
				"down": {"uv": [5, 4, 5.25, 4.25], "texture": "#0"}
			}
		},
		{
			"from": [11.475, 1.5, 9.35],
			"to": [12.475, 10.5, 11.35],
			"rotation": {"angle": -22.5, "axis": "x", "origin": [16, 0, 0]},
			"faces": {
				"north": {"uv": [1.25, 5, 1, 7.25], "texture": "#0"},
				"east": {"uv": [0.5, 5, 0, 7.25], "texture": "#0"},
				"south": {"uv": [5.75, 3.5, 5.5, 5.75], "texture": "#0"},
				"west": {"uv": [5.25, 1.25, 4.75, 3.5], "texture": "#0"},
				"up": {"uv": [6.25, 2, 6.5, 1.5], "texture": "#0"},
				"down": {"uv": [6.25, 2, 6.5, 2.5], "texture": "#0"}
			}
		},
		{
			"from": [11, 22, 8],
			"to": [12, 25, 9],
			"rotation": {"angle": 0, "axis": "y", "origin": [16, 0, 0]},
			"faces": {
				"north": {"uv": [5.5, 3.5, 5.25, 4.25], "texture": "#0"},
				"east": {"uv": [6.25, 3, 6, 3.75], "texture": "#0"},
				"south": {"uv": [6.25, 2.25, 6, 3], "texture": "#0"},
				"west": {"uv": [6.25, 1.5, 6, 2.25], "texture": "#0"},
				"up": {"uv": [6.25, 3.75, 6.5, 3.5], "texture": "#0"},
				"down": {"uv": [6.25, 3.75, 6.5, 4], "texture": "#0"}
			}
		}
	],
	"display": {
		"thirdperson_righthand": {
			"translation": [0, 0, 1.75],
			"scale": [0.6, 0.6, 0.6]
		},
		"thirdperson_lefthand": {
			"translation": [0, 0, 1.75],
			"scale": [0.6, 0.6, 0.6]
		},
		"firstperson_righthand": {
			"scale": [0.6, 0.6, 0.6]
		},
		"firstperson_lefthand": {
			"scale": [0.6, 0.6, 0.6]
		},
		"gui": {
			"rotation": [16, -154, 0],
			"translation": [0, -5.25, 0],
			"scale": [0.75, 0.75, 0.75]
		},
		"head": {
			"translation": [0, 6.5, 0],
			"scale": [1.6, 1.6, 1.6]
		},
		"fixed": {
			"translation": [0, -7, 0]
		}
	}
}