{
	"format_version": "1.21.6",
	"credit": "Made with Blockbench",
	"texture_size": [128, 128],
	"textures": {
		"2": "hazbin:item/lucifer_statue"
	},
	"elements": [
		{
			"name": "Right Arm",
			"from": [8, -4, 6],
			"to": [11, 8, 10],
			"rotation": {"angle": 0, "axis": "y", "origin": [8, -7, 8]},
			"faces": {
				"north": {"uv": [9.75, 1.5, 10.125, 3], "texture": "#2"},
				"east": {"uv": [8.75, 9, 9.25, 10.5], "texture": "#2"},
				"south": {"uv": [9.75, 3.5, 10.125, 5], "texture": "#2"},
				"west": {"uv": [9.25, 1.5, 9.75, 3], "texture": "#2"},
				"up": {"uv": [3.125, 11.125, 2.75, 10.625], "texture": "#2"},
				"down": {"uv": [3.5, 10.625, 3.125, 11.125], "texture": "#2"}
			}
		},
		{
			"name": "Right Arm Layer",
			"from": [7.75, -4.25, 5.75],
			"to": [11.25, 8.25, 10.25],
			"rotation": {"angle": 0, "axis": "y", "origin": [8, -7, 8]},
			"faces": {
				"north": {"uv": [9.75, 5, 10.125, 6.5], "texture": "#2"},
				"east": {"uv": [9.25, 5, 9.75, 6.5], "texture": "#2"},
				"south": {"uv": [9.75, 6.5, 10.125, 8], "texture": "#2"},
				"west": {"uv": [9.25, 6.5, 9.75, 8], "texture": "#2"},
				"up": {"uv": [6.5, 11.125, 6.125, 10.625], "texture": "#2"},
				"down": {"uv": [6.875, 10.625, 6.5, 11.125], "texture": "#2"}
			}
		}
	],
	"groups": [
		{
			"name": "RightArm",
			"origin": [13, 15, 8],
			"color": 0,
			"children": [
				0,
				1,
				{
					"name": "RightItemPivot",
					"origin": [14, 5, 6],
					"color": 0,
					"children": []
				}
			]
		}
	]
}