{
	"credit": "Made with Blockbench",
	"textures": {
		"0": "hazbin:item/millie_horns",
		"particle": "hazbin:item/millie_horns"
	},
	"elements": [
		{
			"from": [4.25, 8, 4.75],
			"to": [6.25, 15, 6.75],
			"rotation": {"angle": 0, "axis": "y", "origin": [4.25, 8, 4.75]},
			"faces": {
				"north": {"uv": [0, 0, 2, 7], "texture": "#0"},
				"east": {"uv": [2, 0, 4, 7], "texture": "#0"},
				"south": {"uv": [4, 0, 6, 7], "texture": "#0"},
				"west": {"uv": [6, 0, 8, 7], "texture": "#0"},
				"up": {"uv": [10, 2, 8, 0], "texture": "#0"},
				"down": {"uv": [10, 2, 8, 4], "texture": "#0"}
			}
		},
		{
			"from": [5, 15, 5.5],
			"to": [6, 19, 6.5],
			"rotation": {"angle": 0, "axis": "y", "origin": [4, 15, 4.5]},
			"faces": {
				"north": {"uv": [8, 4, 9, 8], "texture": "#0"},
				"east": {"uv": [8, 8, 9, 12], "texture": "#0"},
				"south": {"uv": [9, 4, 10, 8], "texture": "#0"},
				"west": {"uv": [9, 8, 10, 12], "texture": "#0"},
				"up": {"uv": [13, 1, 12, 0], "texture": "#0"},
				"down": {"uv": [13, 1, 12, 2], "texture": "#0"}
			}
		},
		{
			"from": [10, 15, 5.5],
			"to": [11, 19, 6.5],
			"rotation": {"angle": 0, "axis": "y", "origin": [12, 15, 4.5]},
			"faces": {
				"north": {"uv": [10, 4, 11, 8], "texture": "#0"},
				"east": {"uv": [10, 8, 11, 12], "texture": "#0"},
				"south": {"uv": [11, 4, 12, 8], "texture": "#0"},
				"west": {"uv": [11, 8, 12, 12], "texture": "#0"},
				"up": {"uv": [13, 3, 12, 2], "texture": "#0"},
				"down": {"uv": [13, 3, 12, 4], "texture": "#0"}
			}
		},
		{
			"from": [9.75, 8, 4.75],
			"to": [11.75, 15, 6.75],
			"rotation": {"angle": 0, "axis": "y", "origin": [11.75, 8, 4.75]},
			"faces": {
				"north": {"uv": [0, 7, 2, 14], "texture": "#0"},
				"east": {"uv": [2, 7, 4, 14], "texture": "#0"},
				"south": {"uv": [4, 7, 6, 14], "texture": "#0"},
				"west": {"uv": [6, 7, 8, 14], "texture": "#0"},
				"up": {"uv": [12, 2, 10, 0], "texture": "#0"},
				"down": {"uv": [12, 2, 10, 4], "texture": "#0"}
			}
		}
	],
	"display": {
		"thirdperson_righthand": {
			"translation": [0, 0, 2.5],
			"scale": [0.5, 0.5, 0.5]
		},
		"thirdperson_lefthand": {
			"translation": [0, 0, 2.5],
			"scale": [0.5, 0.5, 0.5]
		},
		"firstperson_righthand": {
			"translation": [3.25, 0, 0],
			"scale": [0.75, 0.75, 0.75]
		},
		"firstperson_lefthand": {
			"translation": [3.25, 0, 0],
			"scale": [0.75, 0.75, 0.75]
		},
		"gui": {
			"rotation": [28, 147, 0],
			"translation": [1, -4, 0],
			"scale": [1.17, 1.17, 1.17]
		},
		"head": {
			"translation": [0, 6.5, 0],
			"scale": [1.6, 1.6, 1.6]
		},
		"fixed": {
			"translation": [0, -4.75, 1.25]
		}
	}
}