{
	"format_version": "1.21.6",
	"credit": "Made with Blockbench",
	"texture_size": [128, 128],
	"textures": {
		"2": "hazbin:item/lucifer_statue"
	},
	"elements": [
		{
			"name": "Body",
			"from": [4, -6, 6],
			"to": [12, 6, 10],
			"rotation": {"angle": 0, "axis": "y", "origin": [8, -7, 8]},
			"faces": {
				"north": {"uv": [5.25, 6.375, 6.25, 7.875], "texture": "#2"},
				"east": {"uv": [3.5, 8.875, 4, 10.375], "texture": "#2"},
				"south": {"uv": [6.25, 6.375, 7.25, 7.875], "texture": "#2"},
				"west": {"uv": [8.875, 3.5, 9.375, 5], "texture": "#2"},
				"up": {"uv": [11.125, 7.375, 10.125, 6.875], "texture": "#2"},
				"down": {"uv": [11.125, 7.375, 10.125, 7.875], "texture": "#2"}
			}
		},
		{
			"name": "Body Layer",
			"from": [3.75, -6.25, 5.75],
			"to": [12.25, 6.25, 10.25],
			"rotation": {"angle": 0, "axis": "y", "origin": [8, -7, 8]},
			"faces": {
				"north": {"uv": [6.875, 0, 7.875, 1.5], "texture": "#2"},
				"east": {"uv": [4, 8.875, 4.5, 10.375], "texture": "#2"},
				"south": {"uv": [6.875, 1.5, 7.875, 3], "texture": "#2"},
				"west": {"uv": [8.25, 9, 8.75, 10.5], "texture": "#2"},
				"up": {"uv": [11.125, 9, 10.125, 8.5], "texture": "#2"},
				"down": {"uv": [11.125, 9, 10.125, 9.5], "texture": "#2"}
			}
		}
	],
	"groups": [
		{
			"name": "Body",
			"origin": [8, 17, 8],
			"color": 0,
			"children": [0, 1]
		}
	]
}