{
	"credit": "Made with Blockbench",
	"texture_size": [128, 128],
	"textures": {
		"0": "hazbin:item/rosie_hat",
		"particle": "hazbin:item/rosie_hat"
	},
	"elements": [
		{
			"from": [3.499, 6.524, 3.499],
			"to": [12.501, 8.526, 12.501],
			"rotation": {"angle": 0, "axis": "y", "origin": [12.5, 6.525, 3.5]},
			"faces": {
				"north": {"uv": [7.75, 3.5, 8.875, 3.75], "texture": "#0"},
				"east": {"uv": [7.75, 3.75, 8.875, 4], "texture": "#0"},
				"south": {"uv": [7.75, 4, 8.875, 4.25], "texture": "#0"},
				"west": {"uv": [7.75, 4.25, 8.875, 4.5], "texture": "#0"},
				"up": {"uv": [6.625, 1.125, 5.5, 0], "texture": "#0"},
				"down": {"uv": [6.625, 1.125, 5.5, 2.25], "texture": "#0"}
			}
		},
		{
			"from": [3.5, 6.5, -4.5],
			"to": [12.5, 6.5, 20.5],
			"rotation": {"angle": 0, "axis": "y", "origin": [12.5, 6.5, 3.5]},
			"faces": {
				"north": {"uv": [0, 0, 1.125, 0], "texture": "#0"},
				"east": {"uv": [0, 0, 3.125, 0], "texture": "#0"},
				"south": {"uv": [0, 0, 1.125, 0], "texture": "#0"},
				"west": {"uv": [0, 0, 3.125, 0], "texture": "#0"},
				"up": {"uv": [1.125, 6.875, 0, 3.75], "texture": "#0"},
				"down": {"uv": [4.875, 0, 3.75, 3.125], "texture": "#0"}
			}
		},
		{
			"from": [-1.1, 7.6, -4.5],
			"to": [0.9, 7.6, 20.5],
			"rotation": {"angle": 0, "axis": "y", "origin": [0.9, 7.6, 3.5]},
			"faces": {
				"north": {"uv": [0, 0, 0.25, 0], "texture": "#0"},
				"east": {"uv": [0, 0, 3.125, 0], "texture": "#0"},
				"south": {"uv": [0, 0, 0.25, 0], "texture": "#0"},
				"west": {"uv": [0, 0, 3.125, 0], "texture": "#0"},
				"up": {"uv": [6.875, 7.75, 6.625, 4.625], "texture": "#0"},
				"down": {"uv": [0.25, 6.875, 0, 10], "texture": "#0"}
			}
		},
		{
			"from": [17.05, 4.625, -4.5],
			"to": [20.05, 4.625, 20.5],
			"rotation": {"angle": 0, "axis": "y", "origin": [26.05, 4.625, 3.5]},
			"faces": {
				"north": {"uv": [0, 0, 0.375, 0], "texture": "#0"},
				"east": {"uv": [0, 0, 3.125, 0], "texture": "#0"},
				"south": {"uv": [0, 0, 0.375, 0], "texture": "#0"},
				"west": {"uv": [0, 0, 3.125, 0], "texture": "#0"},
				"up": {"uv": [6.25, 8.5, 5.875, 5.375], "texture": "#0"},
				"down": {"uv": [6.625, 2.25, 6.25, 5.375], "texture": "#0"}
			}
		},
		{
			"from": [0.5, 6.5, -4.5],
			"to": [3.5, 6.5, 20.5],
			"rotation": {"angle": -22.5, "axis": "z", "origin": [3.5, 6.5, 7.5]},
			"faces": {
				"north": {"uv": [0, 0, 0.375, 0], "texture": "#0"},
				"east": {"uv": [0, 0, 3.125, 0], "texture": "#0"},
				"south": {"uv": [0, 0, 0.375, 0], "texture": "#0"},
				"west": {"uv": [0, 0, 3.125, 0], "texture": "#0"},
				"up": {"uv": [5.875, 7.875, 5.5, 4.75], "texture": "#0"},
				"down": {"uv": [6.25, 2.25, 5.875, 5.375], "texture": "#0"}
			}
		},
		{
			"from": [-4.1, 7.6, -4.5],
			"to": [-1.1, 7.6, 20.5],
			"rotation": {"angle": -22.5, "axis": "z", "origin": [-1.1, 7.6, 7.5]},
			"faces": {
				"north": {"uv": [0, 0, 0.375, 0], "texture": "#0"},
				"east": {"uv": [0, 0, 3.125, 0], "texture": "#0"},
				"south": {"uv": [0, 0, 0.375, 0], "texture": "#0"},
				"west": {"uv": [0, 0, 3.125, 0], "texture": "#0"},
				"up": {"uv": [6.625, 8.5, 6.25, 5.375], "texture": "#0"},
				"down": {"uv": [7, 0, 6.625, 3.125], "texture": "#0"}
			}
		},
		{
			"from": [12.5, 6.5, -4.5],
			"to": [17.5, 6.5, 20.5],
			"rotation": {"angle": -22.5, "axis": "z", "origin": [12.5, 6.5, 8.5]},
			"faces": {
				"north": {"uv": [0, 0, 0.625, 0], "texture": "#0"},
				"east": {"uv": [0, 0, 3.125, 0], "texture": "#0"},
				"south": {"uv": [0, 0, 0.625, 0], "texture": "#0"},
				"west": {"uv": [0, 0, 3.125, 0], "texture": "#0"},
				"up": {"uv": [5.5, 3.125, 4.875, 0], "texture": "#0"},
				"down": {"uv": [1.75, 5.375, 1.125, 8.5], "texture": "#0"}
			}
		},
		{
			"from": [0.5, 6.5, 3],
			"to": [7.5, 9.5, 3],
			"rotation": {"angle": 0, "axis": "x", "origin": [7.5, 6.5, 3]},
			"faces": {
				"north": {"uv": [2.25, 7.625, 3.125, 8], "texture": "#0"},
				"east": {"uv": [0, 0, 0, 0.375], "texture": "#0"},
				"south": {"uv": [0.25, 7.75, 1.125, 8.125], "texture": "#0"},
				"west": {"uv": [0, 0, 0, 0.375], "texture": "#0"},
				"up": {"uv": [0.875, 0, 0, 0], "texture": "#0"},
				"down": {"uv": [0.875, 0, 0, 0], "texture": "#0"}
			}
		},
		{
			"from": [7.5, 7.75, 0.5],
			"to": [12.5, 10.75, 3.5],
			"rotation": {"angle": 22.5, "axis": "x", "origin": [12.5, 7.75, 0.5]},
			"faces": {
				"north": {"uv": [3.75, 7.75, 4.375, 8.125], "texture": "#0"},
				"east": {"uv": [5.5, 2.25, 5.875, 2.625], "texture": "#0"},
				"south": {"uv": [7.75, 4.5, 8.375, 4.875], "texture": "#0"},
				"west": {"uv": [5.5, 2.625, 5.875, 3], "texture": "#0"},
				"up": {"uv": [8.375, 5.25, 7.75, 4.875], "texture": "#0"},
				"down": {"uv": [8.375, 5.25, 7.75, 5.625], "texture": "#0"}
			}
		},
		{
			"from": [8.5, 6, -0.6],
			"to": [11.5, 8, -0.6],
			"rotation": {"angle": 22.5, "axis": "x", "origin": [11.5, 5, -0.6]},
			"faces": {
				"north": {"uv": [3.25, 4.5, 3.625, 4.75], "texture": "#0"},
				"east": {"uv": [0, 0, 0, 0.25], "texture": "#0"},
				"south": {"uv": [7.75, 6.375, 8.125, 6.625], "texture": "#0"},
				"west": {"uv": [0, 0, 0, 0.25], "texture": "#0"},
				"up": {"uv": [0.375, 0, 0, 0], "texture": "#0"},
				"down": {"uv": [0.375, 0, 0, 0], "texture": "#0"}
			}
		},
		{
			"from": [12.5, 7.25, 1.5],
			"to": [15.5, 9.25, 4.5],
			"rotation": {"angle": 22.5, "axis": "x", "origin": [16.5, 7.25, 1.5]},
			"faces": {
				"north": {"uv": [6.625, 7.75, 7, 8], "texture": "#0"},
				"east": {"uv": [7.75, 6.625, 8.125, 6.875], "texture": "#0"},
				"south": {"uv": [7.75, 6.875, 8.125, 7.125], "texture": "#0"},
				"west": {"uv": [7, 7.75, 7.375, 8], "texture": "#0"},
				"up": {"uv": [8.125, 6, 7.75, 5.625], "texture": "#0"},
				"down": {"uv": [8.125, 6, 7.75, 6.375], "texture": "#0"}
			}
		},
		{
			"from": [13, 5.5, 0.4],
			"to": [15, 7.5, 0.4],
			"rotation": {"angle": 22.5, "axis": "x", "origin": [16, 4.5, 0.4]},
			"faces": {
				"north": {"uv": [7.75, 7.125, 8, 7.375], "texture": "#0"},
				"east": {"uv": [0, 0, 0, 0.25], "texture": "#0"},
				"south": {"uv": [7.375, 7.75, 7.625, 8], "texture": "#0"},
				"west": {"uv": [0, 0, 0, 0.25], "texture": "#0"},
				"up": {"uv": [0.25, 0, 0, 0], "texture": "#0"},
				"down": {"uv": [0.25, 0, 0, 0], "texture": "#0"}
			}
		},
		{
			"from": [1.4, 6.6, 10],
			"to": [8.4, 10.6, 17],
			"rotation": {"angle": 0, "axis": "y", "origin": [3.4, 6.6, 10]},
			"faces": {
				"north": {"uv": [7, 2.5, 7.875, 3], "texture": "#0"},
				"east": {"uv": [4.5, 7, 5.375, 7.5], "texture": "#0"},
				"south": {"uv": [6.875, 7.25, 7.75, 7.75], "texture": "#0"},
				"west": {"uv": [4.5, 7.5, 5.375, 8], "texture": "#0"},
				"up": {"uv": [1.125, 7.75, 0.25, 6.875], "texture": "#0"},
				"down": {"uv": [7.75, 4.625, 6.875, 5.5], "texture": "#0"}
			}
		},
		{
			"from": [0.3, 7.35, 13.75],
			"to": [7.3, 12.35, 20.75],
			"rotation": {"angle": -22.5, "axis": "x", "origin": [2.3, 7.35, 15.75]},
			"faces": {
				"north": {"uv": [7, 0, 7.875, 0.625], "texture": "#0"},
				"east": {"uv": [7, 0.625, 7.875, 1.25], "texture": "#0"},
				"south": {"uv": [7, 1.25, 7.875, 1.875], "texture": "#0"},
				"west": {"uv": [7, 1.875, 7.875, 2.5], "texture": "#0"},
				"up": {"uv": [7.75, 6.375, 6.875, 5.5], "texture": "#0"},
				"down": {"uv": [7.75, 6.375, 6.875, 7.25], "texture": "#0"}
			}
		},
		{
			"from": [-1.7, -10.15, 17.75],
			"to": [3.3, -4.15, 21.75],
			"rotation": {"angle": 0, "axis": "z", "origin": [1.3, 0.85, 17.75]},
			"faces": {
				"north": {"uv": [3.25, 7, 3.875, 7.75], "texture": "#0"},
				"east": {"uv": [3.25, 3.75, 3.75, 4.5], "texture": "#0"},
				"south": {"uv": [3.875, 7, 4.5, 7.75], "texture": "#0"},
				"west": {"uv": [1.75, 7.625, 2.25, 8.375], "texture": "#0"},
				"up": {"uv": [8.375, 3.5, 7.75, 3], "texture": "#0"},
				"down": {"uv": [3.75, 7.75, 3.125, 8.25], "texture": "#0"}
			}
		},
		{
			"from": [-5.7, -15.15, 19.75],
			"to": [9.3, 14.85, 19.75],
			"rotation": {"angle": 0, "axis": "z", "origin": [1.3, 0.85, 17.75]},
			"faces": {
				"north": {"uv": [0, 0, 1.875, 3.75], "texture": "#0"},
				"east": {"uv": [0, 0, 0, 3.75], "texture": "#0"},
				"south": {"uv": [1.875, 0, 3.75, 3.75], "texture": "#0"},
				"west": {"uv": [0, 0, 0, 3.75], "texture": "#0"},
				"up": {"uv": [1.875, 0, 0, 0], "texture": "#0"},
				"down": {"uv": [1.875, 0, 0, 0], "texture": "#0"}
			}
		},
		{
			"from": [1.3, 5.1, 8.75],
			"to": [18.3, 18.1, 8.75],
			"rotation": {"angle": 0, "axis": "z", "origin": [1.3, 1.1, 6.75]},
			"faces": {
				"north": {"uv": [1.125, 3.75, 3.25, 5.375], "texture": "#0"},
				"east": {"uv": [0, 0, 0, 1.625], "texture": "#0"},
				"south": {"uv": [3.75, 3.125, 5.875, 4.75], "texture": "#0"},
				"west": {"uv": [0, 0, 0, 1.625], "texture": "#0"},
				"up": {"uv": [2.125, 0, 0, 0], "texture": "#0"},
				"down": {"uv": [2.125, 0, 0, 0], "texture": "#0"}
			}
		},
		{
			"from": [-2.7, -4.15, 17.25],
			"to": [6.3, 13.85, 23.25],
			"rotation": {"angle": 0, "axis": "z", "origin": [2.3, 6.85, 18.25]},
			"faces": {
				"north": {"uv": [3.25, 4.75, 4.375, 7], "texture": "#0"},
				"east": {"uv": [1.75, 5.375, 2.5, 7.625], "texture": "#0"},
				"south": {"uv": [4.375, 4.75, 5.5, 7], "texture": "#0"},
				"west": {"uv": [2.5, 5.375, 3.25, 7.625], "texture": "#0"},
				"up": {"uv": [7.75, 3.875, 6.625, 3.125], "texture": "#0"},
				"down": {"uv": [7.75, 3.875, 6.625, 4.625], "texture": "#0"}
			}
		}
	],
	"display": {
		"thirdperson_righthand": {
			"scale": [0.39, 0.39, 0.39]
		},
		"thirdperson_lefthand": {
			"scale": [0.39, 0.39, 0.39]
		},
		"firstperson_righthand": {
			"scale": [0.61, 0.61, 0.61]
		},
		"firstperson_lefthand": {
			"scale": [0.61, 0.61, 0.61]
		},
		"ground": {
			"translation": [0, 8.25, 0],
			"scale": [0.51, 0.51, 0.51]
		},
		"gui": {
			"rotation": [20, 165, 14],
			"translation": [-0.75, 1.25, 0],
			"scale": [0.56, 0.56, 0.56]
		},
		"head": {
			"rotation": [-2.38, 11.33, -1.13],
			"translation": [0, 6.5, 0],
			"scale": [1.6, 1.6, 1.6]
		},
		"fixed": {
			"rotation": [-90, 0, 8],
			"translation": [0, 0, -2.25]
		}
	}
}