{
	"format_version": "1.21.6",
	"credit": "Made with Blockbench",
	"texture_size": [32, 32],
	"textures": {
		"0": "hazbin:item/lute_horns",
		"3": "hazbin:item/mask_9x9",
		"particle": "hazbin:item/lute_horns"
	},
	"elements": [
		{
			"from": [6, 4, 6.5],
			"to": [9, 9, 9.5],
			"rotation": {"angle": 22.5, "axis": "z", "origin": [0, 0, 0]},
			"faces": {
				"north": {"uv": [4, 3, 5.5, 5.5], "texture": "#0"},
				"east": {"uv": [0, 5, 1.5, 7.5], "texture": "#0"},
				"south": {"uv": [1.5, 5, 3, 7.5], "texture": "#0"},
				"west": {"uv": [3, 5.5, 4.5, 8], "texture": "#0"},
				"up": {"uv": [8, 7, 6.5, 5.5], "texture": "#0"},
				"down": {"uv": [8, 7, 6.5, 8.5], "texture": "#0"}
			}
		},
		{
			"from": [2.501, 10.751, 7.001],
			"to": [4.499, 15.749, 8.999],
			"faces": {
				"north": {"uv": [5.5, 3, 6.5, 5.5], "texture": "#0"},
				"east": {"uv": [4.5, 5.5, 5.5, 8], "texture": "#0"},
				"south": {"uv": [5.5, 5.5, 6.5, 8], "texture": "#0"},
				"west": {"uv": [6.5, 3, 7.5, 5.5], "texture": "#0"},
				"up": {"uv": [11, 11, 10, 10], "texture": "#0"},
				"down": {"uv": [11.5, 3, 10.5, 4], "texture": "#0"}
			}
		},
		{
			"from": [2.75, 17.225, 0.45],
			"to": [4.75, 21.225, 2.45],
			"rotation": {"angle": 22.5, "axis": "x", "origin": [0.25, 0, 0]},
			"faces": {
				"north": {"uv": [0, 7.5, 1, 9.5], "texture": "#0"},
				"east": {"uv": [1, 7.5, 2, 9.5], "texture": "#0"},
				"south": {"uv": [2, 7.5, 3, 9.5], "texture": "#0"},
				"west": {"uv": [7.5, 3, 8.5, 5], "texture": "#0"},
				"up": {"uv": [7, 11.5, 6, 10.5], "texture": "#0"},
				"down": {"uv": [8, 10.5, 7, 11.5], "texture": "#0"}
			}
		},
		{
			"from": [3, 18.55, -6.775],
			"to": [5, 20.55, -2.775],
			"rotation": {"angle": 45, "axis": "x", "origin": [0.25, 0, 0]},
			"faces": {
				"north": {"uv": [0, 11, 1, 12], "texture": "#0"},
				"east": {"uv": [8, 0, 10, 1], "texture": "#0"},
				"south": {"uv": [11, 0, 12, 1], "texture": "#0"},
				"west": {"uv": [8, 1, 10, 2], "texture": "#0"},
				"up": {"uv": [4, 10, 3, 8], "texture": "#0"},
				"down": {"uv": [5, 8, 4, 10], "texture": "#0"}
			}
		},
		{
			"from": [9.5, 10.525, 11.05],
			"to": [10.5, 13.525, 12.05],
			"rotation": {"angle": 22.5, "axis": "z", "origin": [0.25, 0, 0]},
			"faces": {
				"north": {"uv": [2, 12, 2.5, 13.5], "texture": "#0"},
				"east": {"uv": [2.5, 12, 3, 13.5], "texture": "#0"},
				"south": {"uv": [10, 12, 10.5, 13.5], "texture": "#0"},
				"west": {"uv": [12, 10, 12.5, 11.5], "texture": "#0"},
				"up": {"uv": [3.5, 5.5, 3, 5], "texture": "#0"},
				"down": {"uv": [4, 5, 3.5, 5.5], "texture": "#0"}
			}
		},
		{
			"from": [7, 4, 6.5],
			"to": [10, 9, 9.5],
			"rotation": {"angle": -22.5, "axis": "z", "origin": [16, 0, 0]},
			"faces": {
				"north": {"uv": [5.5, 3, 4, 5.5], "texture": "#0"},
				"east": {"uv": [4.5, 5.5, 3, 8], "texture": "#0"},
				"south": {"uv": [3, 5, 1.5, 7.5], "texture": "#0"},
				"west": {"uv": [1.5, 5, 0, 7.5], "texture": "#0"},
				"up": {"uv": [6.5, 7, 8, 5.5], "texture": "#0"},
				"down": {"uv": [6.5, 7, 8, 8.5], "texture": "#0"}
			}
		},
		{
			"from": [11.501, 10.751, 7.001],
			"to": [13.499, 15.749, 8.999],
			"rotation": {"angle": 0, "axis": "z", "origin": [16, 0, 0]},
			"faces": {
				"north": {"uv": [6.5, 3, 5.5, 5.5], "texture": "#0"},
				"east": {"uv": [7.5, 3, 6.5, 5.5], "texture": "#0"},
				"south": {"uv": [6.5, 5.5, 5.5, 8], "texture": "#0"},
				"west": {"uv": [5.5, 5.5, 4.5, 8], "texture": "#0"},
				"up": {"uv": [10, 11, 11, 10], "texture": "#0"},
				"down": {"uv": [10.5, 3, 11.5, 4], "texture": "#0"}
			}
		},
		{
			"from": [11.25, 17.225, 0.45],
			"to": [13.25, 21.225, 2.45],
			"rotation": {"angle": 22.5, "axis": "x", "origin": [15.75, 0, 0]},
			"faces": {
				"north": {"uv": [1, 7.5, 0, 9.5], "texture": "#0"},
				"east": {"uv": [8.5, 3, 7.5, 5], "texture": "#0"},
				"south": {"uv": [3, 7.5, 2, 9.5], "texture": "#0"},
				"west": {"uv": [2, 7.5, 1, 9.5], "texture": "#0"},
				"up": {"uv": [6, 11.5, 7, 10.5], "texture": "#0"},
				"down": {"uv": [7, 10.5, 8, 11.5], "texture": "#0"}
			}
		},
		{
			"from": [11, 18.55, -6.775],
			"to": [13, 20.55, -2.775],
			"rotation": {"angle": 45, "axis": "x", "origin": [15.75, 0, 0]},
			"faces": {
				"north": {"uv": [1, 11, 0, 12], "texture": "#0"},
				"east": {"uv": [10, 1, 8, 2], "texture": "#0"},
				"south": {"uv": [12, 0, 11, 1], "texture": "#0"},
				"west": {"uv": [10, 0, 8, 1], "texture": "#0"},
				"up": {"uv": [3, 10, 4, 8], "texture": "#0"},
				"down": {"uv": [4, 8, 5, 10], "texture": "#0"}
			}
		},
		{
			"from": [5.5, 10.525, 11.05],
			"to": [6.5, 13.525, 12.05],
			"rotation": {"angle": -22.5, "axis": "z", "origin": [15.75, 0, 0]},
			"faces": {
				"north": {"uv": [2.5, 12, 2, 13.5], "texture": "#0"},
				"east": {"uv": [12.5, 10, 12, 11.5], "texture": "#0"},
				"south": {"uv": [10.5, 12, 10, 13.5], "texture": "#0"},
				"west": {"uv": [3, 12, 2.5, 13.5], "texture": "#0"},
				"up": {"uv": [3, 5.5, 3.5, 5], "texture": "#0"},
				"down": {"uv": [3.5, 5, 4, 5.5], "texture": "#0"}
			}
		},
		{
			"from": [4.5, 21, 4.5],
			"to": [11.5, 22, 5.5],
			"faces": {
				"north": {"uv": [8.5, 4, 12, 4.5], "texture": "#0"},
				"east": {"uv": [7.5, 5, 8, 5.5], "texture": "#0"},
				"south": {"uv": [8.5, 4.5, 12, 5], "texture": "#0"},
				"west": {"uv": [6, 8, 6.5, 8.5], "texture": "#0"},
				"up": {"uv": [12.5, 6.5, 9, 6], "texture": "#0"},
				"down": {"uv": [12.5, 6.5, 9, 7], "texture": "#0"}
			}
		},
		{
			"from": [4.5, 21, 10.5],
			"to": [11.5, 22, 11.5],
			"faces": {
				"north": {"uv": [9, 7, 12.5, 7.5], "texture": "#0"},
				"east": {"uv": [12, 2, 12.5, 2.5], "texture": "#0"},
				"south": {"uv": [9, 7.5, 12.5, 8], "texture": "#0"},
				"west": {"uv": [12, 2.5, 12.5, 3], "texture": "#0"},
				"up": {"uv": [11.5, 9.5, 8, 9], "texture": "#0"},
				"down": {"uv": [11.5, 9.5, 8, 10], "texture": "#0"}
			}
		},
		{
			"from": [10.5, 21, 5.5],
			"to": [11.5, 22, 10.5],
			"faces": {
				"north": {"uv": [12, 4, 12.5, 4.5], "texture": "#0"},
				"east": {"uv": [10, 5, 12.5, 5.5], "texture": "#0"},
				"south": {"uv": [12, 4.5, 12.5, 5], "texture": "#0"},
				"west": {"uv": [10, 5.5, 12.5, 6], "texture": "#0"},
				"up": {"uv": [8.5, 12.5, 8, 10], "texture": "#0"},
				"down": {"uv": [9, 10, 8.5, 12.5], "texture": "#0"}
			}
		},
		{
			"from": [4.5, 21, 5.5],
			"to": [5.5, 22, 10.5],
			"faces": {
				"north": {"uv": [4, 12.5, 4.5, 13], "texture": "#0"},
				"east": {"uv": [10, 8, 12.5, 8.5], "texture": "#0"},
				"south": {"uv": [4.5, 12.5, 5, 13], "texture": "#0"},
				"west": {"uv": [10, 8.5, 12.5, 9], "texture": "#0"},
				"up": {"uv": [9.5, 12.5, 9, 10], "texture": "#0"},
				"down": {"uv": [10, 10, 9.5, 12.5], "texture": "#0"}
			}
		},
		{
			"from": [7.5, 21, 7.5],
			"to": [8.5, 22, 8.5],
			"faces": {
				"north": {"uv": [5, 12.5, 5.5, 13], "texture": "#0"},
				"east": {"uv": [12.5, 5, 13, 5.5], "texture": "#0"},
				"south": {"uv": [5.5, 12.5, 6, 13], "texture": "#0"},
				"west": {"uv": [12.5, 5.5, 13, 6], "texture": "#0"},
				"up": {"uv": [6.5, 13, 6, 12.5], "texture": "#0"},
				"down": {"uv": [13, 6, 12.5, 6.5], "texture": "#0"}
			}
		},
		{
			"from": [7.5, 18, 4.5],
			"to": [8.5, 21, 5.5],
			"faces": {
				"north": {"uv": [10.5, 12, 11, 13.5], "texture": "#0"},
				"east": {"uv": [11, 12, 11.5, 13.5], "texture": "#0"},
				"south": {"uv": [11.5, 12, 12, 13.5], "texture": "#0"},
				"west": {"uv": [12, 11.5, 12.5, 13], "texture": "#0"},
				"up": {"uv": [7, 13, 6.5, 12.5], "texture": "#0"},
				"down": {"uv": [13, 6.5, 12.5, 7], "texture": "#0"}
			}
		},
		{
			"from": [7.5, 22, 10.5],
			"to": [8.5, 25, 11.5],
			"faces": {
				"north": {"uv": [12.5, 2, 13, 3.5], "texture": "#0"},
				"east": {"uv": [3, 12.5, 3.5, 14], "texture": "#0"},
				"south": {"uv": [3.5, 12.5, 4, 14], "texture": "#0"},
				"west": {"uv": [12.5, 3.5, 13, 5], "texture": "#0"},
				"up": {"uv": [7.5, 13, 7, 12.5], "texture": "#0"},
				"down": {"uv": [13, 7, 12.5, 7.5], "texture": "#0"}
			}
		},
		{
			"from": [4, 22.5, 4],
			"to": [12, 20.5, 6],
			"faces": {
				"north": {"uv": [0, 4, 4, 5], "texture": "#0"},
				"east": {"uv": [0, 12, 1, 13], "texture": "#0"},
				"south": {"uv": [4, 0, 8, 1], "texture": "#0"},
				"west": {"uv": [12, 0, 13, 1], "texture": "#0"},
				"up": {"uv": [8, 2, 4, 1], "texture": "#0"},
				"down": {"uv": [8, 2, 4, 3], "texture": "#0"}
			}
		},
		{
			"from": [4, 22.5, 10],
			"to": [12, 20.5, 12],
			"faces": {
				"north": {"uv": [0, 0, 4, 1], "texture": "#0"},
				"east": {"uv": [7, 11.5, 8, 12.5], "texture": "#0"},
				"south": {"uv": [0, 1, 4, 2], "texture": "#0"},
				"west": {"uv": [11.5, 9, 12.5, 10], "texture": "#0"},
				"up": {"uv": [4, 3, 0, 2], "texture": "#0"},
				"down": {"uv": [4, 3, 0, 4], "texture": "#0"}
			}
		},
		{
			"from": [4, 22.5, 6],
			"to": [6, 20.5, 10],
			"faces": {
				"north": {"uv": [5, 11.5, 6, 12.5], "texture": "#0"},
				"east": {"uv": [8, 2, 10, 3], "texture": "#0"},
				"south": {"uv": [6, 11.5, 7, 12.5], "texture": "#0"},
				"west": {"uv": [8, 5, 10, 6], "texture": "#0"},
				"up": {"uv": [6, 10, 5, 8], "texture": "#0"},
				"down": {"uv": [9, 6, 8, 8], "texture": "#0"}
			}
		},
		{
			"from": [10, 22.5, 6],
			"to": [12, 20.5, 10],
			"faces": {
				"north": {"uv": [1, 12, 2, 13], "texture": "#0"},
				"east": {"uv": [8, 8, 10, 9], "texture": "#0"},
				"south": {"uv": [12, 1, 13, 2], "texture": "#0"},
				"west": {"uv": [8.5, 3, 10.5, 4], "texture": "#0"},
				"up": {"uv": [7, 10.5, 6, 8.5], "texture": "#0"},
				"down": {"uv": [8, 8.5, 7, 10.5], "texture": "#0"}
			}
		},
		{
			"from": [7, 22.5, 7],
			"to": [9, 20.5, 9],
			"faces": {
				"north": {"uv": [10, 11, 11, 12], "texture": "#0"},
				"east": {"uv": [11, 10, 12, 11], "texture": "#0"},
				"south": {"uv": [11, 11, 12, 12], "texture": "#0"},
				"west": {"uv": [3, 11.5, 4, 12.5], "texture": "#0"},
				"up": {"uv": [12.5, 4, 11.5, 3], "texture": "#0"},
				"down": {"uv": [5, 11.5, 4, 12.5], "texture": "#0"}
			}
		},
		{
			"from": [7, 20.5, 4],
			"to": [9, 17.5, 6],
			"faces": {
				"north": {"uv": [10, 1.5, 11, 3], "texture": "#0"},
				"east": {"uv": [3, 10, 4, 11.5], "texture": "#0"},
				"south": {"uv": [4, 10, 5, 11.5], "texture": "#0"},
				"west": {"uv": [5, 10, 6, 11.5], "texture": "#0"},
				"up": {"uv": [3, 12, 2, 11], "texture": "#0"},
				"down": {"uv": [12, 2, 11, 3], "texture": "#0"}
			}
		},
		{
			"from": [7, 25.5, 10],
			"to": [9, 22.5, 12],
			"faces": {
				"north": {"uv": [0, 9.5, 1, 11], "texture": "#0"},
				"east": {"uv": [1, 9.5, 2, 11], "texture": "#0"},
				"south": {"uv": [2, 9.5, 3, 11], "texture": "#0"},
				"west": {"uv": [10, 0, 11, 1.5], "texture": "#0"},
				"up": {"uv": [2, 12, 1, 11], "texture": "#0"},
				"down": {"uv": [12, 1, 11, 2], "texture": "#0"}
			}
		},
		{
			"from": [3.5, 0, 3.5],
			"to": [12.5, 9, 12.5],
			"rotation": {"angle": 0, "axis": "y", "origin": [4, 0.5, 4]},
			"faces": {
				"north": {"uv": [4, 4, 8, 8], "texture": "#missing"},
				"east": {"uv": [0, 4, 4, 8], "texture": "#missing"},
				"south": {"uv": [12, 4, 16, 8], "texture": "#missing"},
				"west": {"uv": [8, 4, 12, 8], "texture": "#missing"},
				"up": {"uv": [4, 0, 8, 4], "texture": "#missing"},
				"down": {"uv": [8, 0, 12, 4], "texture": "#missing"}
			}
		},
		{
			"from": [3.49, -0.01, 3.49],
			"to": [12.51, 9.01, 12.51],
			"rotation": {"angle": 0, "axis": "y", "origin": [3.5, 0, 3.5]},
			"faces": {
				"north": {"uv": [0, 0, 4.5, 4.5], "texture": "#3"},
				"east": {"uv": [0, 4.5, 4.5, 9], "texture": "#3"},
				"south": {"uv": [4.5, 0, 9, 4.5], "texture": "#3"},
				"west": {"uv": [4.5, 4.5, 9, 9], "texture": "#3"},
				"up": {"uv": [4.5, 13.5, 0, 9], "texture": "#3"},
				"down": {"uv": [13.5, 0, 9, 4.5], "texture": "#3"}
			}
		}
	],
	"display": {
		"thirdperson_righthand": {
			"translation": [0, 0, 0.5],
			"scale": [0.5, 0.5, 0.5]
		},
		"thirdperson_lefthand": {
			"translation": [0, 0, 0.5],
			"scale": [0.5, 0.5, 0.5]
		},
		"firstperson_righthand": {
			"scale": [0.75, 0.75, 0.75]
		},
		"firstperson_lefthand": {
			"scale": [0.75, 0.75, 0.75]
		},
		"ground": {
			"translation": [0, 1.25, 0],
			"scale": [0.8, 0.8, 0.8]
		},
		"gui": {
			"rotation": [13, 145, 0],
			"translation": [0, -2.5, 0],
			"scale": [0.57, 0.57, 0.57]
		},
		"head": {
			"translation": [0, 5.75, 0],
			"scale": [1.6, 1.6, 1.6]
		},
		"fixed": {
			"translation": [0, -2.75, -0.5]
		},
		"on_shelf": {
			"rotation": [0, 180, 0],
			"translation": [0, 4.25, 0.25]
		}
	}
}