{
	"credit": "Made with Blockbench",
	"texture_size": [32, 32],
	"textures": {
		"0": "hazbin:item/ozzie_hat",
		"particle": "hazbin:item/ozzie_hat"
	},
	"elements": [
		{
			"from": [5, 0, 5],
			"to": [11, 0, 11],
			"faces": {
				"north": {"uv": [0, 0, 3, 0], "texture": "#0"},
				"east": {"uv": [0, 0, 3, 0], "texture": "#0"},
				"south": {"uv": [0, 0, 3, 0], "texture": "#0"},
				"west": {"uv": [0, 0, 3, 0], "texture": "#0"},
				"up": {"uv": [3, 3, 0, 0], "texture": "#0"},
				"down": {"uv": [3, 3, 0, 6], "texture": "#0"}
			}
		},
		{
			"from": [4, 2, 7],
			"to": [6, 8, 7],
			"rotation": {"angle": 22.5, "axis": "x", "origin": [1, 0, 0]},
			"faces": {
				"north": {"uv": [9.5, 10.5, 10.5, 13.5], "texture": "#0"},
				"east": {"uv": [0, 0, 0, 3], "texture": "#0"},
				"south": {"uv": [10.5, 11, 11.5, 14], "texture": "#0"},
				"west": {"uv": [0, 0, 0, 3], "texture": "#0"},
				"up": {"uv": [1, 0, 0, 0], "texture": "#0"},
				"down": {"uv": [1, 0, 0, 0], "texture": "#0"}
			}
		},
		{
			"from": [3.25, 4.5, 9.5],
			"to": [6.25, 11.5, 9.5],
			"rotation": {"angle": 0, "axis": "x", "origin": [1.25, 0, 0]},
			"faces": {
				"north": {"uv": [6, 6, 7.5, 9.5], "texture": "#0"},
				"east": {"uv": [0, 0, 0, 3.5], "texture": "#0"},
				"south": {"uv": [7, 0, 8.5, 3.5], "texture": "#0"},
				"west": {"uv": [0, 0, 0, 3.5], "texture": "#0"},
				"up": {"uv": [1.5, 0, 0, 0], "texture": "#0"},
				"down": {"uv": [1.5, 0, 0, 0], "texture": "#0"}
			}
		},
		{
			"from": [2.75, 14.8, -1.425],
			"to": [5.75, 21.8, -1.425],
			"rotation": {"angle": 45, "axis": "x", "origin": [1.25, 0, 0]},
			"faces": {
				"north": {"uv": [7.5, 3.5, 9, 7], "texture": "#0"},
				"east": {"uv": [0, 0, 0, 3.5], "texture": "#0"},
				"south": {"uv": [7.5, 7, 9, 10.5], "texture": "#0"},
				"west": {"uv": [0, 0, 0, 3.5], "texture": "#0"},
				"up": {"uv": [1.5, 0, 0, 0], "texture": "#0"},
				"down": {"uv": [1.5, 0, 0, 0], "texture": "#0"}
			}
		},
		{
			"from": [2.5, 20.675, 7.05],
			"to": [5.5, 20.675, 14.05],
			"rotation": {"angle": 22.5, "axis": "x", "origin": [1.25, 0, 0]},
			"faces": {
				"north": {"uv": [0, 0, 1.5, 0], "texture": "#0"},
				"east": {"uv": [0, 0, 3.5, 0], "texture": "#0"},
				"south": {"uv": [0, 0, 1.5, 0], "texture": "#0"},
				"west": {"uv": [0, 0, 3.5, 0], "texture": "#0"},
				"up": {"uv": [10, 3.5, 8.5, 0], "texture": "#0"},
				"down": {"uv": [10.5, 3.5, 9, 7], "texture": "#0"}
			}
		},
		{
			"from": [2.75, -2.05, 24.425],
			"to": [4.75, 4.95, 24.425],
			"rotation": {"angle": -22.5, "axis": "x", "origin": [1.25, 0, 0]},
			"faces": {
				"north": {"uv": [10.5, 4, 11.5, 7.5], "texture": "#0"},
				"east": {"uv": [0, 0, 0, 3.5], "texture": "#0"},
				"south": {"uv": [7.5, 10.5, 8.5, 14], "texture": "#0"},
				"west": {"uv": [0, 0, 0, 3.5], "texture": "#0"},
				"up": {"uv": [1, 0, 0, 0], "texture": "#0"},
				"down": {"uv": [1, 0, 0, 0], "texture": "#0"}
			}
		},
		{
			"from": [10, 2, 7],
			"to": [12, 8, 7],
			"rotation": {"angle": 22.5, "axis": "x", "origin": [15, 0, 0]},
			"faces": {
				"north": {"uv": [11.5, 4, 12.5, 7], "texture": "#0"},
				"east": {"uv": [0, 0, 0, 3], "texture": "#0"},
				"south": {"uv": [11.5, 7, 12.5, 10], "texture": "#0"},
				"west": {"uv": [0, 0, 0, 3], "texture": "#0"},
				"up": {"uv": [1, 0, 0, 0], "texture": "#0"},
				"down": {"uv": [1, 0, 0, 0], "texture": "#0"}
			}
		},
		{
			"from": [9.75, 4.5, 9.5],
			"to": [12.75, 11.5, 9.5],
			"rotation": {"angle": 0, "axis": "x", "origin": [14.75, 0, 0]},
			"faces": {
				"north": {"uv": [4.5, 9.5, 6, 13], "texture": "#0"},
				"east": {"uv": [0, 0, 0, 3.5], "texture": "#0"},
				"south": {"uv": [6, 9.5, 7.5, 13], "texture": "#0"},
				"west": {"uv": [0, 0, 0, 3.5], "texture": "#0"},
				"up": {"uv": [1.5, 0, 0, 0], "texture": "#0"},
				"down": {"uv": [1.5, 0, 0, 0], "texture": "#0"}
			}
		},
		{
			"from": [10.25, 14.8, -1.425],
			"to": [13.25, 21.8, -1.425],
			"rotation": {"angle": 45, "axis": "x", "origin": [14.75, 0, 0]},
			"faces": {
				"north": {"uv": [1.5, 9.5, 3, 13], "texture": "#0"},
				"east": {"uv": [0, 0, 0, 3.5], "texture": "#0"},
				"south": {"uv": [3, 9.5, 4.5, 13], "texture": "#0"},
				"west": {"uv": [0, 0, 0, 3.5], "texture": "#0"},
				"up": {"uv": [1.5, 0, 0, 0], "texture": "#0"},
				"down": {"uv": [1.5, 0, 0, 0], "texture": "#0"}
			}
		},
		{
			"from": [10.5, 20.675, 7.05],
			"to": [13.5, 20.675, 14.05],
			"rotation": {"angle": 22.5, "axis": "x", "origin": [14.75, 0, 0]},
			"faces": {
				"north": {"uv": [0, 0, 1.5, 0], "texture": "#0"},
				"east": {"uv": [0, 0, 3.5, 0], "texture": "#0"},
				"south": {"uv": [0, 0, 1.5, 0], "texture": "#0"},
				"west": {"uv": [0, 0, 3.5, 0], "texture": "#0"},
				"up": {"uv": [10.5, 10.5, 9, 7], "texture": "#0"},
				"down": {"uv": [1.5, 9.5, 0, 13], "texture": "#0"}
			}
		},
		{
			"from": [11.25, -2.05, 24.425],
			"to": [13.25, 4.95, 24.425],
			"rotation": {"angle": -22.5, "axis": "x", "origin": [14.75, 0, 0]},
			"faces": {
				"north": {"uv": [10.5, 7.5, 11.5, 11], "texture": "#0"},
				"east": {"uv": [0, 0, 0, 3.5], "texture": "#0"},
				"south": {"uv": [8.5, 10.5, 9.5, 14], "texture": "#0"},
				"west": {"uv": [0, 0, 0, 3.5], "texture": "#0"},
				"up": {"uv": [1, 0, 0, 0], "texture": "#0"},
				"down": {"uv": [1, 0, 0, 0], "texture": "#0"}
			}
		},
		{
			"from": [6.5, 0.025, 6.5],
			"to": [9.5, 7.025, 9.5],
			"faces": {
				"north": {"uv": [0, 6, 1.5, 9.5], "texture": "#0"},
				"east": {"uv": [1.5, 6, 3, 9.5], "texture": "#0"},
				"south": {"uv": [3, 6, 4.5, 9.5], "texture": "#0"},
				"west": {"uv": [4.5, 6, 6, 9.5], "texture": "#0"},
				"up": {"uv": [13, 11.5, 11.5, 10], "texture": "#0"},
				"down": {"uv": [13, 11.5, 11.5, 13], "texture": "#0"}
			}
		},
		{
			"from": [6, 7, 6],
			"to": [10, 13, 10],
			"faces": {
				"north": {"uv": [3, 0, 5, 3], "texture": "#0"},
				"east": {"uv": [3, 3, 5, 6], "texture": "#0"},
				"south": {"uv": [5, 0, 7, 3], "texture": "#0"},
				"west": {"uv": [5, 3, 7, 6], "texture": "#0"},
				"up": {"uv": [12, 2, 10, 0], "texture": "#0"},
				"down": {"uv": [12.5, 2, 10.5, 4], "texture": "#0"}
			}
		}
	],
	"display": {
		"thirdperson_righthand": {
			"translation": [0, 8, 2]
		},
		"thirdperson_lefthand": {
			"translation": [0, 8, 2]
		},
		"firstperson_righthand": {
			"translation": [0, 5.5, 0],
			"scale": [0.69, 0.69, 0.69]
		},
		"firstperson_lefthand": {
			"translation": [0, 5.5, 0],
			"scale": [0.69, 0.69, 0.69]
		},
		"ground": {
			"translation": [0, 6.25, 0]
		},
		"gui": {
			"rotation": [15, 147, 0],
			"translation": [-3, -0.25, 0],
			"scale": [0.79, 0.79, 0.79]
		},
		"head": {
			"rotation": [-7, 0, 0],
			"translation": [0, 19.25, -5.75],
			"scale": [1.6, 1.62, 1.6]
		}
	}
}