{
	"credit": "Made with Blockbench",
	"texture_size": [64, 64],
	"textures": {
		"0": "hazbin:item/leafblower",
		"particle": "hazbin:item/leafblower"
	},
	"elements": [
		{
			"from": [6.5, 0, 0],
			"to": [9.5, 3, 20],
			"rotation": {"angle": 0, "axis": "y", "origin": [5.5, 0, 0]},
			"faces": {
				"north": {"uv": [6.5, 0.75, 7.25, 1.5], "texture": "#0"},
				"east": {"uv": [0, 0, 5, 0.75], "texture": "#0"},
				"south": {"uv": [6.5, 1.5, 7.25, 2.25], "texture": "#0"},
				"west": {"uv": [0, 0.75, 5, 1.5], "texture": "#0"},
				"up": {"uv": [0.75, 6.5, 0, 1.5], "texture": "#0"},
				"down": {"uv": [1.5, 1.5, 0.75, 6.5], "texture": "#0"}
			}
		},
		{
			"from": [6, -0.5, -0.5],
			"to": [10, 3.5, 5.5],
			"rotation": {"angle": 0, "axis": "y", "origin": [6, -0.5, -0.5]},
			"faces": {
				"north": {"uv": [5.25, 4.5, 6.25, 5.5], "texture": "#0"},
				"east": {"uv": [4, 1.5, 5.5, 2.5], "texture": "#0"},
				"south": {"uv": [5.5, 1, 6.5, 2], "texture": "#0"},
				"west": {"uv": [4, 2.5, 5.5, 3.5], "texture": "#0"},
				"up": {"uv": [5, 5, 4, 3.5], "texture": "#0"},
				"down": {"uv": [2.5, 4.75, 1.5, 6.25], "texture": "#0"}
			}
		},
		{
			"from": [6, -0.5, 13.5],
			"to": [10, 3.5, 16.5],
			"rotation": {"angle": 0, "axis": "y", "origin": [6, -0.5, 10.5]},
			"faces": {
				"north": {"uv": [2.5, 5.75, 3.5, 6.75], "texture": "#0"},
				"east": {"uv": [6.25, 4.5, 7, 5.5], "texture": "#0"},
				"south": {"uv": [3.5, 6, 4.5, 7], "texture": "#0"},
				"west": {"uv": [6.25, 5.5, 7, 6.5], "texture": "#0"},
				"up": {"uv": [1, 7.25, 0, 6.5], "texture": "#0"},
				"down": {"uv": [7.5, 0, 6.5, 0.75], "texture": "#0"}
			}
		},
		{
			"from": [6, -0.5, 7.5],
			"to": [10, 3.5, 10.5],
			"rotation": {"angle": 0, "axis": "y", "origin": [6, -0.5, 4.5]},
			"faces": {
				"north": {"uv": [2.5, 5.75, 3.5, 6.75], "texture": "#0"},
				"east": {"uv": [6.25, 4.5, 7, 5.5], "texture": "#0"},
				"south": {"uv": [3.5, 6, 4.5, 7], "texture": "#0"},
				"west": {"uv": [6.25, 5.5, 7, 6.5], "texture": "#0"},
				"up": {"uv": [1, 7.25, 0, 6.5], "texture": "#0"},
				"down": {"uv": [7.5, 0, 6.5, 0.75], "texture": "#0"}
			}
		},
		{
			"from": [5.5, -0.1, 19.5],
			"to": [10.5, 3.9, 25.5],
			"rotation": {"angle": 0, "axis": "y", "origin": [6.5, -0.1, 16.5]},
			"faces": {
				"north": {"uv": [5, 3.5, 6.25, 4.5], "texture": "#0"},
				"east": {"uv": [2.5, 4.75, 4, 5.75], "texture": "#0"},
				"south": {"uv": [4, 5, 5.25, 6], "texture": "#0"},
				"west": {"uv": [5, 0, 6.5, 1], "texture": "#0"},
				"up": {"uv": [2.75, 4.75, 1.5, 3.25], "texture": "#0"},
				"down": {"uv": [4, 3.25, 2.75, 4.75], "texture": "#0"}
			}
		},
		{
			"from": [5.499, -0.601, 23.499],
			"to": [10.501, 6.401, 24.501],
			"rotation": {"angle": -22.5, "axis": "x", "origin": [6.5, -1.6, 17.5]},
			"faces": {
				"north": {"uv": [1.5, 1.5, 2.75, 3.25], "texture": "#0"},
				"east": {"uv": [2.25, 6.25, 2.5, 8], "texture": "#0"},
				"south": {"uv": [2.75, 1.5, 4, 3.25], "texture": "#0"},
				"west": {"uv": [1, 6.5, 1.25, 8.25], "texture": "#0"},
				"up": {"uv": [7.75, 2.5, 6.5, 2.25], "texture": "#0"},
				"down": {"uv": [7.75, 2.5, 6.5, 2.75], "texture": "#0"}
			}
		}
	],
	"display": {
		"thirdperson_righthand": {
			"translation": [0, 0, -11]
		},
		"thirdperson_lefthand": {
			"translation": [0, 0, -11]
		},
		"firstperson_righthand": {
			"translation": [0, 7, 0]
		},
		"firstperson_lefthand": {
			"translation": [0, 7, 0]
		},
		"ground": {
			"translation": [0, 7, -4.25]
		},
		"gui": {
			"rotation": [-117.08, -37.42, -130.1],
			"translation": [5.5, 0.25, 0],
			"scale": [0.81, 0.81, 0.81]
		},
		"head": {
			"rotation": [-90, 0, 0],
			"translation": [0, 25.25, -24.5],
			"scale": [3.77, 3.77, 3.77]
		},
		"fixed": {
			"rotation": [90, 45, -90],
			"translation": [1, 7.75, 0]
		}
	}
}