{
	"credit": "Made with Blockbench",
	"texture_size": [64, 64],
	"textures": {
		"0": "hazbin:item/roo_hat",
		"particle": "hazbin:item/roo_hat"
	},
	"elements": [
		{
			"from": [3.4, 7.025, 3.4],
			"to": [12.6, 11.225, 12.6],
			"rotation": {"angle": 0, "axis": "y", "origin": [3.5, 7.125, 3.5]},
			"faces": {
				"north": {"uv": [6.25, 4.5, 8.5, 5.5], "texture": "#0"},
				"east": {"uv": [6.25, 5.5, 8.5, 6.5], "texture": "#0"},
				"south": {"uv": [6.25, 6.5, 8.5, 7.5], "texture": "#0"},
				"west": {"uv": [6.25, 7.5, 8.5, 8.5], "texture": "#0"},
				"up": {"uv": [8.5, 2.25, 6.25, 0], "texture": "#0"},
				"down": {"uv": [8.5, 2.25, 6.25, 4.5], "texture": "#0"}
			}
		},
		{
			"from": [-4.5, 7, -4.5],
			"to": [20.5, 7, 20.5],
			"rotation": {"angle": 0, "axis": "y", "origin": [3.5, 7, 3.5]},
			"faces": {
				"north": {"uv": [0, 0, 6.25, 0], "texture": "#0"},
				"east": {"uv": [0, 0, 6.25, 0], "texture": "#0"},
				"south": {"uv": [0, 0, 6.25, 0], "texture": "#0"},
				"west": {"uv": [0, 0, 6.25, 0], "texture": "#0"},
				"up": {"uv": [6.25, 6.25, 0, 0], "texture": "#0"},
				"down": {"uv": [6.25, 6.25, 0, 12.5], "texture": "#0"}
			}
		}
	],
	"display": {
		"thirdperson_righthand": {
			"translation": [0, 0.75, 0],
			"scale": [0.45, 0.45, 0.45]
		},
		"thirdperson_lefthand": {
			"translation": [0, 0.75, 0],
			"scale": [0.45, 0.45, 0.45]
		},
		"firstperson_righthand": {
			"translation": [0, 1.75, 0],
			"scale": [0.6, 0.6, 0.6]
		},
		"firstperson_lefthand": {
			"translation": [0, 1.75, 0],
			"scale": [0.6, 0.6, 0.6]
		},
		"gui": {
			"rotation": [20, 8, 26],
			"scale": [0.7, 0.7, 0.7]
		},
		"head": {
			"rotation": [-7, 0, -7],
			"translation": [-0.25, 4.25, -0.25],
			"scale": [1.68, 1.68, 1.68]
		},
		"fixed": {
			"rotation": [-90, 0, 0],
			"translation": [0, 0, -1.75],
			"scale": [1.6, 1.6, 1.6]
		}
	}
}