{
	"credit": "Made with Blockbench",
	"texture_size": [32, 32],
	"textures": {
		"1": "hazbin:item/pegasus_wings",
		"particle": "hazbin:item/pegasus_wings"
	},
	"elements": [
		{
			"from": [-0.25, 8.5, 4],
			"to": [5.75, 9.5, 10],
			"rotation": {"angle": 22.5, "axis": "z", "origin": [5.5, 9, 7]},
			"faces": {
				"north": {"uv": [3, 4, 6, 4.5], "texture": "#1"},
				"east": {"uv": [3, 4.5, 6, 5], "texture": "#1"},
				"south": {"uv": [3, 5, 6, 5.5], "texture": "#1"},
				"west": {"uv": [5.5, 0, 8.5, 0.5], "texture": "#1"},
				"up": {"uv": [3, 3, 0, 0], "texture": "#1"},
				"down": {"uv": [3, 3, 0, 6], "texture": "#1"}
			}
		},
		{
			"from": [-5.25, 8.5, 4],
			"to": [-0.25, 9.5, 8],
			"rotation": {"angle": 22.5, "axis": "z", "origin": [5.5, 9, 7]},
			"faces": {
				"north": {"uv": [5.5, 0.5, 8, 1], "texture": "#1"},
				"east": {"uv": [5.5, 1.5, 7.5, 2], "texture": "#1"},
				"south": {"uv": [5.5, 1, 8, 1.5], "texture": "#1"},
				"west": {"uv": [5.5, 2, 7.5, 2.5], "texture": "#1"},
				"up": {"uv": [5.5, 2, 3, 0], "texture": "#1"},
				"down": {"uv": [5.5, 2, 3, 4], "texture": "#1"}
			}
		},
		{
			"from": [10.25, 8.5, 4],
			"to": [16.25, 9.5, 10],
			"rotation": {"angle": -22.5, "axis": "z", "origin": [10.5, 9, 7]},
			"faces": {
				"north": {"uv": [6, 4, 3, 4.5], "texture": "#1"},
				"east": {"uv": [8.5, 0, 5.5, 0.5], "texture": "#1"},
				"south": {"uv": [6, 5, 3, 5.5], "texture": "#1"},
				"west": {"uv": [6, 4.5, 3, 5], "texture": "#1"},
				"up": {"uv": [0, 3, 3, 0], "texture": "#1"},
				"down": {"uv": [0, 3, 3, 6], "texture": "#1"}
			}
		},
		{
			"from": [16.25, 8.5, 4],
			"to": [21.25, 9.5, 8],
			"rotation": {"angle": -22.5, "axis": "z", "origin": [10.5, 9, 7]},
			"faces": {
				"north": {"uv": [8, 0.5, 5.5, 1], "texture": "#1"},
				"east": {"uv": [7.5, 2, 5.5, 2.5], "texture": "#1"},
				"south": {"uv": [8, 1, 5.5, 1.5], "texture": "#1"},
				"west": {"uv": [7.5, 1.5, 5.5, 2], "texture": "#1"},
				"up": {"uv": [3, 2, 5.5, 0], "texture": "#1"},
				"down": {"uv": [3, 2, 5.5, 4], "texture": "#1"}
			}
		}
	],
	"groups": [
		{
			"name": "left_wing",
			"origin": [0, 0, 0],
			"color": 0,
			"children": [0, 1]
		},
		{
			"name": "right_wing",
			"origin": [0, 0, 0],
			"color": 0,
			"children": [2, 3]
		}
	]
}