{
	"credit": "Made with Blockbench",
	"texture_size": [64, 64],
	"textures": {
		"0": "hazbin:item/manatee",
		"particle": "hazbin:item/manatee"
	},
	"elements": [
		{
			"from": [3, 0, -2],
			"to": [13, 8, 8],
			"rotation": {"angle": 0, "axis": "y", "origin": [8, 0, 4]},
			"faces": {
				"north": {"uv": [2.5, 0, 5, 2], "texture": "#0"},
				"east": {"uv": [2.5, 2, 5, 4], "texture": "#0"},
				"south": {"uv": [2.5, 4, 5, 6], "texture": "#0"},
				"west": {"uv": [0, 5, 2.5, 7], "texture": "#0"},
				"up": {"uv": [2.5, 2.5, 0, 0], "texture": "#0"},
				"down": {"uv": [2.5, 2.5, 0, 5], "texture": "#0"}
			}
		},
		{
			"from": [4, 0, 8],
			"to": [12, 7, 14],
			"rotation": {"angle": 0, "axis": "y", "origin": [8, 0, 14]},
			"faces": {
				"north": {"uv": [5, 0, 7, 1.75], "texture": "#0"},
				"east": {"uv": [2.5, 6, 4, 7.75], "texture": "#0"},
				"south": {"uv": [5, 1.75, 7, 3.5], "texture": "#0"},
				"west": {"uv": [4, 6.5, 5.5, 8.25], "texture": "#0"},
				"up": {"uv": [7, 5, 5, 3.5], "texture": "#0"},
				"down": {"uv": [7, 5, 5, 6.5], "texture": "#0"}
			}
		},
		{
			"from": [6, 0, 14],
			"to": [10, 3, 17],
			"rotation": {"angle": 0, "axis": "y", "origin": [8, 0, 20]},
			"faces": {
				"north": {"uv": [5.5, 7.5, 6.5, 8.25], "texture": "#0"},
				"east": {"uv": [5, 8.25, 5.75, 9], "texture": "#0"},
				"south": {"uv": [6.5, 7.5, 7.5, 8.25], "texture": "#0"},
				"west": {"uv": [5.75, 8.25, 6.5, 9], "texture": "#0"},
				"up": {"uv": [8.5, 8.25, 7.5, 7.5], "texture": "#0"},
				"down": {"uv": [3.5, 7.75, 2.5, 8.5], "texture": "#0"}
			}
		},
		{
			"from": [3, 0.25, 17],
			"to": [13, 2.25, 21],
			"rotation": {"angle": 0, "axis": "y", "origin": [8, -0.75, 23]},
			"faces": {
				"north": {"uv": [7, 0, 9.5, 0.5], "texture": "#0"},
				"east": {"uv": [4, 6, 5, 6.5], "texture": "#0"},
				"south": {"uv": [7, 0.5, 9.5, 1], "texture": "#0"},
				"west": {"uv": [6.5, 8.25, 7.5, 8.75], "texture": "#0"},
				"up": {"uv": [8, 7.5, 5.5, 6.5], "texture": "#0"},
				"down": {"uv": [2.5, 7, 0, 8], "texture": "#0"}
			}
		},
		{
			"from": [11, 1, 1],
			"to": [15, 4, 5],
			"rotation": {"angle": -45, "axis": "z", "origin": [10, 0, 7]},
			"faces": {
				"north": {"uv": [0, 8, 1, 8.75], "texture": "#0"},
				"east": {"uv": [1, 8, 2, 8.75], "texture": "#0"},
				"south": {"uv": [8, 2.5, 9, 3.25], "texture": "#0"},
				"west": {"uv": [8, 3.25, 9, 4], "texture": "#0"},
				"up": {"uv": [8, 3.5, 7, 2.5], "texture": "#0"},
				"down": {"uv": [8, 3.5, 7, 4.5], "texture": "#0"}
			}
		},
		{
			"from": [1, 1, 1],
			"to": [5, 4, 5],
			"rotation": {"angle": 45, "axis": "z", "origin": [6, 0, 7]},
			"faces": {
				"north": {"uv": [8, 4, 9, 4.75], "texture": "#0"},
				"east": {"uv": [8, 4.75, 9, 5.5], "texture": "#0"},
				"south": {"uv": [8, 5.5, 9, 6.25], "texture": "#0"},
				"west": {"uv": [8, 6.25, 9, 7], "texture": "#0"},
				"up": {"uv": [8, 5.5, 7, 4.5], "texture": "#0"},
				"down": {"uv": [8, 5.5, 7, 6.5], "texture": "#0"}
			}
		},
		{
			"from": [5, 0.5, -4],
			"to": [11, 3.5, -2],
			"rotation": {"angle": 0, "axis": "y", "origin": [8, 0.5, 1]},
			"faces": {
				"north": {"uv": [7, 1, 8.5, 1.75], "texture": "#0"},
				"east": {"uv": [2, 8, 2.5, 8.75], "texture": "#0"},
				"south": {"uv": [7, 1.75, 8.5, 2.5], "texture": "#0"},
				"west": {"uv": [7.5, 8.25, 8, 9], "texture": "#0"},
				"up": {"uv": [9.5, 7.5, 8, 7], "texture": "#0"},
				"down": {"uv": [5, 8.25, 3.5, 8.75], "texture": "#0"}
			}
		},
		{
			"from": [2.75, 4, -1.5],
			"to": [3.75, 5, -0.5],
			"rotation": {"angle": 0, "axis": "y", "origin": [7.75, -3, 4.5]},
			"faces": {
				"north": {"uv": [3.5, 7.75, 3.75, 8], "texture": "#0"},
				"east": {"uv": [3.75, 7.75, 4, 8], "texture": "#0"},
				"south": {"uv": [3.5, 8, 3.75, 8.25], "texture": "#0"},
				"west": {"uv": [3.75, 8, 4, 8.25], "texture": "#0"},
				"up": {"uv": [8.25, 8.5, 8, 8.25], "texture": "#0"},
				"down": {"uv": [8.5, 8.25, 8.25, 8.5], "texture": "#0"}
			}
		},
		{
			"from": [12.25, 4, -1.5],
			"to": [13.25, 5, -0.5],
			"rotation": {"angle": 0, "axis": "y", "origin": [8.25, -3, 4.5]},
			"faces": {
				"north": {"uv": [8.5, 1, 8.75, 1.25], "texture": "#0"},
				"east": {"uv": [8.5, 1.25, 8.75, 1.5], "texture": "#0"},
				"south": {"uv": [8.5, 1.5, 8.75, 1.75], "texture": "#0"},
				"west": {"uv": [8.5, 1.75, 8.75, 2], "texture": "#0"},
				"up": {"uv": [8.75, 2.25, 8.5, 2], "texture": "#0"},
				"down": {"uv": [8.75, 2.25, 8.5, 2.5], "texture": "#0"}
			}
		}
	],
	"display": {
		"thirdperson_righthand": {
			"translation": [0, 3, 2.25],
			"scale": [0.5, 0.5, 0.5]
		},
		"thirdperson_lefthand": {
			"translation": [0, 3, 2.25],
			"scale": [0.5, 0.5, 0.5]
		},
		"firstperson_righthand": {
			"translation": [0, 6.25, 0]
		},
		"firstperson_lefthand": {
			"translation": [0, 6.25, 0]
		},
		"ground": {
			"translation": [0, 7, 0]
		},
		"gui": {
			"rotation": [27, -144, 0],
			"translation": [0.25, 3, 0],
			"scale": [0.7, 0.7, 0.7]
		},
		"head": {
			"translation": [0, 5.5, 2],
			"scale": [1.61, 1.61, 1.61]
		},
		"fixed": {
			"rotation": [-90, 0, 0],
			"translation": [0, 0, -12.75],
			"scale": [1.61, 1.61, 1.61]
		}
	}
}