{
	"format_version": "1.21.6",
	"credit": "Made with Blockbench",
	"texture_size": [128, 128],
	"textures": {
		"2": "hazbin:item/lucifer_statue"
	},
	"elements": [
		{
			"from": [8, 15.5, 4],
			"to": [9, 19.5, 4],
			"rotation": {"angle": -2.5, "axis": "x", "origin": [8, 5.5, 8]},
			"faces": {
				"north": {"uv": [4.5, 8.875, 4.625, 9.375], "texture": "#2"},
				"east": {"uv": [0, 0, 0, 0.5], "texture": "#2"},
				"south": {"uv": [4.625, 8.875, 4.75, 9.375], "texture": "#2"},
				"west": {"uv": [0, 0, 0, 0.5], "texture": "#2"},
				"up": {"uv": [0.125, 0, 0, 0], "texture": "#2"},
				"down": {"uv": [0.125, 0, 0, 0], "texture": "#2"}
			}
		},
		{
			"from": [7.5, 15.5, 4],
			"to": [8.5, 19.5, 4],
			"rotation": {"angle": -2.4905, "axis": "x", "origin": [8, 5.5, 8]},
			"faces": {
				"north": {"uv": [4.5, 8.875, 4.625, 9.375], "texture": "#2"},
				"east": {"uv": [0, 0, 0, 0.5], "texture": "#2"},
				"south": {"uv": [4.625, 8.875, 4.75, 9.375], "texture": "#2"},
				"west": {"uv": [0, 0, 0, 0.5], "texture": "#2"},
				"up": {"uv": [0, 0, 0.125, 0], "texture": "#2"},
				"down": {"uv": [0, 0, 0.125, 0], "texture": "#2"}
			}
		},
		{
			"from": [6.5, 14.5, 3.5],
			"to": [9.5, 15.5, 4.5],
			"rotation": {"angle": -2.4905, "axis": "x", "origin": [8, 5.5, 8]},
			"faces": {
				"north": {"uv": [11.125, 7.75, 11.5, 7.875], "texture": "#2"},
				"east": {"uv": [3.375, 8, 3.5, 8.125], "texture": "#2"},
				"south": {"uv": [9, 11.125, 9.375, 11.25], "texture": "#2"},
				"west": {"uv": [1.375, 9.875, 1.5, 10], "texture": "#2"},
				"up": {"uv": [11.5, 9.125, 11.125, 9], "texture": "#2"},
				"down": {"uv": [11.5, 9.125, 11.125, 9.25], "texture": "#2"}
			}
		},
		{
			"from": [7.5, 15.5, 4],
			"to": [8.5, 19.5, 4],
			"rotation": {"angle": -2.44081, "axis": "x", "origin": [8, 5.5, 8]},
			"faces": {
				"north": {"uv": [4.5, 8.875, 4.625, 9.375], "texture": "#2"},
				"east": {"uv": [0, 0, 0, 0.5], "texture": "#2"},
				"south": {"uv": [4.625, 8.875, 4.75, 9.375], "texture": "#2"},
				"west": {"uv": [0, 0, 0, 0.5], "texture": "#2"},
				"up": {"uv": [0, 0, 0.125, 0], "texture": "#2"},
				"down": {"uv": [0, 0, 0.125, 0], "texture": "#2"}
			}
		},
		{
			"from": [3, 7, 10.85],
			"to": [13, 10, 12.1],
			"rotation": {"angle": 0, "axis": "y", "origin": [8, 8, 8]},
			"faces": {
				"north": {"uv": [10.125, 9.5, 11.375, 9.875], "texture": "#2"},
				"east": {"uv": [8.75, 11.125, 8.875, 11.5], "texture": "#2"},
				"south": {"uv": [10.125, 9.875, 11.375, 10.25], "texture": "#2"},
				"west": {"uv": [9.375, 11.125, 9.5, 11.5], "texture": "#2"},
				"up": {"uv": [1.25, 11, 0, 10.875], "texture": "#2"},
				"down": {"uv": [11.875, 10.875, 10.625, 11], "texture": "#2"}
			}
		},
		{
			"from": [2, 7, 9.6],
			"to": [14, 9, 10.85],
			"rotation": {"angle": 0, "axis": "y", "origin": [8, 8, 8]},
			"faces": {
				"north": {"uv": [10.125, 2.75, 11.625, 3], "texture": "#2"},
				"east": {"uv": [8.75, 3.5, 8.875, 3.75], "texture": "#2"},
				"south": {"uv": [10.25, 1.125, 11.75, 1.375], "texture": "#2"},
				"west": {"uv": [9.5, 11.125, 9.625, 11.375], "texture": "#2"},
				"up": {"uv": [12.125, 3.25, 10.625, 3.125], "texture": "#2"},
				"down": {"uv": [12.125, 3.25, 10.625, 3.375], "texture": "#2"}
			}
		},
		{
			"from": [2.5, 8, 11],
			"to": [13.5, 12, 12.25],
			"rotation": {"angle": 0, "axis": "y", "origin": [8, 8, 8]},
			"faces": {
				"north": {"uv": [9.25, 3, 10.625, 3.5], "texture": "#2"},
				"east": {"uv": [1.375, 9.375, 1.5, 9.875], "texture": "#2"},
				"south": {"uv": [9.25, 8, 10.625, 8.5], "texture": "#2"},
				"west": {"uv": [1.375, 11.125, 1.5, 11.625], "texture": "#2"},
				"up": {"uv": [12, 3.5, 10.625, 3.375], "texture": "#2"},
				"down": {"uv": [12, 8, 10.625, 8.125], "texture": "#2"}
			}
		},
		{
			"from": [2.5, 8, 10.5],
			"to": [3.5, 12, 11.75],
			"rotation": {"angle": 0, "axis": "y", "origin": [8, 8, 8]},
			"faces": {
				"north": {"uv": [1.5, 11.125, 1.625, 11.625], "texture": "#2"},
				"east": {"uv": [1.625, 11.125, 1.75, 11.625], "texture": "#2"},
				"south": {"uv": [1.75, 11.125, 1.875, 11.625], "texture": "#2"},
				"west": {"uv": [1.875, 11.125, 2, 11.625], "texture": "#2"},
				"up": {"uv": [7.25, 10.25, 7.125, 10.125], "texture": "#2"},
				"down": {"uv": [1.375, 10.875, 1.25, 11], "texture": "#2"}
			}
		},
		{
			"from": [2.5, 11, 12],
			"to": [13.5, 13, 13.25],
			"rotation": {"angle": 0, "axis": "y", "origin": [8, 8, 8]},
			"faces": {
				"north": {"uv": [10.125, 10.25, 11.5, 10.5], "texture": "#2"},
				"east": {"uv": [9.625, 11.125, 9.75, 11.375], "texture": "#2"},
				"south": {"uv": [2.25, 10.375, 3.625, 10.625], "texture": "#2"},
				"west": {"uv": [9.75, 11.125, 9.875, 11.375], "texture": "#2"},
				"up": {"uv": [12, 8.25, 10.625, 8.125], "texture": "#2"},
				"down": {"uv": [12, 8.25, 10.625, 8.375], "texture": "#2"}
			}
		},
		{
			"from": [13.5, 11, 11],
			"to": [14.5, 13, 12.25],
			"rotation": {"angle": 0, "axis": "y", "origin": [8, 8, 8]},
			"faces": {
				"north": {"uv": [9.875, 11.125, 10, 11.375], "texture": "#2"},
				"east": {"uv": [10, 11.125, 10.125, 11.375], "texture": "#2"},
				"south": {"uv": [10.125, 11.125, 10.25, 11.375], "texture": "#2"},
				"west": {"uv": [9.625, 11.125, 9.75, 11.375], "texture": "#2"},
				"up": {"uv": [7.75, 11.5, 7.625, 11.375], "texture": "#2"},
				"down": {"uv": [11.5, 7.625, 11.375, 7.75], "texture": "#2"}
			}
		},
		{
			"from": [1.5, 11, 11],
			"to": [2.5, 13, 12.25],
			"rotation": {"angle": 0, "axis": "y", "origin": [8, 8, 8]},
			"faces": {
				"north": {"uv": [10, 11.125, 10.125, 11.375], "texture": "#2"},
				"east": {"uv": [10.25, 11.125, 10.375, 11.375], "texture": "#2"},
				"south": {"uv": [9.625, 11.125, 9.75, 11.375], "texture": "#2"},
				"west": {"uv": [9.875, 11.125, 10, 11.375], "texture": "#2"},
				"up": {"uv": [7.875, 11.5, 7.75, 11.375], "texture": "#2"},
				"down": {"uv": [7.625, 11.375, 7.75, 11.5], "texture": "#2"}
			}
		},
		{
			"from": [2.5, 13, 12],
			"to": [13.5, 14, 13.25],
			"rotation": {"angle": 0, "axis": "y", "origin": [8, 8, 8]},
			"faces": {
				"north": {"uv": [10.625, 8.375, 12, 8.5], "texture": "#2"},
				"east": {"uv": [7.875, 11.375, 8, 11.5], "texture": "#2"},
				"south": {"uv": [10.625, 10.5, 12, 10.625], "texture": "#2"},
				"west": {"uv": [8, 11.375, 8.125, 11.5], "texture": "#2"},
				"up": {"uv": [12, 10.75, 10.625, 10.625], "texture": "#2"},
				"down": {"uv": [12, 10.75, 10.625, 10.875], "texture": "#2"}
			}
		},
		{
			"name": "Head",
			"from": [4, 8, 4],
			"to": [12, 14, 12],
			"rotation": {"angle": 0, "axis": "y", "origin": [8, -16, 8]},
			"faces": {
				"north": {"uv": [7.875, 3.75, 8.875, 4.5], "texture": "#2"},
				"east": {"uv": [7.875, 4.5, 8.875, 5.25], "texture": "#2"},
				"south": {"uv": [5.25, 7.875, 6.25, 8.625], "texture": "#2"},
				"west": {"uv": [7.875, 5.25, 8.875, 6], "texture": "#2"},
				"up": {"uv": [4.5, 6.25, 3.5, 5.25], "texture": "#2"},
				"down": {"uv": [7.875, 3, 6.875, 4], "texture": "#2"}
			}
		},
		{
			"name": "Hat Layer",
			"from": [3.5, 7.5, 3.5],
			"to": [12.5, 14.7, 12.5],
			"rotation": {"angle": 0, "axis": "y", "origin": [8, -16, 8]},
			"faces": {
				"north": {"uv": [6.25, 7.875, 7.25, 8.625], "texture": "#2"},
				"east": {"uv": [7.25, 8, 8.25, 8.75], "texture": "#2"},
				"south": {"uv": [2.75, 8.125, 3.75, 8.875], "texture": "#2"},
				"west": {"uv": [3.75, 8.125, 4.75, 8.875], "texture": "#2"},
				"up": {"uv": [7.875, 5, 6.875, 4], "texture": "#2"},
				"down": {"uv": [7.875, 5, 6.875, 6], "texture": "#2"}
			}
		},
		{
			"from": [1, 13.5, 1],
			"to": [15, 14.5, 15],
			"rotation": {"angle": 0, "axis": "y", "origin": [8, 5.5, 8]},
			"faces": {
				"north": {"uv": [10.125, 7.875, 11.875, 8], "texture": "#2"},
				"east": {"uv": [10.25, 1.375, 12, 1.5], "texture": "#2"},
				"south": {"uv": [10.625, 1, 12.375, 1.125], "texture": "#2"},
				"west": {"uv": [10.625, 3, 12.375, 3.125], "texture": "#2"},
				"up": {"uv": [3.5, 7.5, 1.75, 5.75], "texture": "#2"},
				"down": {"uv": [5.25, 6.375, 3.5, 8.125], "texture": "#2"}
			}
		},
		{
			"from": [4.5, 14.5, 4.5],
			"to": [11.5, 20.5, 11.5],
			"rotation": {"angle": 0, "axis": "y", "origin": [8, 5.5, 8]},
			"faces": {
				"north": {"uv": [9.25, 8.5, 10.125, 9.25], "texture": "#2"},
				"east": {"uv": [9.25, 9.25, 10.125, 10], "texture": "#2"},
				"south": {"uv": [9.375, 0, 10.25, 0.75], "texture": "#2"},
				"west": {"uv": [9.375, 0.75, 10.25, 1.5], "texture": "#2"},
				"up": {"uv": [8.75, 2.875, 7.875, 2], "texture": "#2"},
				"down": {"uv": [8.75, 2.875, 7.875, 3.75], "texture": "#2"}
			}
		},
		{
			"from": [4, 18.5, 4],
			"to": [12, 22.5, 12],
			"rotation": {"angle": 0, "axis": "y", "origin": [8, 5.5, 8]},
			"faces": {
				"north": {"uv": [10.125, 5.375, 11.125, 5.875], "texture": "#2"},
				"east": {"uv": [10.125, 5.875, 11.125, 6.375], "texture": "#2"},
				"south": {"uv": [6.125, 10.125, 7.125, 10.625], "texture": "#2"},
				"west": {"uv": [10.125, 6.375, 11.125, 6.875], "texture": "#2"},
				"up": {"uv": [8.25, 7, 7.25, 6], "texture": "#2"},
				"down": {"uv": [8.25, 7, 7.25, 8], "texture": "#2"}
			}
		},
		{
			"from": [3.25, 14, 3.25],
			"to": [7.25, 16, 7.25],
			"rotation": {"angle": 0, "axis": "y", "origin": [-1.75, 5, -1.75]},
			"faces": {
				"north": {"uv": [7.375, 10.75, 7.875, 11], "texture": "#2"},
				"east": {"uv": [3.625, 10.875, 4.125, 11.125], "texture": "#2"},
				"south": {"uv": [0, 11, 0.5, 11.25], "texture": "#2"},
				"west": {"uv": [0.5, 11, 1, 11.25], "texture": "#2"},
				"up": {"uv": [3.25, 8, 2.75, 7.5], "texture": "#2"},
				"down": {"uv": [7.875, 10.25, 7.375, 10.75], "texture": "#2"}
			}
		},
		{
			"from": [4.25, 13, 4.25],
			"to": [6.25, 14, 6.25],
			"rotation": {"angle": 0, "axis": "y", "origin": [-1.75, 5, -1.75]},
			"faces": {
				"north": {"uv": [1.5, 8.375, 1.75, 8.5], "texture": "#2"},
				"east": {"uv": [2.5, 8.75, 2.75, 8.875], "texture": "#2"},
				"south": {"uv": [2.25, 10.25, 2.5, 10.375], "texture": "#2"},
				"west": {"uv": [9, 10.5, 9.25, 10.625], "texture": "#2"},
				"up": {"uv": [2.75, 8.75, 2.5, 8.5], "texture": "#2"},
				"down": {"uv": [4.75, 9.375, 4.5, 9.625], "texture": "#2"}
			}
		},
		{
			"from": [3.25, 16, 4.25],
			"to": [7.25, 17, 6.25],
			"rotation": {"angle": 0, "axis": "y", "origin": [-1.75, 5, -1.75]},
			"faces": {
				"north": {"uv": [2, 11.125, 2.5, 11.25], "texture": "#2"},
				"east": {"uv": [10.375, 11.125, 10.625, 11.25], "texture": "#2"},
				"south": {"uv": [2.5, 11.125, 3, 11.25], "texture": "#2"},
				"west": {"uv": [10.625, 11.125, 10.875, 11.25], "texture": "#2"},
				"up": {"uv": [11.5, 1.75, 11, 1.5], "texture": "#2"},
				"down": {"uv": [11.5, 1.75, 11, 2], "texture": "#2"}
			}
		},
		{
			"from": [4.25, 13, 6.25],
			"to": [6.25, 14, 7.25],
			"rotation": {"angle": 0, "axis": "y", "origin": [-1.75, 5, -1.75]},
			"faces": {
				"north": {"uv": [10.875, 11.125, 11.125, 11.25], "texture": "#2"},
				"east": {"uv": [9.125, 11.375, 9.25, 11.5], "texture": "#2"},
				"south": {"uv": [11.125, 11.125, 11.375, 11.25], "texture": "#2"},
				"west": {"uv": [9.25, 11.375, 9.375, 11.5], "texture": "#2"},
				"up": {"uv": [0.25, 11.375, 0, 11.25], "texture": "#2"},
				"down": {"uv": [0.5, 11.25, 0.25, 11.375], "texture": "#2"}
			}
		},
		{
			"from": [4.25, 16, 3.25],
			"to": [5.25, 17, 4.25],
			"rotation": {"angle": 0, "axis": "y", "origin": [-1.75, 5, -1.75]},
			"faces": {
				"north": {"uv": [9.25, 11.375, 9.375, 11.5], "texture": "#2"},
				"east": {"uv": [9.5, 11.375, 9.625, 11.5], "texture": "#2"},
				"south": {"uv": [11.375, 9.5, 11.5, 9.625], "texture": "#2"},
				"west": {"uv": [9.625, 11.375, 9.75, 11.5], "texture": "#2"},
				"up": {"uv": [11.5, 9.75, 11.375, 9.625], "texture": "#2"},
				"down": {"uv": [9.875, 11.375, 9.75, 11.5], "texture": "#2"}
			}
		},
		{
			"from": [6.25, 13, 4.25],
			"to": [7.25, 14, 6.25],
			"rotation": {"angle": 0, "axis": "y", "origin": [-1.75, 5, -1.75]},
			"faces": {
				"north": {"uv": [11.375, 9.75, 11.5, 9.875], "texture": "#2"},
				"east": {"uv": [2.5, 8.75, 2.75, 8.875], "texture": "#2"},
				"south": {"uv": [9.875, 11.375, 10, 11.5], "texture": "#2"},
				"west": {"uv": [0.5, 11.25, 0.75, 11.375], "texture": "#2"},
				"up": {"uv": [0.875, 11.5, 0.75, 11.25], "texture": "#2"},
				"down": {"uv": [1, 11.25, 0.875, 11.5], "texture": "#2"}
			}
		},
		{
			"from": [4.25, 16, 6.25],
			"to": [6.25, 17, 7.25],
			"rotation": {"angle": 0, "axis": "y", "origin": [-1.75, 5, -1.75]},
			"faces": {
				"north": {"uv": [1, 11.25, 1.25, 11.375], "texture": "#2"},
				"east": {"uv": [11.375, 9.5, 11.5, 9.625], "texture": "#2"},
				"south": {"uv": [2, 11.25, 2.25, 11.375], "texture": "#2"},
				"west": {"uv": [11.375, 9.875, 11.5, 10], "texture": "#2"},
				"up": {"uv": [2.5, 11.375, 2.25, 11.25], "texture": "#2"},
				"down": {"uv": [2.75, 11.25, 2.5, 11.375], "texture": "#2"}
			}
		},
		{
			"from": [5.25, 13, 3.25],
			"to": [6.25, 14, 4.25],
			"rotation": {"angle": 0, "axis": "y", "origin": [-1.75, 5, -1.75]},
			"faces": {
				"north": {"uv": [10, 11.375, 10.125, 11.5], "texture": "#2"},
				"east": {"uv": [9.125, 11.375, 9.25, 11.5], "texture": "#2"},
				"south": {"uv": [9.25, 11.375, 9.375, 11.5], "texture": "#2"},
				"west": {"uv": [9.5, 11.375, 9.625, 11.5], "texture": "#2"},
				"up": {"uv": [11.5, 10.125, 11.375, 10], "texture": "#2"},
				"down": {"uv": [10.25, 11.375, 10.125, 11.5], "texture": "#2"}
			}
		},
		{
			"from": [8.75, 12.675, 4.7],
			"to": [9.75, 14.675, 5.7],
			"rotation": {"angle": 22.5, "axis": "z", "origin": [-1.75, 5, -1.75]},
			"faces": {
				"north": {"uv": [1.25, 11.25, 1.375, 11.5], "texture": "#2"},
				"east": {"uv": [2.75, 11.25, 2.875, 11.5], "texture": "#2"},
				"south": {"uv": [2.875, 11.25, 3, 11.5], "texture": "#2"},
				"west": {"uv": [3.625, 11.25, 3.75, 11.5], "texture": "#2"},
				"up": {"uv": [11.5, 10.25, 11.375, 10.125], "texture": "#2"},
				"down": {"uv": [10.375, 11.375, 10.25, 11.5], "texture": "#2"}
			}
		},
		{
			"from": [7.75, 14.175, 5.7],
			"to": [8.75, 15.175, 5.7],
			"rotation": {"angle": 22.5, "axis": "z", "origin": [-1.75, 5, -1.75]},
			"faces": {
				"north": {"uv": [10.375, 11.375, 10.5, 11.5], "texture": "#2"},
				"east": {"uv": [0, 0, 0, 0.125], "texture": "#2"},
				"south": {"uv": [10.5, 11.375, 10.625, 11.5], "texture": "#2"},
				"west": {"uv": [0, 0, 0, 0.125], "texture": "#2"},
				"up": {"uv": [0.125, 0, 0, 0], "texture": "#2"},
				"down": {"uv": [0.125, 0, 0, 0], "texture": "#2"}
			}
		},
		{
			"from": [3.25, 13, 4.25],
			"to": [4.25, 14, 5.25],
			"rotation": {"angle": 0, "axis": "y", "origin": [-1.75, 5, -1.75]},
			"faces": {
				"north": {"uv": [9.625, 11.375, 9.75, 11.5], "texture": "#2"},
				"east": {"uv": [9.25, 11.375, 9.375, 11.5], "texture": "#2"},
				"south": {"uv": [10.625, 11.375, 10.75, 11.5], "texture": "#2"},
				"west": {"uv": [11.375, 9.5, 11.5, 9.625], "texture": "#2"},
				"up": {"uv": [9.75, 11.375, 9.875, 11.5], "texture": "#2"},
				"down": {"uv": [10.875, 11.375, 10.75, 11.5], "texture": "#2"}
			}
		},
		{
			"from": [3.25, 14, 3.25],
			"to": [7.25, 16, 7.25],
			"rotation": {"angle": 0, "axis": "y", "origin": [-1.75, 5, -1.75]},
			"faces": {
				"north": {"uv": [11, 2, 11.5, 2.25], "texture": "#2"},
				"east": {"uv": [11, 2.25, 11.5, 2.5], "texture": "#2"},
				"south": {"uv": [11, 2.5, 11.5, 2.75], "texture": "#2"},
				"west": {"uv": [11, 3.5, 11.5, 3.75], "texture": "#2"},
				"up": {"uv": [0.5, 10.875, 0, 10.375], "texture": "#2"},
				"down": {"uv": [1, 10.375, 0.5, 10.875], "texture": "#2"}
			}
		},
		{
			"from": [4.25, 13, 4.25],
			"to": [6.25, 14, 6.25],
			"rotation": {"angle": 0, "axis": "y", "origin": [-1.75, 5, -1.75]},
			"faces": {
				"north": {"uv": [3.75, 11.25, 4, 11.375], "texture": "#2"},
				"east": {"uv": [4.5, 11.25, 4.75, 11.375], "texture": "#2"},
				"south": {"uv": [4.75, 11.25, 5, 11.375], "texture": "#2"},
				"west": {"uv": [5, 11.25, 5.25, 11.375], "texture": "#2"},
				"up": {"uv": [2.5, 10.25, 2.25, 10], "texture": "#2"},
				"down": {"uv": [3.25, 11.125, 3, 11.375], "texture": "#2"}
			}
		},
		{
			"from": [3.25, 16, 4.25],
			"to": [7.25, 17, 6.25],
			"rotation": {"angle": 0, "axis": "y", "origin": [-1.75, 5, -1.75]},
			"faces": {
				"north": {"uv": [3.625, 11.125, 4.125, 11.25], "texture": "#2"},
				"east": {"uv": [5.25, 11.25, 5.5, 11.375], "texture": "#2"},
				"south": {"uv": [4.5, 11.125, 5, 11.25], "texture": "#2"},
				"west": {"uv": [5.5, 11.25, 5.75, 11.375], "texture": "#2"},
				"up": {"uv": [11.5, 4, 11, 3.75], "texture": "#2"},
				"down": {"uv": [11.5, 4, 11, 4.25], "texture": "#2"}
			}
		},
		{
			"from": [4.25, 13, 6.25],
			"to": [6.25, 14, 7.25],
			"rotation": {"angle": 0, "axis": "y", "origin": [-1.75, 5, -1.75]},
			"faces": {
				"north": {"uv": [5.75, 11.25, 6, 11.375], "texture": "#2"},
				"east": {"uv": [11.375, 11.125, 11.5, 11.25], "texture": "#2"},
				"south": {"uv": [6.375, 11.25, 6.625, 11.375], "texture": "#2"},
				"west": {"uv": [11.375, 11.25, 11.5, 11.375], "texture": "#2"},
				"up": {"uv": [6.875, 11.375, 6.625, 11.25], "texture": "#2"},
				"down": {"uv": [11.5, 8.5, 11.25, 8.625], "texture": "#2"}
			}
		},
		{
			"from": [4.25, 16, 3.25],
			"to": [5.25, 17, 4.25],
			"rotation": {"angle": 0, "axis": "y", "origin": [-1.75, 5, -1.75]},
			"faces": {
				"north": {"uv": [11.375, 11.375, 11.5, 11.5], "texture": "#2"},
				"east": {"uv": [0, 11.5, 0.125, 11.625], "texture": "#2"},
				"south": {"uv": [0.125, 11.5, 0.25, 11.625], "texture": "#2"},
				"west": {"uv": [0.25, 11.5, 0.375, 11.625], "texture": "#2"},
				"up": {"uv": [0.5, 11.625, 0.375, 11.5], "texture": "#2"},
				"down": {"uv": [0.625, 11.5, 0.5, 11.625], "texture": "#2"}
			}
		},
		{
			"from": [6.25, 13, 4.25],
			"to": [7.25, 14, 6.25],
			"rotation": {"angle": 0, "axis": "y", "origin": [-1.75, 5, -1.75]},
			"faces": {
				"north": {"uv": [0.625, 11.5, 0.75, 11.625], "texture": "#2"},
				"east": {"uv": [11.25, 8.625, 11.5, 8.75], "texture": "#2"},
				"south": {"uv": [0.75, 11.5, 0.875, 11.625], "texture": "#2"},
				"west": {"uv": [11.25, 8.75, 11.5, 8.875], "texture": "#2"},
				"up": {"uv": [4.125, 11.5, 4, 11.25], "texture": "#2"},
				"down": {"uv": [9.125, 11.25, 9, 11.5], "texture": "#2"}
			}
		},
		{
			"from": [4.25, 16, 6.25],
			"to": [6.25, 17, 7.25],
			"rotation": {"angle": 0, "axis": "y", "origin": [-1.75, 5, -1.75]},
			"faces": {
				"north": {"uv": [11.25, 8.875, 11.5, 9], "texture": "#2"},
				"east": {"uv": [0.875, 11.5, 1, 11.625], "texture": "#2"},
				"south": {"uv": [9.125, 11.25, 9.375, 11.375], "texture": "#2"},
				"west": {"uv": [1, 11.5, 1.125, 11.625], "texture": "#2"},
				"up": {"uv": [10.625, 11.375, 10.375, 11.25], "texture": "#2"},
				"down": {"uv": [10.875, 11.25, 10.625, 11.375], "texture": "#2"}
			}
		},
		{
			"from": [5.25, 13, 3.25],
			"to": [6.25, 14, 4.25],
			"rotation": {"angle": 0, "axis": "y", "origin": [-1.75, 5, -1.75]},
			"faces": {
				"north": {"uv": [1.125, 11.5, 1.25, 11.625], "texture": "#2"},
				"east": {"uv": [1.25, 11.5, 1.375, 11.625], "texture": "#2"},
				"south": {"uv": [11.5, 1.5, 11.625, 1.625], "texture": "#2"},
				"west": {"uv": [11.5, 1.625, 11.625, 1.75], "texture": "#2"},
				"up": {"uv": [11.625, 1.875, 11.5, 1.75], "texture": "#2"},
				"down": {"uv": [11.625, 1.875, 11.5, 2], "texture": "#2"}
			}
		},
		{
			"from": [8.75, 12.675, 4.7],
			"to": [9.75, 14.675, 5.7],
			"rotation": {"angle": 22.5, "axis": "z", "origin": [-1.75, 5, -1.75]},
			"faces": {
				"north": {"uv": [10.875, 11.25, 11, 11.5], "texture": "#2"},
				"east": {"uv": [11, 11.25, 11.125, 11.5], "texture": "#2"},
				"south": {"uv": [11.125, 11.25, 11.25, 11.5], "texture": "#2"},
				"west": {"uv": [11.25, 11.25, 11.375, 11.5], "texture": "#2"},
				"up": {"uv": [2.125, 11.625, 2, 11.5], "texture": "#2"},
				"down": {"uv": [11.625, 2, 11.5, 2.125], "texture": "#2"}
			}
		},
		{
			"from": [7.75, 14.175, 5.7],
			"to": [8.75, 15.175, 5.7],
			"rotation": {"angle": 22.5, "axis": "z", "origin": [-1.75, 5, -1.75]},
			"faces": {
				"north": {"uv": [2.125, 11.5, 2.25, 11.625], "texture": "#2"},
				"east": {"uv": [0, 0, 0, 0.125], "texture": "#2"},
				"south": {"uv": [11.5, 2.125, 11.625, 2.25], "texture": "#2"},
				"west": {"uv": [0, 0, 0, 0.125], "texture": "#2"},
				"up": {"uv": [0.125, 0, 0, 0], "texture": "#2"},
				"down": {"uv": [0.125, 0, 0, 0], "texture": "#2"}
			}
		},
		{
			"from": [3.25, 13, 4.25],
			"to": [4.25, 14, 5.25],
			"rotation": {"angle": 0, "axis": "y", "origin": [-1.75, 5, -1.75]},
			"faces": {
				"north": {"uv": [2.25, 11.5, 2.375, 11.625], "texture": "#2"},
				"east": {"uv": [11.5, 2.25, 11.625, 2.375], "texture": "#2"},
				"south": {"uv": [2.375, 11.5, 2.5, 11.625], "texture": "#2"},
				"west": {"uv": [11.5, 2.375, 11.625, 2.5], "texture": "#2"},
				"up": {"uv": [2.625, 11.625, 2.5, 11.5], "texture": "#2"},
				"down": {"uv": [11.625, 2.5, 11.5, 2.625], "texture": "#2"}
			}
		},
		{
			"from": [4, 14.25, 4],
			"to": [12, 15.25, 12],
			"rotation": {"angle": 0, "axis": "y", "origin": [8, 5.5, 8]},
			"faces": {
				"north": {"uv": [3.5, 6.25, 4.5, 6.375], "texture": "#2"},
				"east": {"uv": [11, 4.25, 12, 4.375], "texture": "#2"},
				"south": {"uv": [11, 4.375, 12, 4.5], "texture": "#2"},
				"west": {"uv": [11, 4.5, 12, 4.625], "texture": "#2"},
				"up": {"uv": [2.75, 8.5, 1.75, 7.5], "texture": "#2"},
				"down": {"uv": [1, 7.875, 0, 8.875], "texture": "#2"}
			}
		},
		{
			"from": [4.75, 15, 6.9],
			"to": [11.75, 16, 11.9],
			"rotation": {"angle": 0, "axis": "y", "origin": [8, 5.5, 8]},
			"faces": {
				"north": {"uv": [11, 5.125, 11.875, 5.25], "texture": "#2"},
				"east": {"uv": [2.75, 8, 3.375, 8.125], "texture": "#2"},
				"south": {"uv": [11, 5.25, 11.875, 5.375], "texture": "#2"},
				"west": {"uv": [8.25, 11, 8.875, 11.125], "texture": "#2"},
				"up": {"uv": [2.25, 10.625, 1.375, 10], "texture": "#2"},
				"down": {"uv": [10.125, 10, 9.25, 10.625], "texture": "#2"}
			}
		},
		{
			"from": [3.8, 15.5, 7.55],
			"to": [10.8, 16.5, 12.55],
			"rotation": {"angle": 0, "axis": "y", "origin": [8, 5.5, 8]},
			"faces": {
				"north": {"uv": [7.375, 11, 8.25, 11.125], "texture": "#2"},
				"east": {"uv": [11.125, 0.25, 11.75, 0.375], "texture": "#2"},
				"south": {"uv": [9, 11, 9.875, 11.125], "texture": "#2"},
				"west": {"uv": [11.125, 0.375, 11.75, 0.5], "texture": "#2"},
				"up": {"uv": [11, 2.125, 10.125, 1.5], "texture": "#2"},
				"down": {"uv": [11, 2.125, 10.125, 2.75], "texture": "#2"}
			}
		},
		{
			"from": [7.75, 14.75, 3.25],
			"to": [11.75, 15.75, 4.25],
			"rotation": {"angle": 0, "axis": "y", "origin": [8, 5.5, 8]},
			"faces": {
				"north": {"uv": [5, 11.125, 5.5, 11.25], "texture": "#2"},
				"east": {"uv": [2.625, 11.5, 2.75, 11.625], "texture": "#2"},
				"south": {"uv": [11.125, 5.375, 11.625, 5.5], "texture": "#2"},
				"west": {"uv": [11.5, 2.625, 11.625, 2.75], "texture": "#2"},
				"up": {"uv": [6, 11.25, 5.5, 11.125], "texture": "#2"},
				"down": {"uv": [11.625, 5.5, 11.125, 5.625], "texture": "#2"}
			}
		},
		{
			"from": [6.25, 15.25, 2.5],
			"to": [8.25, 16.25, 4.5],
			"rotation": {"angle": 0, "axis": "y", "origin": [8, 5.5, 8]},
			"faces": {
				"north": {"uv": [0, 11.375, 0.25, 11.5], "texture": "#2"},
				"east": {"uv": [0.25, 11.375, 0.5, 11.5], "texture": "#2"},
				"south": {"uv": [0.5, 11.375, 0.75, 11.5], "texture": "#2"},
				"west": {"uv": [1, 11.375, 1.25, 11.5], "texture": "#2"},
				"up": {"uv": [3.5, 11.375, 3.25, 11.125], "texture": "#2"},
				"down": {"uv": [11.375, 5.625, 11.125, 5.875], "texture": "#2"}
			}
		},
		{
			"from": [7.25, 15.1, 3.5],
			"to": [9.25, 16.1, 5.5],
			"rotation": {"angle": 0, "axis": "y", "origin": [8, 5.5, 8]},
			"faces": {
				"north": {"uv": [2, 11.375, 2.25, 11.5], "texture": "#2"},
				"east": {"uv": [2.25, 11.375, 2.5, 11.5], "texture": "#2"},
				"south": {"uv": [2.5, 11.375, 2.75, 11.5], "texture": "#2"},
				"west": {"uv": [3, 11.375, 3.25, 11.5], "texture": "#2"},
				"up": {"uv": [11.375, 6.125, 11.125, 5.875], "texture": "#2"},
				"down": {"uv": [6.375, 11.125, 6.125, 11.375], "texture": "#2"}
			}
		},
		{
			"from": [5.25, 15.5, 1.5],
			"to": [6.25, 15.5, 2.5],
			"rotation": {"angle": 0, "axis": "y", "origin": [8, 5.5, 8]},
			"faces": {
				"north": {"uv": [0, 0, 0.125, 0], "texture": "#2"},
				"east": {"uv": [0, 0, 0.125, 0], "texture": "#2"},
				"south": {"uv": [0, 0, 0.125, 0], "texture": "#2"},
				"west": {"uv": [0, 0, 0.125, 0], "texture": "#2"},
				"up": {"uv": [2.875, 11.625, 2.75, 11.5], "texture": "#2"},
				"down": {"uv": [3, 11.5, 2.875, 11.625], "texture": "#2"}
			}
		},
		{
			"from": [4, 14.25, 4],
			"to": [12, 15.25, 12],
			"rotation": {"angle": 0, "axis": "y", "origin": [8, 5.5, 8]},
			"faces": {
				"north": {"uv": [11, 4.625, 12, 4.75], "texture": "#2"},
				"east": {"uv": [11, 4.75, 12, 4.875], "texture": "#2"},
				"south": {"uv": [11, 4.875, 12, 5], "texture": "#2"},
				"west": {"uv": [11, 5, 12, 5.125], "texture": "#2"},
				"up": {"uv": [8.875, 1, 7.875, 0], "texture": "#2"},
				"down": {"uv": [8.875, 1, 7.875, 2], "texture": "#2"}
			}
		},
		{
			"from": [4.75, 15, 6.9],
			"to": [11.75, 16, 11.9],
			"rotation": {"angle": 0, "axis": "y", "origin": [8, 5.5, 8]},
			"faces": {
				"north": {"uv": [9.875, 11, 10.75, 11.125], "texture": "#2"},
				"east": {"uv": [11.125, 0.5, 11.75, 0.625], "texture": "#2"},
				"south": {"uv": [10.75, 11, 11.625, 11.125], "texture": "#2"},
				"west": {"uv": [11.125, 0.625, 11.75, 0.75], "texture": "#2"},
				"up": {"uv": [11, 4.125, 10.125, 3.5], "texture": "#2"},
				"down": {"uv": [11, 4.125, 10.125, 4.75], "texture": "#2"}
			}
		},
		{
			"from": [3.8, 15.5, 7.55],
			"to": [10.8, 16.5, 12.55],
			"rotation": {"angle": 0, "axis": "y", "origin": [8, 5.5, 8]},
			"faces": {
				"north": {"uv": [11.125, 0, 12, 0.125], "texture": "#2"},
				"east": {"uv": [11.125, 0.75, 11.75, 0.875], "texture": "#2"},
				"south": {"uv": [11.125, 0.125, 12, 0.25], "texture": "#2"},
				"west": {"uv": [11.125, 0.875, 11.75, 1], "texture": "#2"},
				"up": {"uv": [11, 5.375, 10.125, 4.75], "texture": "#2"},
				"down": {"uv": [6.125, 10.125, 5.25, 10.75], "texture": "#2"}
			}
		},
		{
			"from": [7.75, 14.75, 3.25],
			"to": [11.75, 15.75, 4.25],
			"rotation": {"angle": 0, "axis": "y", "origin": [8, 5.5, 8]},
			"faces": {
				"north": {"uv": [11.125, 6.125, 11.625, 6.25], "texture": "#2"},
				"east": {"uv": [3, 11.5, 3.125, 11.625], "texture": "#2"},
				"south": {"uv": [11.125, 6.25, 11.625, 6.375], "texture": "#2"},
				"west": {"uv": [1.375, 9.875, 1.5, 10], "texture": "#2"},
				"up": {"uv": [6.875, 11.25, 6.375, 11.125], "texture": "#2"},
				"down": {"uv": [11.625, 6.375, 11.125, 6.5], "texture": "#2"}
			}
		},
		{
			"from": [6.25, 15.25, 2.5],
			"to": [8.25, 16.25, 4.5],
			"rotation": {"angle": 0, "axis": "y", "origin": [8, 5.5, 8]},
			"faces": {
				"north": {"uv": [3.25, 11.375, 3.5, 11.5], "texture": "#2"},
				"east": {"uv": [3.75, 11.375, 4, 11.5], "texture": "#2"},
				"south": {"uv": [4.5, 11.375, 4.75, 11.5], "texture": "#2"},
				"west": {"uv": [4.75, 11.375, 5, 11.5], "texture": "#2"},
				"up": {"uv": [11.375, 6.75, 11.125, 6.5], "texture": "#2"},
				"down": {"uv": [11.375, 6.75, 11.125, 7], "texture": "#2"}
			}
		},
		{
			"from": [7.25, 15.1, 3.5],
			"to": [9.25, 16.1, 5.5],
			"rotation": {"angle": 0, "axis": "y", "origin": [8, 5.5, 8]},
			"faces": {
				"north": {"uv": [5, 11.375, 5.25, 11.5], "texture": "#2"},
				"east": {"uv": [5.25, 11.375, 5.5, 11.5], "texture": "#2"},
				"south": {"uv": [5.5, 11.375, 5.75, 11.5], "texture": "#2"},
				"west": {"uv": [11.375, 5.625, 11.625, 5.75], "texture": "#2"},
				"up": {"uv": [11.375, 7.25, 11.125, 7], "texture": "#2"},
				"down": {"uv": [11.375, 7.25, 11.125, 7.5], "texture": "#2"}
			}
		},
		{
			"from": [5.25, 15.5, 1.5],
			"to": [6.25, 15.5, 2.5],
			"rotation": {"angle": 0, "axis": "y", "origin": [8, 5.5, 8]},
			"faces": {
				"north": {"uv": [0, 0, 0.125, 0], "texture": "#2"},
				"east": {"uv": [0, 0, 0.125, 0], "texture": "#2"},
				"south": {"uv": [0, 0, 0.125, 0], "texture": "#2"},
				"west": {"uv": [0, 0, 0.125, 0], "texture": "#2"},
				"up": {"uv": [3.25, 11.625, 3.125, 11.5], "texture": "#2"},
				"down": {"uv": [3.375, 11.5, 3.25, 11.625], "texture": "#2"}
			}
		},
		{
			"from": [9.05, 9, 3.9],
			"to": [12.05, 11, 3.9],
			"rotation": {"angle": 0, "axis": "y", "origin": [8, 8, 8.65]},
			"faces": {
				"north": {"uv": [7.875, 10.25, 8.25, 10.5], "texture": "#2"},
				"east": {"uv": [0, 0, 0, 0.25], "texture": "#2"},
				"south": {"uv": [1, 11, 1.375, 11.25], "texture": "#2"},
				"west": {"uv": [0, 0, 0, 0.25], "texture": "#2"},
				"up": {"uv": [0.375, 0, 0, 0], "texture": "#2"},
				"down": {"uv": [0.375, 0, 0, 0], "texture": "#2"}
			}
		},
		{
			"from": [9.05, 9, 13.4],
			"to": [12.05, 11, 13.4],
			"rotation": {"angle": -45, "axis": "y", "origin": [8, 8, 8.65]},
			"faces": {
				"north": {"uv": [7.875, 10.25, 8.25, 10.5], "texture": "#2"},
				"east": {"uv": [0, 0, 0, 0.25], "texture": "#2"},
				"south": {"uv": [1, 11, 1.375, 11.25], "texture": "#2"},
				"west": {"uv": [0, 0, 0, 0.25], "texture": "#2"},
				"up": {"uv": [0, 0, 0.375, 0], "texture": "#2"},
				"down": {"uv": [0, 0, 0.375, 0], "texture": "#2"}
			}
		}
	],
	"groups": [
		{
			"name": "Head",
			"origin": [8, 17, 8],
			"color": 0,
			"children": [
				{
					"name": "bone5",
					"origin": [8, 14.5, 8],
					"color": 0,
					"children": [0, 1, 2, 3]
				},
				{
					"name": "bone",
					"origin": [8, 17, 8],
					"color": 0,
					"children": [4, 5, 6, 7, 8, 9, 10, 11]
				},
				12,
				13,
				{
					"name": "Hat",
					"origin": [8, 14.5, 8],
					"color": 0,
					"children": [14, 15, 16]
				},
				{
					"name": "group",
					"origin": [-1.75, 14, -1.75],
					"color": 0,
					"children": [17, 18, 19, 20, 21, 22, 23, 24, 25, 26, 27]
				},
				{
					"name": "apple",
					"origin": [-1.75, 14, -1.75],
					"color": 0,
					"children": [28, 29, 30, 31, 32, 33, 34, 35, 36, 37, 38]
				},
				{
					"name": "bone2",
					"origin": [8, 14.5, 8],
					"color": 0,
					"children": [39, 40, 41, 42, 43, 44, 45]
				},
				{
					"name": "nimb",
					"origin": [8, 14.5, 8],
					"color": 0,
					"children": [46, 47, 48, 49, 50, 51, 52]
				},
				{
					"name": "brovi",
					"origin": [8, 17, 8.65],
					"color": 0,
					"children": [53, 54]
				}
			]
		}
	]
}