{
	"format_version": "1.21.6",
	"credit": "Made with Blockbench",
	"texture_size": [64, 64],
	"textures": {
		"1": "hazbin:item/flea"
	},
	"elements": [
		{
			"from": [9.5, -2, 5.5],
			"to": [10.5, 0, 6.5],
			"rotation": {"angle": -22.5, "axis": "x", "origin": [8.5, -2, 4.5]},
			"faces": {
				"north": {"uv": [6.75, 4, 7, 4.5], "texture": "#1"},
				"east": {"uv": [7, 4, 7.25, 4.5], "texture": "#1"},
				"south": {"uv": [7.25, 4, 7.5, 4.5], "texture": "#1"},
				"west": {"uv": [7.5, 4, 7.75, 4.5], "texture": "#1"},
				"up": {"uv": [9.25, 1.25, 9, 1], "texture": "#1"},
				"down": {"uv": [9.25, 1.25, 9, 1.5], "texture": "#1"}
			}
		},
		{
			"from": [5.5, -2, 5.5],
			"to": [6.5, 0, 6.5],
			"rotation": {"angle": -22.5, "axis": "x", "origin": [4.5, -2, 4.5]},
			"faces": {
				"north": {"uv": [7.75, 4, 8, 4.5], "texture": "#1"},
				"east": {"uv": [8, 4, 8.25, 4.5], "texture": "#1"},
				"south": {"uv": [8.25, 4, 8.5, 4.5], "texture": "#1"},
				"west": {"uv": [7.5, 8.5, 7.75, 9], "texture": "#1"},
				"up": {"uv": [9.25, 1.75, 9, 1.5], "texture": "#1"},
				"down": {"uv": [9.25, 1.75, 9, 2], "texture": "#1"}
			}
		},
		{
			"from": [4.5, -2, 8.5],
			"to": [5.5, 0, 9.5],
			"rotation": {"angle": -22.5, "axis": "x", "origin": [3.5, -2, 7.5]},
			"faces": {
				"north": {"uv": [8.75, 1.5, 9, 2], "texture": "#1"},
				"east": {"uv": [8.75, 2, 9, 2.5], "texture": "#1"},
				"south": {"uv": [8.75, 2.5, 9, 3], "texture": "#1"},
				"west": {"uv": [8.75, 3, 9, 3.5], "texture": "#1"},
				"up": {"uv": [9.25, 2.75, 9, 2.5], "texture": "#1"},
				"down": {"uv": [9.25, 2.75, 9, 3], "texture": "#1"}
			}
		},
		{
			"from": [10.5, -2, 8.5],
			"to": [11.5, 0, 9.5],
			"rotation": {"angle": -22.5, "axis": "x", "origin": [9.5, -2, 7.5]},
			"faces": {
				"north": {"uv": [7.75, 8.5, 8, 9], "texture": "#1"},
				"east": {"uv": [8.75, 0, 9, 0.5], "texture": "#1"},
				"south": {"uv": [8.75, 0.5, 9, 1], "texture": "#1"},
				"west": {"uv": [8.75, 1, 9, 1.5], "texture": "#1"},
				"up": {"uv": [9.25, 2.25, 9, 2], "texture": "#1"},
				"down": {"uv": [9.25, 2.25, 9, 2.5], "texture": "#1"}
			}
		},
		{
			"from": [5.5, -2, 11.5],
			"to": [6.5, 0, 12.5],
			"rotation": {"angle": -22.5, "axis": "x", "origin": [4.5, -2, 10.5]},
			"faces": {
				"north": {"uv": [8.75, 8, 9, 8.5], "texture": "#1"},
				"east": {"uv": [8.75, 8.5, 9, 9], "texture": "#1"},
				"south": {"uv": [9, 0, 9.25, 0.5], "texture": "#1"},
				"west": {"uv": [9, 0.5, 9.25, 1], "texture": "#1"},
				"up": {"uv": [9.25, 3.75, 9, 3.5], "texture": "#1"},
				"down": {"uv": [9.25, 3.75, 9, 4], "texture": "#1"}
			}
		},
		{
			"from": [9.5, -2, 11.5],
			"to": [10.5, 0, 12.5],
			"rotation": {"angle": -22.5, "axis": "x", "origin": [8.5, -2, 10.5]},
			"faces": {
				"north": {"uv": [8.75, 3.5, 9, 4], "texture": "#1"},
				"east": {"uv": [8.75, 6.5, 9, 7], "texture": "#1"},
				"south": {"uv": [8.75, 7, 9, 7.5], "texture": "#1"},
				"west": {"uv": [8.75, 7.5, 9, 8], "texture": "#1"},
				"up": {"uv": [9.25, 3.25, 9, 3], "texture": "#1"},
				"down": {"uv": [9.25, 3.25, 9, 3.5], "texture": "#1"}
			}
		},
		{
			"from": [3.5, 0, 3.5],
			"to": [12.5, 13, 12.5],
			"rotation": {"angle": 0, "axis": "y", "origin": [6.5, 0, 6.5]},
			"faces": {
				"north": {"uv": [0, 0, 2.25, 3.25], "texture": "#1"},
				"east": {"uv": [2.25, 0, 4.5, 3.25], "texture": "#1"},
				"south": {"uv": [0, 3.25, 2.25, 6.5], "texture": "#1"},
				"west": {"uv": [2.25, 3.25, 4.5, 6.5], "texture": "#1"},
				"up": {"uv": [6.75, 2.25, 4.5, 0], "texture": "#1"},
				"down": {"uv": [6.75, 2.25, 4.5, 4.5], "texture": "#1"}
			}
		},
		{
			"from": [7.5, 13, 6.5],
			"to": [10.5, 23, 9.5],
			"rotation": {"angle": -25, "axis": "z", "origin": [7.5, 13, 6.5]},
			"faces": {
				"north": {"uv": [8, 6.5, 8.75, 9], "texture": "#1"},
				"east": {"uv": [0, 8.5, 0.75, 11], "texture": "#1"},
				"south": {"uv": [0.75, 8.5, 1.5, 11], "texture": "#1"},
				"west": {"uv": [1.5, 8.5, 2.25, 11], "texture": "#1"},
				"up": {"uv": [5.25, 9.25, 4.5, 8.5], "texture": "#1"},
				"down": {"uv": [6, 8.5, 5.25, 9.25], "texture": "#1"}
			}
		},
		{
			"from": [5.5, 13, 6.5],
			"to": [8.5, 23, 9.5],
			"rotation": {"angle": 12.5, "axis": "z", "origin": [8.5, 13, 6.5]},
			"faces": {
				"north": {"uv": [2.25, 8.5, 3, 11], "texture": "#1"},
				"east": {"uv": [3, 8.5, 3.75, 11], "texture": "#1"},
				"south": {"uv": [3.75, 8.5, 4.5, 11], "texture": "#1"},
				"west": {"uv": [8.5, 4, 9.25, 6.5], "texture": "#1"},
				"up": {"uv": [6.75, 9.25, 6, 8.5], "texture": "#1"},
				"down": {"uv": [7.5, 8.5, 6.75, 9.25], "texture": "#1"}
			}
		},
		{
			"from": [4, 3.25, 2.75],
			"to": [12, 7.25, 2.75],
			"rotation": {"angle": 22.5, "axis": "x", "origin": [5, 4.25, 0.75]},
			"faces": {
				"north": {"uv": [4, 6.5, 6, 7.5], "texture": "#1"},
				"east": {"uv": [0, 0, 0, 1], "texture": "#1"},
				"south": {"uv": [6, 6.5, 4, 7.5], "texture": "#1"},
				"west": {"uv": [0, 0, 0, 1], "texture": "#1"},
				"up": {"uv": [2, 0, 0, 0], "texture": "#1"},
				"down": {"uv": [2, 0, 0, 0], "texture": "#1"}
			}
		},
		{
			"from": [4, 1, 2.75],
			"to": [12, 5, 2.75],
			"rotation": {"angle": 22.5, "axis": "x", "origin": [5, 2, 0.75]},
			"faces": {
				"north": {"uv": [6.5, 5.5, 8.5, 6.5], "texture": "#1"},
				"east": {"uv": [0, 0, 0, 1], "texture": "#1"},
				"south": {"uv": [8.5, 5.5, 6.5, 6.5], "texture": "#1"},
				"west": {"uv": [0, 0, 0, 1], "texture": "#1"},
				"up": {"uv": [2, 0, 0, 0], "texture": "#1"},
				"down": {"uv": [2, 0, 0, 0], "texture": "#1"}
			}
		},
		{
			"from": [4, 2.25, 13.25],
			"to": [12, 6.25, 13.25],
			"rotation": {"angle": -22.5, "axis": "x", "origin": [11, 3.25, 15.25]},
			"faces": {
				"north": {"uv": [4, 7.5, 2, 8.5], "texture": "#1"},
				"east": {"uv": [0, 0, 0, 1], "texture": "#1"},
				"south": {"uv": [2, 7.5, 4, 8.5], "texture": "#1"},
				"west": {"uv": [0, 0, 0, 1], "texture": "#1"},
				"up": {"uv": [2, 0, 0, 0], "texture": "#1"},
				"down": {"uv": [2, 0, 0, 0], "texture": "#1"}
			}
		},
		{
			"from": [4, 6.5, 13.25],
			"to": [12, 10.5, 13.25],
			"rotation": {"angle": -22.5, "axis": "x", "origin": [11, 7.5, 15.25]},
			"faces": {
				"north": {"uv": [8, 7.5, 6, 8.5], "texture": "#1"},
				"east": {"uv": [0, 0, 0, 1], "texture": "#1"},
				"south": {"uv": [6, 7.5, 8, 8.5], "texture": "#1"},
				"west": {"uv": [0, 0, 0, 1], "texture": "#1"},
				"up": {"uv": [2, 0, 0, 0], "texture": "#1"},
				"down": {"uv": [2, 0, 0, 0], "texture": "#1"}
			}
		},
		{
			"from": [2.75, 5.75, 4],
			"to": [2.75, 9.75, 12],
			"rotation": {"angle": -22.5, "axis": "z", "origin": [0.75, 6.75, 11]},
			"faces": {
				"north": {"uv": [0, 0, 0, 1], "texture": "#1"},
				"east": {"uv": [8.75, 3, 6.75, 4], "texture": "#1"},
				"south": {"uv": [0, 0, 0, 1], "texture": "#1"},
				"west": {"uv": [6.75, 3, 8.75, 4], "texture": "#1"},
				"up": {"uv": [0, 2, 0, 0], "texture": "#1"},
				"down": {"uv": [0, 0, 0, 2], "texture": "#1"}
			}
		},
		{
			"from": [2.75, 2, 4],
			"to": [2.75, 6, 12],
			"rotation": {"angle": -22.5, "axis": "z", "origin": [0.75, 3, 11]},
			"faces": {
				"north": {"uv": [0, 0, 0, 1], "texture": "#1"},
				"east": {"uv": [8.75, 1, 6.75, 2], "texture": "#1"},
				"south": {"uv": [0, 0, 0, 1], "texture": "#1"},
				"west": {"uv": [6.75, 1, 8.75, 2], "texture": "#1"},
				"up": {"uv": [0, 2, 0, 0], "texture": "#1"},
				"down": {"uv": [0, 0, 0, 2], "texture": "#1"}
			}
		},
		{
			"from": [13.25, 5.25, 4],
			"to": [13.25, 9.25, 12],
			"rotation": {"angle": 22.5, "axis": "z", "origin": [15.25, 6.25, 11]},
			"faces": {
				"north": {"uv": [0, 0, 0, 1], "texture": "#1"},
				"east": {"uv": [4.5, 4.5, 6.5, 5.5], "texture": "#1"},
				"south": {"uv": [0, 0, 0, 1], "texture": "#1"},
				"west": {"uv": [6.5, 4.5, 4.5, 5.5], "texture": "#1"},
				"up": {"uv": [0, 2, 0, 0], "texture": "#1"},
				"down": {"uv": [0, 0, 0, 2], "texture": "#1"}
			}
		},
		{
			"from": [13.25, 1.5, 4],
			"to": [13.25, 5.5, 12],
			"rotation": {"angle": 22.5, "axis": "z", "origin": [15.25, 2.5, 11]},
			"faces": {
				"north": {"uv": [0, 0, 0, 1], "texture": "#1"},
				"east": {"uv": [0, 6.5, 2, 7.5], "texture": "#1"},
				"south": {"uv": [0, 0, 0, 1], "texture": "#1"},
				"west": {"uv": [2, 6.5, 0, 7.5], "texture": "#1"},
				"up": {"uv": [0, 2, 0, 0], "texture": "#1"},
				"down": {"uv": [0, 0, 0, 2], "texture": "#1"}
			}
		}
	],
	"display": {
		"thirdperson_righthand": {
			"translation": [0, 6, -1.25],
			"scale": [0.74, 0.74, 0.74]
		},
		"thirdperson_lefthand": {
			"translation": [0, 6, -1.25],
			"scale": [0.74, 0.74, 0.74]
		},
		"firstperson_righthand": {
			"rotation": [0, 110, 0],
			"translation": [1.25, 5.75, 0],
			"scale": [0.49, 0.49, 0.49]
		},
		"firstperson_lefthand": {
			"rotation": [0, 110, 0],
			"translation": [1.25, 5.75, 0],
			"scale": [0.49, 0.49, 0.49]
		},
		"ground": {
			"translation": [0, 8, 0]
		},
		"gui": {
			"rotation": [16, -154, 23],
			"translation": [0, -1.25, 0],
			"scale": [0.625, 0.625, 0.625]
		},
		"head": {
			"translation": [0, 19.25, 0],
			"scale": [1.61, 1.61, 1.61]
		},
		"fixed": {
			"rotation": [-90, 0, 0],
			"translation": [0, 0, -20.5],
			"scale": [2, 2, 2]
		},
		"on_shelf": {
			"rotation": [0, 180, 0],
			"translation": [0, 0, 1]
		}
	}
}