{
	"credit": "Made with Blockbench",
	"texture_size": [64, 64],
	"textures": {
		"0": "hazbin:item/pentious_hat_heaven",
		"particle": "hazbin:item/pentious_hat_heaven"
	},
	"elements": [
		{
			"from": [1, 8, 1],
			"to": [15, 8, 15],
			"rotation": {"angle": 0, "axis": "y", "origin": [0, 8, 0]},
			"faces": {
				"north": {"uv": [0, 0, 3.5, 0], "texture": "#0"},
				"east": {"uv": [0, 0, 3.5, 0], "texture": "#0"},
				"south": {"uv": [0, 0, 3.5, 0], "texture": "#0"},
				"west": {"uv": [0, 0, 3.5, 0], "texture": "#0"},
				"up": {"uv": [3.5, 3.5, 0, 0], "texture": "#0"},
				"down": {"uv": [3.5, 3.5, 0, 7], "texture": "#0"}
			}
		},
		{
			"from": [4, 8.025, 4],
			"to": [12, 13.025, 12],
			"rotation": {"angle": 0, "axis": "y", "origin": [0, 8, 0]},
			"faces": {
				"north": {"uv": [6.75, 10.5, 8.75, 11.75], "texture": "#0"},
				"east": {"uv": [4.5, 11.25, 6.5, 12.5], "texture": "#0"},
				"south": {"uv": [8.75, 11.5, 10.75, 12.75], "texture": "#0"},
				"west": {"uv": [10.75, 11.5, 12.75, 12.75], "texture": "#0"},
				"up": {"uv": [12, 4.25, 10, 2.25], "texture": "#0"},
				"down": {"uv": [12, 4.25, 10, 6.25], "texture": "#0"}
			}
		},
		{
			"from": [3.5, 13.025, 3.5],
			"to": [12.5, 20.025, 12.5],
			"rotation": {"angle": 0, "axis": "y", "origin": [0, 8, 0]},
			"faces": {
				"north": {"uv": [10, 6.25, 12.25, 8], "texture": "#0"},
				"east": {"uv": [10, 8, 12.25, 9.75], "texture": "#0"},
				"south": {"uv": [10, 9.75, 12.25, 11.5], "texture": "#0"},
				"west": {"uv": [0, 10.5, 2.25, 12.25], "texture": "#0"},
				"up": {"uv": [6.75, 11.25, 4.5, 9], "texture": "#0"},
				"down": {"uv": [12.25, 0, 10, 2.25], "texture": "#0"}
			}
		},
		{
			"from": [9.24, 8.015, 3.49],
			"to": [12.26, 10.035, 4.51],
			"rotation": {"angle": 0, "axis": "y", "origin": [0, 8, 0]},
			"faces": {
				"north": {"uv": [6.75, 9, 7.5, 9.5], "texture": "#0"},
				"east": {"uv": [3, 7, 3.25, 7.5], "texture": "#0"},
				"south": {"uv": [7.5, 9, 8.25, 9.5], "texture": "#0"},
				"west": {"uv": [3.25, 7, 3.5, 7.5], "texture": "#0"},
				"up": {"uv": [7.5, 10.25, 6.75, 10], "texture": "#0"},
				"down": {"uv": [8.25, 10, 7.5, 10.25], "texture": "#0"}
			}
		},
		{
			"from": [3.74, 8.015, 3.49],
			"to": [6.76, 10.035, 4.51],
			"rotation": {"angle": 0, "axis": "y", "origin": [0, 8, 0]},
			"faces": {
				"north": {"uv": [6.75, 9.5, 7.5, 10], "texture": "#0"},
				"east": {"uv": [3, 7.5, 3.25, 8], "texture": "#0"},
				"south": {"uv": [7.5, 9.5, 8.25, 10], "texture": "#0"},
				"west": {"uv": [3.25, 7.5, 3.5, 8], "texture": "#0"},
				"up": {"uv": [7.5, 10.5, 6.75, 10.25], "texture": "#0"},
				"down": {"uv": [8.25, 10.25, 7.5, 10.5], "texture": "#0"}
			}
		},
		{
			"from": [6.5, 8.275, 3.75],
			"to": [9.5, 9.275, 4.75],
			"rotation": {"angle": 0, "axis": "y", "origin": [0, 8, 0]},
			"faces": {
				"north": {"uv": [2.25, 10.5, 3, 10.75], "texture": "#0"},
				"east": {"uv": [3, 8, 3.25, 8.25], "texture": "#0"},
				"south": {"uv": [8.75, 10.5, 9.5, 10.75], "texture": "#0"},
				"west": {"uv": [3.25, 8, 3.5, 8.25], "texture": "#0"},
				"up": {"uv": [3, 11, 2.25, 10.75], "texture": "#0"},
				"down": {"uv": [9.5, 10.75, 8.75, 11], "texture": "#0"}
			}
		},
		{
			"from": [2.997, -8.003, 11.997],
			"to": [13.003, 10.003, 12.003],
			"rotation": {"angle": -45, "axis": "z", "origin": [0, 8, 0]},
			"faces": {
				"north": {"uv": [3.5, 0, 6, 4.5], "texture": "#0"},
				"east": {"uv": [0, 0, 0, 4.5], "texture": "#0"},
				"south": {"uv": [3.5, 4.5, 6, 9], "texture": "#0"},
				"west": {"uv": [0, 0, 0, 4.5], "texture": "#0"},
				"up": {"uv": [2.5, 0, 0, 0], "texture": "#0"},
				"down": {"uv": [2.5, 0, 0, 0], "texture": "#0"}
			}
		},
		{
			"from": [2.996, -8.004, 11.996],
			"to": [13.004, 10.004, 12.004],
			"rotation": {"angle": 45, "axis": "z", "origin": [16, 8, 0]},
			"faces": {
				"north": {"uv": [6, 0, 3.5, 4.5], "texture": "#0"},
				"east": {"uv": [0, 0, 0, 4.5], "texture": "#0"},
				"south": {"uv": [6, 4.5, 3.5, 9], "texture": "#0"},
				"west": {"uv": [0, 0, 0, 4.5], "texture": "#0"},
				"up": {"uv": [0, 0, 2.5, 0], "texture": "#0"},
				"down": {"uv": [0, 0, 2.5, 0], "texture": "#0"}
			}
		},
		{
			"from": [3, -12, 12],
			"to": [9, 2, 12],
			"rotation": {"angle": 22.5, "axis": "z", "origin": [16, 8, 0]},
			"faces": {
				"north": {"uv": [0, 7, 1.5, 10.5], "texture": "#0"},
				"east": {"uv": [0, 0, 0, 3.5], "texture": "#0"},
				"south": {"uv": [1.5, 7, 3, 10.5], "texture": "#0"},
				"west": {"uv": [0, 0, 0, 3.5], "texture": "#0"},
				"up": {"uv": [1.5, 0, 0, 0], "texture": "#0"},
				"down": {"uv": [1.5, 0, 0, 0], "texture": "#0"}
			}
		},
		{
			"from": [6.998, -12.002, 11.998],
			"to": [13.002, 2.002, 12.002],
			"rotation": {"angle": -22.5, "axis": "z", "origin": [0, 8, 0]},
			"faces": {
				"north": {"uv": [8.5, 0, 10, 3.5], "texture": "#0"},
				"east": {"uv": [0, 0, 0, 3.5], "texture": "#0"},
				"south": {"uv": [8.5, 3.5, 10, 7], "texture": "#0"},
				"west": {"uv": [0, 0, 0, 3.5], "texture": "#0"},
				"up": {"uv": [1.5, 0, 0, 0], "texture": "#0"},
				"down": {"uv": [1.5, 0, 0, 0], "texture": "#0"}
			}
		},
		{
			"from": [5.002, -15.998, 12.002],
			"to": [10.998, -2.002, 11.998],
			"rotation": {"angle": 0, "axis": "z", "origin": [0, 8, 0]},
			"faces": {
				"north": {"uv": [8.5, 7, 10, 10.5], "texture": "#0"},
				"east": {"uv": [0, 0, 0, 3.5], "texture": "#0"},
				"south": {"uv": [3, 9, 4.5, 12.5], "texture": "#0"},
				"west": {"uv": [0, 0, 0, 3.5], "texture": "#0"},
				"up": {"uv": [1.5, 0, 0, 0], "texture": "#0"},
				"down": {"uv": [1.5, 0, 0, 0], "texture": "#0"}
			}
		}
	],
	"display": {
		"thirdperson_righthand": {
			"translation": [0, 0, 1.25],
			"scale": [0.5, 0.5, 0.5]
		},
		"thirdperson_lefthand": {
			"translation": [0, 0, 1.25],
			"scale": [0.5, 0.5, 0.5]
		},
		"firstperson_righthand": {
			"scale": [0.6, 0.6, 0.6]
		},
		"firstperson_lefthand": {
			"scale": [0.6, 0.6, 0.6]
		},
		"ground": {
			"translation": [0, 10.5, 0],
			"scale": [0.55, 0.55, 0.55]
		},
		"gui": {
			"rotation": [-9, 136, 57],
			"translation": [0, 2.25, 0],
			"scale": [0.48, 0.48, 0.48]
		},
		"head": {
			"translation": [0, 6.25, 0],
			"scale": [1.55, 1.55, 1.55]
		},
		"fixed": {
			"translation": [0, 0, -4.25]
		}
	}
}