{
	"format_version": "1.21.6",
	"credit": "Made with Blockbench",
	"texture_size": [128, 128],
	"textures": {
		"2": "hazbin:item/lucifer_statue"
	},
	"elements": [
		{
			"name": "Left Arm",
			"from": [5.5, -4, 6],
			"to": [8.5, 8, 10],
			"rotation": {"angle": 0, "axis": "y", "origin": [8, -7, 8]},
			"faces": {
				"north": {"uv": [1, 9.375, 1.375, 10.875], "texture": "#2"},
				"east": {"uv": [1, 7.875, 1.5, 9.375], "texture": "#2"},
				"south": {"uv": [9.375, 3.5, 9.75, 5], "texture": "#2"},
				"west": {"uv": [4.75, 8.125, 5.25, 9.625], "texture": "#2"},
				"up": {"uv": [9.25, 2, 8.875, 1.5], "texture": "#2"},
				"down": {"uv": [9.25, 5, 8.875, 5.5], "texture": "#2"}
			}
		},
		{
			"name": "Left Arm Layer",
			"from": [5.25, -4.25, 5.75],
			"to": [8.75, 8.25, 10.25],
			"rotation": {"angle": 0, "axis": "y", "origin": [8, -7, 8]},
			"faces": {
				"north": {"uv": [4.5, 9.625, 4.875, 11.125], "texture": "#2"},
				"east": {"uv": [8.25, 6, 8.75, 7.5], "texture": "#2"},
				"south": {"uv": [4.875, 9.625, 5.25, 11.125], "texture": "#2"},
				"west": {"uv": [8.25, 7.5, 8.75, 9], "texture": "#2"},
				"up": {"uv": [9.25, 6, 8.875, 5.5], "texture": "#2"},
				"down": {"uv": [2.75, 10.625, 2.375, 11.125], "texture": "#2"}
			}
		}
	],
	"groups": [
		{
			"name": "LeftArm",
			"origin": [3, 15, 8],
			"color": 0,
			"children": [
				0,
				1,
				{
					"name": "LeftItemPivot",
					"origin": [2, 5, 6],
					"color": 0,
					"children": []
				}
			]
		}
	]
}