{
	"credit": "Made with Blockbench",
	"texture_size": [32, 32],
	"textures": {
		"0": "hazbin:item/lucifer_staff",
		"particle": "hazbin:item/lucifer_staff"
	},
	"elements": [
		{
			"from": [7, 0, 7],
			"to": [9, 23, 9],
			"faces": {
				"north": {"uv": [0, 0, 1, 11.5], "texture": "#0"},
				"east": {"uv": [1, 0, 2, 11.5], "texture": "#0"},
				"south": {"uv": [2, 0, 3, 11.5], "texture": "#0"},
				"west": {"uv": [3, 0, 4, 11.5], "texture": "#0"},
				"up": {"uv": [9.5, 11.5, 8.5, 10.5], "texture": "#0"},
				"down": {"uv": [11.5, 8.5, 10.5, 9.5], "texture": "#0"}
			}
		},
		{
			"from": [6, 23, 6],
			"to": [10, 24, 10],
			"faces": {
				"north": {"uv": [9.5, 10.5, 11.5, 11], "texture": "#0"},
				"east": {"uv": [10.5, 9.5, 12.5, 10], "texture": "#0"},
				"south": {"uv": [10.5, 10, 12.5, 10.5], "texture": "#0"},
				"west": {"uv": [11, 0, 13, 0.5], "texture": "#0"},
				"up": {"uv": [6, 2, 4, 0], "texture": "#0"},
				"down": {"uv": [6, 2, 4, 4], "texture": "#0"}
			}
		},
		{
			"from": [6.5, 29, 4.5],
			"to": [9.5, 32, 7.5],
			"faces": {
				"north": {"uv": [8, 0, 9.5, 1.5], "texture": "#0"},
				"east": {"uv": [8, 1.5, 9.5, 3], "texture": "#0"},
				"south": {"uv": [4, 8, 5.5, 9.5], "texture": "#0"},
				"west": {"uv": [8.5, 3, 10, 4.5], "texture": "#0"},
				"up": {"uv": [10, 6, 8.5, 4.5], "texture": "#0"},
				"down": {"uv": [10.5, 6, 9, 7.5], "texture": "#0"}
			}
		},
		{
			"from": [6, 28.5, 4],
			"to": [10, 29.5, 8],
			"faces": {
				"north": {"uv": [11, 0.5, 13, 1], "texture": "#0"},
				"east": {"uv": [11, 1, 13, 1.5], "texture": "#0"},
				"south": {"uv": [11, 1.5, 13, 2], "texture": "#0"},
				"west": {"uv": [11, 2, 13, 2.5], "texture": "#0"},
				"up": {"uv": [8, 4, 6, 2], "texture": "#0"},
				"down": {"uv": [6, 6, 4, 8], "texture": "#0"}
			}
		},
		{
			"from": [6.499, 25.999, 4.499],
			"to": [9.501, 29.001, 7.501],
			"faces": {
				"north": {"uv": [9.5, 0, 11, 1.5], "texture": "#0"},
				"east": {"uv": [9.5, 1.5, 11, 3], "texture": "#0"},
				"south": {"uv": [4, 9.5, 5.5, 11], "texture": "#0"},
				"west": {"uv": [5.5, 9.5, 7, 11], "texture": "#0"},
				"up": {"uv": [8.5, 11, 7, 9.5], "texture": "#0"},
				"down": {"uv": [11.5, 3, 10, 4.5], "texture": "#0"}
			}
		},
		{
			"from": [6.5, 26, 3.5],
			"to": [9.5, 27, 4.5],
			"faces": {
				"north": {"uv": [11, 2.5, 12.5, 3], "texture": "#0"},
				"east": {"uv": [8, 3, 8.5, 3.5], "texture": "#0"},
				"south": {"uv": [4, 11, 5.5, 11.5], "texture": "#0"},
				"west": {"uv": [8, 3.5, 8.5, 4], "texture": "#0"},
				"up": {"uv": [7, 11.5, 5.5, 11], "texture": "#0"},
				"down": {"uv": [8.5, 11, 7, 11.5], "texture": "#0"}
			}
		},
		{
			"from": [6.5, 24, 5.5],
			"to": [9.5, 27, 10.5],
			"faces": {
				"north": {"uv": [9, 7.5, 10.5, 9], "texture": "#0"},
				"east": {"uv": [6, 4, 8.5, 5.5], "texture": "#0"},
				"south": {"uv": [9, 9, 10.5, 10.5], "texture": "#0"},
				"west": {"uv": [6, 5.5, 8.5, 7], "texture": "#0"},
				"up": {"uv": [7.5, 9.5, 6, 7], "texture": "#0"},
				"down": {"uv": [9, 7, 7.5, 9.5], "texture": "#0"}
			}
		},
		{
			"from": [6, 24.95, 6],
			"to": [10, 26.95, 10],
			"faces": {
				"north": {"uv": [10, 4.5, 12, 5.5], "texture": "#0"},
				"east": {"uv": [10.5, 5.5, 12.5, 6.5], "texture": "#0"},
				"south": {"uv": [10.5, 6.5, 12.5, 7.5], "texture": "#0"},
				"west": {"uv": [10.5, 7.5, 12.5, 8.5], "texture": "#0"},
				"up": {"uv": [6, 6, 4, 4], "texture": "#0"},
				"down": {"uv": [8, 0, 6, 2], "texture": "#0"}
			}
		}
	],
	"display": {
		"thirdperson_righthand": {
			"translation": [0, 0, 1.25]
		},
		"thirdperson_lefthand": {
			"translation": [0, 0, 1.25]
		},
		"firstperson_righthand": {
			"translation": [0, -7.5, 0]
		},
		"firstperson_lefthand": {
			"translation": [0, -7.5, 0]
		},
		"ground": {
			"translation": [0, 5, 0]
		},
		"gui": {
			"rotation": [-7, 150, 46],
			"translation": [-2.5, -3.5, 0],
			"scale": [0.6, 0.6, 0.6]
		},
		"fixed": {
			"translation": [0, -4.75, 0],
			"scale": [0.64, 0.64, 0.64]
		}
	}
}