{
	"format_version": "1.21.6",
	"credit": "Made with Blockbench",
	"texture_size": [128, 128],
	"textures": {
		"2": "hazbin:item/lucifer_statue"
	},
	"elements": [
		{
			"name": "Right Leg",
			"from": [7.4, -4, 6],
			"to": [11.4, 8, 10],
			"rotation": {"angle": 0, "axis": "y", "origin": [7.5, -4, 8]},
			"faces": {
				"north": {"uv": [1.5, 8.5, 2, 10], "texture": "#2"},
				"east": {"uv": [2, 8.5, 2.5, 10], "texture": "#2"},
				"south": {"uv": [5.25, 8.625, 5.75, 10.125], "texture": "#2"},
				"west": {"uv": [5.75, 8.625, 6.25, 10.125], "texture": "#2"},
				"up": {"uv": [4.125, 10.875, 3.625, 10.375], "texture": "#2"},
				"down": {"uv": [8.375, 10.5, 7.875, 11], "texture": "#2"}
			}
		},
		{
			"name": "Right Leg Layer",
			"from": [7.15, -4.25, 5.75],
			"to": [11.65, 8.25, 10.25],
			"rotation": {"angle": 0, "axis": "y", "origin": [7.5, -4, 8]},
			"faces": {
				"north": {"uv": [6.25, 8.625, 6.75, 10.125], "texture": "#2"},
				"east": {"uv": [6.75, 8.625, 7.25, 10.125], "texture": "#2"},
				"south": {"uv": [8.75, 2, 9.25, 3.5], "texture": "#2"},
				"west": {"uv": [8.75, 6, 9.25, 7.5], "texture": "#2"},
				"up": {"uv": [8.875, 11, 8.375, 10.5], "texture": "#2"},
				"down": {"uv": [10.625, 10.5, 10.125, 11], "texture": "#2"}
			}
		},
		{
			"from": [8.4, -0.50381, 9.63716],
			"to": [11.4, 8.49619, 10.63716],
			"rotation": {"angle": 10, "axis": "z", "origin": [9.4, 6.5, 7.8]},
			"faces": {
				"north": {"uv": [4.5, 5.25, 4.875, 6.375], "texture": "#2"},
				"east": {"uv": [3.5, 10.625, 3.625, 11.75], "texture": "#2"},
				"south": {"uv": [10.25, 0, 10.625, 1.125], "texture": "#2"},
				"west": {"uv": [6.875, 10.625, 7, 11.75], "texture": "#2"},
				"up": {"uv": [11.5, 9.375, 11.125, 9.25], "texture": "#2"},
				"down": {"uv": [11.5, 9.375, 11.125, 9.5], "texture": "#2"}
			}
		},
		{
			"from": [10.4, -2.50381, 8.88716],
			"to": [12.4, -0.50381, 9.88716],
			"rotation": {"angle": 10, "axis": "z", "origin": [9.4, 6.5, 7.8]},
			"faces": {
				"north": {"uv": [7.625, 11.125, 7.875, 11.375], "texture": "#2"},
				"east": {"uv": [6.375, 11.375, 6.5, 11.625], "texture": "#2"},
				"south": {"uv": [7.875, 11.125, 8.125, 11.375], "texture": "#2"},
				"west": {"uv": [6.5, 11.375, 6.625, 11.625], "texture": "#2"},
				"up": {"uv": [11.625, 6.625, 11.375, 6.5], "texture": "#2"},
				"down": {"uv": [6.875, 11.375, 6.625, 11.5], "texture": "#2"}
			}
		},
		{
			"from": [11.65, -3.50381, 8.88716],
			"to": [12.65, -2.50381, 9.88716],
			"rotation": {"angle": 10, "axis": "z", "origin": [9.4, 6.5, 7.8]},
			"faces": {
				"north": {"uv": [3.625, 11.5, 3.75, 11.625], "texture": "#2"},
				"east": {"uv": [11.5, 3.625, 11.625, 3.75], "texture": "#2"},
				"south": {"uv": [3.75, 11.5, 3.875, 11.625], "texture": "#2"},
				"west": {"uv": [11.5, 3.75, 11.625, 3.875], "texture": "#2"},
				"up": {"uv": [4, 11.625, 3.875, 11.5], "texture": "#2"},
				"down": {"uv": [11.625, 3.875, 11.5, 4], "texture": "#2"}
			}
		},
		{
			"from": [11.4, -1.50381, 8.38716],
			"to": [12.4, 7.49619, 10.38716],
			"rotation": {"angle": 10, "axis": "z", "origin": [9.4, 6.5, 7.8]},
			"faces": {
				"north": {"uv": [7, 10.625, 7.125, 11.75], "texture": "#2"},
				"east": {"uv": [4.875, 5.25, 5.125, 6.375], "texture": "#2"},
				"south": {"uv": [6, 10.75, 6.125, 11.875], "texture": "#2"},
				"west": {"uv": [7.125, 10.25, 7.375, 11.375], "texture": "#2"},
				"up": {"uv": [11.5, 6.875, 11.375, 6.625], "texture": "#2"},
				"down": {"uv": [11.5, 6.875, 11.375, 7.125], "texture": "#2"}
			}
		},
		{
			"from": [7.4, 4.01798, 9.63811],
			"to": [8.4, 8.01798, 10.63811],
			"rotation": {"angle": 10, "axis": "z", "origin": [9.4, 6.5, 7.8]},
			"faces": {
				"north": {"uv": [8.125, 11.125, 8.25, 11.625], "texture": "#2"},
				"east": {"uv": [8.25, 11.125, 8.375, 11.625], "texture": "#2"},
				"south": {"uv": [8.375, 11.125, 8.5, 11.625], "texture": "#2"},
				"west": {"uv": [8.5, 11.125, 8.625, 11.625], "texture": "#2"},
				"up": {"uv": [4.125, 11.625, 4, 11.5], "texture": "#2"},
				"down": {"uv": [11.625, 4, 11.5, 4.125], "texture": "#2"}
			}
		},
		{
			"from": [11.9, 0.49619, 8.23716],
			"to": [12.9, 4.49619, 10.23716],
			"rotation": {"angle": 10, "axis": "z", "origin": [5.4, 7, 13.8]},
			"faces": {
				"north": {"uv": [11.125, 8.5, 11.25, 9], "texture": "#2"},
				"east": {"uv": [3.25, 7.5, 3.5, 8], "texture": "#2"},
				"south": {"uv": [8.625, 11.125, 8.75, 11.625], "texture": "#2"},
				"west": {"uv": [1.5, 7.875, 1.75, 8.375], "texture": "#2"},
				"up": {"uv": [7.25, 11.625, 7.125, 11.375], "texture": "#2"},
				"down": {"uv": [11.5, 7.125, 11.375, 7.375], "texture": "#2"}
			}
		},
		{
			"from": [7.9, 2.01798, 9.26189],
			"to": [8.9, 4.01798, 10.26189],
			"rotation": {"angle": 10, "axis": "z", "origin": [4.4, 7, 13.8]},
			"faces": {
				"north": {"uv": [7.25, 11.375, 7.375, 11.625], "texture": "#2"},
				"east": {"uv": [7.375, 11.375, 7.5, 11.625], "texture": "#2"},
				"south": {"uv": [11.375, 7.375, 11.5, 7.625], "texture": "#2"},
				"west": {"uv": [7.5, 11.375, 7.625, 11.625], "texture": "#2"},
				"up": {"uv": [11.625, 4.25, 11.5, 4.125], "texture": "#2"},
				"down": {"uv": [4.625, 11.5, 4.5, 11.625], "texture": "#2"}
			}
		}
	],
	"groups": [
		{
			"name": "RightLeg",
			"origin": [9.9, 5, 8],
			"color": 0,
			"children": [
				0,
				1,
				{
					"name": "bone3",
					"origin": [9.9, 3.5, 7.8],
					"color": 0,
					"children": [2, 3, 4, 5, 6, 7, 8]
				}
			]
		}
	]
}