{
	"credit": "Made with Blockbench",
	"texture_size": [64, 64],
	"textures": {
		"0": "hazbin:item/fizzarolli_hat",
		"particle": "hazbin:item/fizzarolli_hat"
	},
	"elements": [
		{
			"from": [5, 6, 3],
			"to": [9, 10, 9],
			"rotation": {"angle": -22.5, "axis": "y", "origin": [1, -1, 0]},
			"faces": {
				"north": {"uv": [4.25, 9.75, 5.25, 10.75], "texture": "#0"},
				"east": {"uv": [0, 9.5, 1.5, 10.5], "texture": "#0"},
				"south": {"uv": [10, 1, 11, 2], "texture": "#0"},
				"west": {"uv": [2.75, 9.5, 4.25, 10.5], "texture": "#0"},
				"up": {"uv": [6.75, 11, 5.75, 9.5], "texture": "#0"},
				"down": {"uv": [7.75, 9.5, 6.75, 11], "texture": "#0"}
			}
		},
		{
			"from": [1.25, 1.5, 11.75],
			"to": [6.25, 6.5, 18.75],
			"rotation": {"angle": -22.5, "axis": "x", "origin": [1, -1, 0]},
			"faces": {
				"north": {"uv": [8.25, 4.25, 9.5, 5.5], "texture": "#0"},
				"east": {"uv": [5.25, 3.5, 7, 4.75], "texture": "#0"},
				"south": {"uv": [4.5, 8.5, 5.75, 9.75], "texture": "#0"},
				"west": {"uv": [5.25, 4.75, 7, 6], "texture": "#0"},
				"up": {"uv": [7, 1.75, 5.75, 0], "texture": "#0"},
				"down": {"uv": [7, 1.75, 5.75, 3.5], "texture": "#0"}
			}
		},
		{
			"from": [1.249, 14.249, 0.249],
			"to": [6.251, 19.251, 7.251],
			"rotation": {"angle": 45, "axis": "x", "origin": [1, -1, 0]},
			"faces": {
				"north": {"uv": [8.75, 1.25, 10, 2.5], "texture": "#0"},
				"east": {"uv": [5.25, 6, 7, 7.25], "texture": "#0"},
				"south": {"uv": [1.5, 8.75, 2.75, 10], "texture": "#0"},
				"west": {"uv": [0, 7, 1.75, 8.25], "texture": "#0"},
				"up": {"uv": [8.25, 1.75, 7, 0], "texture": "#0"},
				"down": {"uv": [3, 7, 1.75, 8.75], "texture": "#0"}
			}
		},
		{
			"from": [0.75, -5.75, 15.25],
			"to": [6.75, 8.25, 20.25],
			"rotation": {"angle": 0, "axis": "x", "origin": [1, -1, 0]},
			"faces": {
				"north": {"uv": [0, 0, 1.5, 3.5], "texture": "#0"},
				"east": {"uv": [1.5, 3.5, 2.75, 7], "texture": "#0"},
				"south": {"uv": [1.5, 0, 3, 3.5], "texture": "#0"},
				"west": {"uv": [2.75, 3.5, 4, 7], "texture": "#0"},
				"up": {"uv": [1.5, 9.5, 0, 8.25], "texture": "#0"},
				"down": {"uv": [9.75, 0, 8.25, 1.25], "texture": "#0"}
			}
		},
		{
			"from": [1.75, -7.75, 16.25],
			"to": [5.75, -5.75, 19.25],
			"rotation": {"angle": 0, "axis": "x", "origin": [1, -1, 0]},
			"faces": {
				"north": {"uv": [8.75, 2.5, 9.75, 3], "texture": "#0"},
				"east": {"uv": [5.75, 8.5, 6.5, 9], "texture": "#0"},
				"south": {"uv": [10, 2, 11, 2.5], "texture": "#0"},
				"west": {"uv": [5.75, 9, 6.5, 9.5], "texture": "#0"},
				"up": {"uv": [11.25, 7, 10.25, 6.25], "texture": "#0"},
				"down": {"uv": [11.25, 7, 10.25, 7.75], "texture": "#0"}
			}
		},
		{
			"from": [3.25, -8.25, 17.25],
			"to": [4.25, -7.25, 18.25],
			"rotation": {"angle": 0, "axis": "x", "origin": [1, -1, 0]},
			"faces": {
				"north": {"uv": [4.75, 7, 5, 7.25], "texture": "#0"},
				"east": {"uv": [5, 7, 5.25, 7.25], "texture": "#0"},
				"south": {"uv": [1.5, 8.25, 1.75, 8.5], "texture": "#0"},
				"west": {"uv": [4.5, 8.25, 4.75, 8.5], "texture": "#0"},
				"up": {"uv": [1.75, 8.75, 1.5, 8.5], "texture": "#0"},
				"down": {"uv": [3, 8.75, 2.75, 9], "texture": "#0"}
			}
		},
		{
			"from": [2.75, -10.25, 16.75],
			"to": [4.75, -8.25, 18.75],
			"rotation": {"angle": 0, "axis": "x", "origin": [1, -1, 0]},
			"faces": {
				"north": {"uv": [6.5, 7.25, 7, 7.75], "texture": "#0"},
				"east": {"uv": [8.25, 1.25, 8.75, 1.75], "texture": "#0"},
				"south": {"uv": [8.25, 5.5, 8.75, 6], "texture": "#0"},
				"west": {"uv": [8.25, 6, 8.75, 6.5], "texture": "#0"},
				"up": {"uv": [5.75, 10.25, 5.25, 9.75], "texture": "#0"},
				"down": {"uv": [5.75, 10.25, 5.25, 10.75], "texture": "#0"}
			}
		},
		{
			"from": [7, 6, 3],
			"to": [11, 10, 9],
			"rotation": {"angle": 22.5, "axis": "y", "origin": [15, -1, 0]},
			"faces": {
				"north": {"uv": [1.5, 10, 2.5, 11], "texture": "#0"},
				"east": {"uv": [9.5, 4.25, 11, 5.25], "texture": "#0"},
				"south": {"uv": [10, 5.25, 11, 6.25], "texture": "#0"},
				"west": {"uv": [9.75, 0, 11.25, 1], "texture": "#0"},
				"up": {"uv": [8.75, 11, 7.75, 9.5], "texture": "#0"},
				"down": {"uv": [10.75, 2.5, 9.75, 4], "texture": "#0"}
			}
		},
		{
			"from": [9.75, 1.5, 11.75],
			"to": [14.75, 6.5, 18.75],
			"rotation": {"angle": -22.5, "axis": "x", "origin": [15, -1, 0]},
			"faces": {
				"north": {"uv": [9, 8, 10.25, 9.25], "texture": "#0"},
				"east": {"uv": [7, 6.5, 8.75, 7.75], "texture": "#0"},
				"south": {"uv": [9, 9.25, 10.25, 10.5], "texture": "#0"},
				"west": {"uv": [4.75, 7.25, 6.5, 8.5], "texture": "#0"},
				"up": {"uv": [7.75, 9.5, 6.5, 7.75], "texture": "#0"},
				"down": {"uv": [9, 7.75, 7.75, 9.5], "texture": "#0"}
			}
		},
		{
			"from": [9.749, 14.249, 0.249],
			"to": [14.751, 19.251, 7.251],
			"rotation": {"angle": 45, "axis": "x", "origin": [15, -1, 0]},
			"faces": {
				"north": {"uv": [8.75, 5.5, 10, 6.75], "texture": "#0"},
				"east": {"uv": [7, 1.75, 8.75, 3], "texture": "#0"},
				"south": {"uv": [9, 6.75, 10.25, 8], "texture": "#0"},
				"west": {"uv": [3, 7, 4.75, 8.25], "texture": "#0"},
				"up": {"uv": [8.25, 4.75, 7, 3], "texture": "#0"},
				"down": {"uv": [8.25, 4.75, 7, 6.5], "texture": "#0"}
			}
		},
		{
			"from": [9.25, -5.75, 15.25],
			"to": [15.25, 8.25, 20.25],
			"rotation": {"angle": 0, "axis": "x", "origin": [15, -1, 0]},
			"faces": {
				"north": {"uv": [3, 0, 4.5, 3.5], "texture": "#0"},
				"east": {"uv": [4, 3.5, 5.25, 7], "texture": "#0"},
				"south": {"uv": [0, 3.5, 1.5, 7], "texture": "#0"},
				"west": {"uv": [4.5, 0, 5.75, 3.5], "texture": "#0"},
				"up": {"uv": [4.5, 9.5, 3, 8.25], "texture": "#0"},
				"down": {"uv": [9.75, 3, 8.25, 4.25], "texture": "#0"}
			}
		},
		{
			"from": [10.25, -7.75, 16.25],
			"to": [14.25, -5.75, 19.25],
			"rotation": {"angle": 0, "axis": "x", "origin": [15, -1, 0]},
			"faces": {
				"north": {"uv": [10.25, 9.25, 11.25, 9.75], "texture": "#0"},
				"east": {"uv": [10.25, 10.25, 11, 10.75], "texture": "#0"},
				"south": {"uv": [10.25, 9.75, 11.25, 10.25], "texture": "#0"},
				"west": {"uv": [0, 10.5, 0.75, 11], "texture": "#0"},
				"up": {"uv": [11.25, 8.5, 10.25, 7.75], "texture": "#0"},
				"down": {"uv": [11.25, 8.5, 10.25, 9.25], "texture": "#0"}
			}
		},
		{
			"from": [11.75, -8.25, 17.25],
			"to": [12.75, -7.25, 18.25],
			"rotation": {"angle": 0, "axis": "x", "origin": [15, -1, 0]},
			"faces": {
				"north": {"uv": [8.75, 6.75, 9, 7], "texture": "#0"},
				"east": {"uv": [8.75, 7, 9, 7.25], "texture": "#0"},
				"south": {"uv": [8.75, 7.25, 9, 7.5], "texture": "#0"},
				"west": {"uv": [8.75, 7.5, 9, 7.75], "texture": "#0"},
				"up": {"uv": [3, 9.25, 2.75, 9], "texture": "#0"},
				"down": {"uv": [3, 9.25, 2.75, 9.5], "texture": "#0"}
			}
		},
		{
			"from": [11.25, -10.25, 16.75],
			"to": [13.25, -8.25, 18.75],
			"rotation": {"angle": 0, "axis": "x", "origin": [15, -1, 0]},
			"faces": {
				"north": {"uv": [0.75, 10.5, 1.25, 11], "texture": "#0"},
				"east": {"uv": [2.5, 10.5, 3, 11], "texture": "#0"},
				"south": {"uv": [3, 10.5, 3.5, 11], "texture": "#0"},
				"west": {"uv": [3.5, 10.5, 4, 11], "texture": "#0"},
				"up": {"uv": [9.25, 11, 8.75, 10.5], "texture": "#0"},
				"down": {"uv": [9.75, 10.5, 9.25, 11], "texture": "#0"}
			}
		}
	],
	"display": {
		"thirdperson_righthand": {
			"translation": [0, 0, 2],
			"scale": [0.5, 0.5, 0.5]
		},
		"thirdperson_lefthand": {
			"translation": [0, 0, 2],
			"scale": [0.5, 0.5, 0.5]
		},
		"firstperson_righthand": {
			"translation": [0, 1, 0],
			"scale": [0.58, 0.58, 0.58]
		},
		"firstperson_lefthand": {
			"translation": [0, 1, 0],
			"scale": [0.58, 0.58, 0.58]
		},
		"ground": {
			"translation": [0, 3.75, 0],
			"scale": [0.41, 0.41, 0.41]
		},
		"gui": {
			"rotation": [21, 129, 0],
			"translation": [-2.75, 2.5, 0],
			"scale": [0.57, 0.57, 0.57]
		},
		"head": {
			"translation": [0, 5.25, 0],
			"scale": [1.6, 1.6, 1.6]
		},
		"fixed": {
			"rotation": [0, 180, 0],
			"translation": [0, 4.75, 2.75],
			"scale": [0.71, 0.71, 0.71]
		}
	}
}