{
	"credit": "Made with Blockbench",
	"texture_size": [64, 64],
	"textures": {
		"0": "hazbin:item/lucifer_hat",
		"particle": "hazbin:item/lucifer_hat"
	},
	"elements": [
		{
			"from": [1, 0, 1],
			"to": [15, 1, 15],
			"faces": {
				"north": {"uv": [4, 7.5, 7.5, 7.75], "texture": "#0"},
				"east": {"uv": [7.5, 5, 11, 5.25], "texture": "#0"},
				"south": {"uv": [7.5, 5.25, 11, 5.5], "texture": "#0"},
				"west": {"uv": [7.5, 5.5, 11, 5.75], "texture": "#0"},
				"up": {"uv": [3.5, 3.5, 0, 0], "texture": "#0"},
				"down": {"uv": [3.5, 3.5, 0, 7], "texture": "#0"}
			}
		},
		{
			"from": [4, 1, 4],
			"to": [12, 11, 12],
			"faces": {
				"north": {"uv": [3.5, 5, 5.5, 7.5], "texture": "#0"},
				"east": {"uv": [5.5, 5, 7.5, 7.5], "texture": "#0"},
				"south": {"uv": [6, 0, 8, 2.5], "texture": "#0"},
				"west": {"uv": [6, 2.5, 8, 5], "texture": "#0"},
				"up": {"uv": [2, 9, 0, 7], "texture": "#0"},
				"down": {"uv": [4, 7.5, 2, 9.5], "texture": "#0"}
			}
		},
		{
			"from": [3, 1, 3],
			"to": [13, 2, 13],
			"faces": {
				"north": {"uv": [7.5, 5.75, 10, 6], "texture": "#0"},
				"east": {"uv": [7.5, 6, 10, 6.25], "texture": "#0"},
				"south": {"uv": [7.5, 6.25, 10, 6.5], "texture": "#0"},
				"west": {"uv": [7.5, 6.5, 10, 6.75], "texture": "#0"},
				"up": {"uv": [6, 2.5, 3.5, 0], "texture": "#0"},
				"down": {"uv": [6, 2.5, 3.5, 5], "texture": "#0"}
			}
		},
		{
			"from": [4, 0, 3.4],
			"to": [6, 2, 5.4],
			"rotation": {"angle": 22.5, "axis": "z", "origin": [0, 0, 0]},
			"faces": {
				"north": {"uv": [2, 7, 2.5, 7.5], "texture": "#0"},
				"east": {"uv": [2.5, 7, 3, 7.5], "texture": "#0"},
				"south": {"uv": [3, 7, 3.5, 7.5], "texture": "#0"},
				"west": {"uv": [5, 7.75, 5.5, 8.25], "texture": "#0"},
				"up": {"uv": [6, 8.25, 5.5, 7.75], "texture": "#0"},
				"down": {"uv": [6.5, 7.75, 6, 8.25], "texture": "#0"}
			}
		},
		{
			"from": [3.5, 2, 4.4],
			"to": [6.5, 5, 4.4],
			"rotation": {"angle": 22.5, "axis": "z", "origin": [0, 0, 0]},
			"faces": {
				"north": {"uv": [7.5, 6.75, 8.25, 7.5], "texture": "#0"},
				"east": {"uv": [0, 0, 0, 0.75], "texture": "#0"},
				"south": {"uv": [7.5, 7.5, 8.25, 8.25], "texture": "#0"},
				"west": {"uv": [0, 0, 0, 0.75], "texture": "#0"},
				"up": {"uv": [0.75, 0, 0, 0], "texture": "#0"},
				"down": {"uv": [0.75, 0, 0, 0], "texture": "#0"}
			}
		},
		{
			"from": [10.5, 2, 3.5],
			"to": [11.5, 5, 4.5],
			"faces": {
				"north": {"uv": [6.5, 7.75, 6.75, 8.5], "texture": "#0"},
				"east": {"uv": [6.75, 7.75, 7, 8.5], "texture": "#0"},
				"south": {"uv": [7, 7.75, 7.25, 8.5], "texture": "#0"},
				"west": {"uv": [7.25, 7.75, 7.5, 8.5], "texture": "#0"},
				"up": {"uv": [8.25, 3.25, 8, 3], "texture": "#0"},
				"down": {"uv": [8.25, 3.25, 8, 3.5], "texture": "#0"}
			}
		},
		{
			"from": [4.5, 2, 3.5],
			"to": [5.5, 5, 4.5],
			"faces": {
				"north": {"uv": [8, 0, 8.25, 0.75], "texture": "#0"},
				"east": {"uv": [8, 0.75, 8.25, 1.5], "texture": "#0"},
				"south": {"uv": [8, 1.5, 8.25, 2.25], "texture": "#0"},
				"west": {"uv": [8, 2.25, 8.25, 3], "texture": "#0"},
				"up": {"uv": [8.25, 3.75, 8, 3.5], "texture": "#0"},
				"down": {"uv": [8.25, 3.75, 8, 4], "texture": "#0"}
			}
		},
		{
			"from": [7.5, 2, 3.5],
			"to": [8.5, 7, 4.5],
			"faces": {
				"north": {"uv": [4, 7.75, 4.25, 9], "texture": "#0"},
				"east": {"uv": [4.25, 7.75, 4.5, 9], "texture": "#0"},
				"south": {"uv": [4.5, 7.75, 4.75, 9], "texture": "#0"},
				"west": {"uv": [4.75, 7.75, 5, 9], "texture": "#0"},
				"up": {"uv": [8.25, 4.25, 8, 4], "texture": "#0"},
				"down": {"uv": [8.25, 4.25, 8, 4.5], "texture": "#0"}
			}
		}
	],
	"display": {
		"thirdperson_righthand": {
			"translation": [0, 6, 2.75],
			"scale": [0.75, 0.75, 0.75]
		},
		"thirdperson_lefthand": {
			"translation": [0, 6, 2.75],
			"scale": [0.75, 0.75, 0.75]
		},
		"firstperson_righthand": {
			"translation": [0, 4, 0]
		},
		"firstperson_lefthand": {
			"translation": [0, 4, 0]
		},
		"ground": {
			"translation": [0, 9, 0]
		},
		"gui": {
			"rotation": [11, 158, 0],
			"translation": [0, 1.75, 0],
			"scale": [0.89, 0.89, 0.89]
		},
		"head": {
			"translation": [0, 17.25, 0],
			"scale": [1.61, 1.61, 1.61]
		},
		"fixed": {
			"translation": [0, 3.25, 0],
			"scale": [1.42, 1.42, 1.42]
		}
	}
}