{
	"credit": "Made with Blockbench",
	"texture_size": [128, 128],
	"textures": {
		"1": "hazbin:item/mammon_brand"
	},
	"elements": [
		{
			"from": [-16, -16, 8],
			"to": [32, 32, 8],
			"faces": {
				"north": {"uv": [0, 0, 6, 6], "texture": "#1"},
				"east": {"uv": [0, 0, 0, 6], "texture": "#1"},
				"south": {"uv": [0, 6, 6, 12], "texture": "#1"},
				"west": {"uv": [0, 0, 0, 6], "texture": "#1"},
				"up": {"uv": [6, 0, 0, 0], "texture": "#1"},
				"down": {"uv": [6, 0, 0, 0], "texture": "#1"}
			}
		}
	],
	"display": {
		"firstperson_righthand": {
			"translation": [0.25, 5.25, 0],
			"scale": [0.25, 0.25, 0.25]
		},
		"firstperson_lefthand": {
			"translation": [0.25, 5.25, 0],
			"scale": [0.25, 0.25, 0.25]
		},
		"ground": {
			"rotation": [90, 0, 0]
		},
		"head": {
			"translation": [0, 0, -6.5],
			"scale": [0.29, 0.29, 0.29]
		},
		"fixed": {
			"translation": [0, 0, -0.25],
			"scale": [2, 2, 2]
		}
	}
}