{
	"credit": "Made with Blockbench",
	"texture_size": [32, 32],
	"textures": {
		"0": "hazbin:item/rosie_umbrella",
		"particle": "hazbin:item/rosie_umbrella"
	},
	"elements": [
		{
			"from": [13, 5.75, 5.75],
			"to": [14, 11.75, 6.75],
			"rotation": {"angle": 0, "axis": "y", "origin": [13, 5.75, 5.75]},
			"faces": {
				"north": {"uv": [1.5, 7, 2, 10], "texture": "#0"},
				"east": {"uv": [8, 0, 8.5, 3], "texture": "#0"},
				"south": {"uv": [2, 8, 2.5, 11], "texture": "#0"},
				"west": {"uv": [2.5, 8, 3, 11], "texture": "#0"},
				"up": {"uv": [7, 6, 6.5, 5.5], "texture": "#0"},
				"down": {"uv": [3.5, 9, 3, 9.5], "texture": "#0"}
			}
		},
		{
			"from": [13, 12.15, 7.15],
			"to": [14, 13.15, 9.15],
			"rotation": {"angle": 0, "axis": "y", "origin": [13, 7.15, 7.15]},
			"faces": {
				"north": {"uv": [5.5, 9, 6, 9.5], "texture": "#0"},
				"east": {"uv": [7.5, 8.5, 8.5, 9], "texture": "#0"},
				"south": {"uv": [9, 5.5, 9.5, 6], "texture": "#0"},
				"west": {"uv": [8.5, 8, 9.5, 8.5], "texture": "#0"},
				"up": {"uv": [9, 9.5, 8.5, 8.5], "texture": "#0"},
				"down": {"uv": [9.5, 1.5, 9, 2.5], "texture": "#0"}
			}
		},
		{
			"from": [13, 11.75, 5.75],
			"to": [14, 13.75, 6.75],
			"rotation": {"angle": 45, "axis": "x", "origin": [13, 11.75, 5.75]},
			"faces": {
				"north": {"uv": [2, 5, 2.5, 6], "texture": "#0"},
				"east": {"uv": [1, 8.5, 1.5, 9.5], "texture": "#0"},
				"south": {"uv": [8.5, 1.5, 9, 2.5], "texture": "#0"},
				"west": {"uv": [8.5, 5.5, 9, 6.5], "texture": "#0"},
				"up": {"uv": [4, 9.5, 3.5, 9], "texture": "#0"},
				"down": {"uv": [4.5, 9, 4, 9.5], "texture": "#0"}
			}
		},
		{
			"from": [13, 14.75, 6.9],
			"to": [14, 15.75, 8.9],
			"rotation": {"angle": 45, "axis": "x", "origin": [13, 11.75, 4.9]},
			"faces": {
				"north": {"uv": [4.5, 9, 5, 9.5], "texture": "#0"},
				"east": {"uv": [8.5, 2.5, 9.5, 3], "texture": "#0"},
				"south": {"uv": [5, 9, 5.5, 9.5], "texture": "#0"},
				"west": {"uv": [8.5, 6.5, 9.5, 7], "texture": "#0"},
				"up": {"uv": [7.5, 9.5, 7, 8.5], "texture": "#0"},
				"down": {"uv": [9, 7, 8.5, 8], "texture": "#0"}
			}
		},
		{
			"from": [12, 2, 4.75],
			"to": [15, 6, 7.75],
			"rotation": {"angle": 0, "axis": "y", "origin": [13, 4, 4.75]},
			"faces": {
				"north": {"uv": [4, 6, 5.5, 8], "texture": "#0"},
				"east": {"uv": [5.5, 6, 7, 8], "texture": "#0"},
				"south": {"uv": [6.5, 0, 8, 2], "texture": "#0"},
				"west": {"uv": [6.5, 2, 8, 4], "texture": "#0"},
				"up": {"uv": [8, 5.5, 6.5, 4], "texture": "#0"},
				"down": {"uv": [1.5, 7, 0, 8.5], "texture": "#0"}
			}
		},
		{
			"from": [11, 6, 3.75],
			"to": [16, 7, 8.75],
			"rotation": {"angle": 0, "axis": "y", "origin": [13, 5, 4.75]},
			"faces": {
				"north": {"uv": [8, 5, 10.5, 5.5], "texture": "#0"},
				"east": {"uv": [8.5, 0, 11, 0.5], "texture": "#0"},
				"south": {"uv": [8.5, 0.5, 11, 1], "texture": "#0"},
				"west": {"uv": [8.5, 1, 11, 1.5], "texture": "#0"},
				"up": {"uv": [2.5, 2.5, 0, 0], "texture": "#0"},
				"down": {"uv": [2.5, 2.5, 0, 5], "texture": "#0"}
			}
		},
		{
			"from": [12, -6, 4.75],
			"to": [15, -4, 7.75],
			"rotation": {"angle": 0, "axis": "y", "origin": [13, -6, 4.75]},
			"faces": {
				"north": {"uv": [3, 8, 4.5, 9], "texture": "#0"},
				"east": {"uv": [8, 3, 9.5, 4], "texture": "#0"},
				"south": {"uv": [8, 4, 9.5, 5], "texture": "#0"},
				"west": {"uv": [4.5, 8, 6, 9], "texture": "#0"},
				"up": {"uv": [8.5, 7, 7, 5.5], "texture": "#0"},
				"down": {"uv": [8.5, 7, 7, 8.5], "texture": "#0"}
			}
		},
		{
			"from": [13, -9, 5.75],
			"to": [14, -6, 6.75],
			"rotation": {"angle": 0, "axis": "y", "origin": [13, -8, 4.75]},
			"faces": {
				"north": {"uv": [6, 8, 6.5, 9.5], "texture": "#0"},
				"east": {"uv": [6.5, 8, 7, 9.5], "texture": "#0"},
				"south": {"uv": [0, 8.5, 0.5, 10], "texture": "#0"},
				"west": {"uv": [0.5, 8.5, 1, 10], "texture": "#0"},
				"up": {"uv": [9.5, 6.5, 9, 6], "texture": "#0"},
				"down": {"uv": [9.5, 7, 9, 7.5], "texture": "#0"}
			}
		},
		{
			"from": [11.5, -4, 4.25],
			"to": [15.5, 2, 8.25],
			"rotation": {"angle": 0, "axis": "y", "origin": [13.5, -3, 5.25]},
			"faces": {
				"north": {"uv": [2.5, 0, 4.5, 3], "texture": "#0"},
				"east": {"uv": [2.5, 3, 4.5, 6], "texture": "#0"},
				"south": {"uv": [4.5, 0, 6.5, 3], "texture": "#0"},
				"west": {"uv": [4.5, 3, 6.5, 6], "texture": "#0"},
				"up": {"uv": [2, 7, 0, 5], "texture": "#0"},
				"down": {"uv": [4, 6, 2, 8], "texture": "#0"}
			}
		}
	],
	"display": {
		"thirdperson_righthand": {
			"rotation": [90, 0, 0],
			"translation": [-5.5, -2.5, -4]
		},
		"thirdperson_lefthand": {
			"rotation": [90, 0, 0],
			"translation": [5.5, -2.5, -4]
		},
		"firstperson_righthand": {
			"rotation": [51, 0, 0]
		},
		"firstperson_lefthand": {
			"rotation": [51, 0, 0],
			"translation": [10.5, 0, 0]
		},
		"ground": {
			"translation": [-5.25, 15, 2.25]
		},
		"gui": {
			"rotation": [51, -30, 47],
			"translation": [-7, 2.5, 0]
		},
		"head": {
			"rotation": [99, 19, -99],
			"translation": [13.75, 0.75, 7.25],
			"scale": [1.6, 1.6, 1.6]
		},
		"fixed": {
			"rotation": [0, 90, 0],
			"translation": [0, 5.5, 5]
		}
	}
}