{
	"format_version": "1.21.6",
	"credit": "Made with Blockbench",
	"texture_size": [32, 32],
	"textures": {
		"0": "hazbin:item/lute_sword",
		"particle": "hazbin:item/lute_sword"
	},
	"elements": [
		{
			"from": [7.5, 0, 7.5],
			"to": [8.5, 7, 8.5],
			"rotation": {"angle": 0, "axis": "y", "origin": [7.5, 0, 6.5]},
			"faces": {
				"north": {"uv": [7, 0, 7.5, 3.5], "texture": "#0"},
				"east": {"uv": [7, 3.5, 7.5, 7], "texture": "#0"},
				"south": {"uv": [7, 7, 7.5, 10.5], "texture": "#0"},
				"west": {"uv": [7.5, 0, 8, 3.5], "texture": "#0"},
				"up": {"uv": [8, 4, 7.5, 3.5], "texture": "#0"},
				"down": {"uv": [8, 4, 7.5, 4.5], "texture": "#0"}
			}
		},
		{
			"from": [5.5, 1, 5.5],
			"to": [10.5, 7, 10.5],
			"rotation": {"angle": 0, "axis": "y", "origin": [5.5, 0, 6.5]},
			"faces": {
				"north": {"uv": [2, 0, 4.5, 3], "texture": "#0"},
				"east": {"uv": [2, 3, 4.5, 6], "texture": "#0"},
				"south": {"uv": [4.5, 0, 7, 3], "texture": "#0"},
				"west": {"uv": [4.5, 3, 7, 6], "texture": "#0"},
				"up": {"uv": [4.5, 8.5, 2, 6], "texture": "#0"},
				"down": {"uv": [7, 6, 4.5, 8.5], "texture": "#0"}
			}
		},
		{
			"from": [10.5, 1, 5.5],
			"to": [5.5, 7, 10.5],
			"rotation": {"angle": 0, "axis": "y", "origin": [10.5, 0, 6.5]},
			"faces": {
				"north": {"uv": [2, 0, 4.5, 3], "texture": "#0"},
				"east": {"uv": [2, 3, 4.5, 6], "texture": "#0"},
				"south": {"uv": [4.5, 0, 7, 3], "texture": "#0"},
				"west": {"uv": [4.5, 3, 7, 6], "texture": "#0"},
				"up": {"uv": [4.5, 8.5, 2, 6], "texture": "#0"},
				"down": {"uv": [7, 6, 4.5, 8.5], "texture": "#0"}
			}
		},
		{
			"from": [8, 7, 7],
			"to": [8, 31, 9],
			"rotation": {"angle": 0, "axis": "y", "origin": [8, 7, 6]},
			"faces": {
				"north": {"uv": [0, 0, 0, 12], "texture": "#0"},
				"east": {"uv": [0, 0, 1, 12], "texture": "#0"},
				"south": {"uv": [0, 0, 0, 12], "texture": "#0"},
				"west": {"uv": [1, 0, 2, 12], "texture": "#0"},
				"up": {"uv": [0, 1, 0, 0], "texture": "#0"},
				"down": {"uv": [0, 0, 0, 1], "texture": "#0"}
			}
		}
	],
	"display": {
		"thirdperson_righthand": {
			"translation": [0, 2.5, 1]
		},
		"thirdperson_lefthand": {
			"translation": [0, 2.5, 1]
		},
		"firstperson_righthand": {
			"rotation": [-10, 11, 0],
			"translation": [1.5, 1.25, 1],
			"scale": [0.75, 0.75, 0.75]
		},
		"firstperson_lefthand": {
			"rotation": [-10, 11, 0],
			"translation": [1.5, 1.25, 1],
			"scale": [0.75, 0.75, 0.75]
		},
		"ground": {
			"translation": [0, 4.5, 0],
			"scale": [0.75, 0.75, 0.75]
		},
		"gui": {
			"rotation": [131.44, 36.91, -118.01],
			"translation": [-3.25, -3.5, -0.75],
			"scale": [0.66, 0.66, 0.66]
		},
		"head": {
			"rotation": [-87.1, -22.78, -149.03],
			"translation": [-6, -3.25, -12.5],
			"scale": [1.6, 1.6, 1.6]
		},
		"fixed": {
			"rotation": [48.55, -36.83, 62.1],
			"translation": [6, -6, -0.75]
		},
		"on_shelf": {
			"rotation": [0, 118, 0],
			"translation": [0, 0.5, 0]
		}
	}
}