{
	"credit": "Made with Blockbench",
	"texture_size": [32, 32],
	"textures": {
		"0": "hazbin:item/alastor_staff",
		"particle": "hazbin:item/alastor_staff"
	},
	"elements": [
		{
			"from": [7, 0, 7],
			"to": [9, 1, 9],
			"faces": {
				"north": {"uv": [6.5, 3.5, 7.5, 4], "texture": "#0"},
				"east": {"uv": [6.5, 4, 7.5, 4.5], "texture": "#0"},
				"south": {"uv": [6.5, 4.5, 7.5, 5], "texture": "#0"},
				"west": {"uv": [6, 6.5, 7, 7], "texture": "#0"},
				"up": {"uv": [6.5, 3, 5.5, 2], "texture": "#0"},
				"down": {"uv": [3, 6, 2, 7], "texture": "#0"}
			}
		},
		{
			"from": [7.5, 1, 7.5],
			"to": [8.5, 23, 8.5],
			"faces": {
				"north": {"uv": [0, 0, 0.5, 11], "texture": "#0"},
				"east": {"uv": [0.5, 0, 1, 11], "texture": "#0"},
				"south": {"uv": [1, 0, 1.5, 11], "texture": "#0"},
				"west": {"uv": [1.5, 0, 2, 11], "texture": "#0"},
				"up": {"uv": [8, 6, 7.5, 5.5], "texture": "#0"},
				"down": {"uv": [6.5, 7.5, 6, 8], "texture": "#0"}
			}
		},
		{
			"from": [6, 25, 7.25],
			"to": [10, 29, 9.25],
			"faces": {
				"north": {"uv": [2, 0, 4, 2], "texture": "#0"},
				"east": {"uv": [2, 4, 3, 6], "texture": "#0"},
				"south": {"uv": [2, 2, 4, 4], "texture": "#0"},
				"west": {"uv": [3, 4, 4, 6], "texture": "#0"},
				"up": {"uv": [6, 4, 4, 3], "texture": "#0"},
				"down": {"uv": [6, 4, 4, 5], "texture": "#0"}
			}
		},
		{
			"from": [7, 29, 7.25],
			"to": [9, 30, 8.25],
			"faces": {
				"north": {"uv": [7, 0, 8, 0.5], "texture": "#0"},
				"east": {"uv": [2.5, 7.5, 3, 8], "texture": "#0"},
				"south": {"uv": [7, 0.5, 8, 1], "texture": "#0"},
				"west": {"uv": [3.5, 7.5, 4, 8], "texture": "#0"},
				"up": {"uv": [8, 1.5, 7, 1], "texture": "#0"},
				"down": {"uv": [8, 1.5, 7, 2], "texture": "#0"}
			}
		},
		{
			"from": [6.5, 23, 6.5],
			"to": [9.5, 24, 9.5],
			"faces": {
				"north": {"uv": [6, 5, 7.5, 5.5], "texture": "#0"},
				"east": {"uv": [6, 5.5, 7.5, 6], "texture": "#0"},
				"south": {"uv": [6, 6, 7.5, 6.5], "texture": "#0"},
				"west": {"uv": [6.5, 2, 8, 2.5], "texture": "#0"},
				"up": {"uv": [5.5, 1.5, 4, 0], "texture": "#0"},
				"down": {"uv": [5.5, 1.5, 4, 3], "texture": "#0"}
			}
		},
		{
			"from": [7, 24, 6.75],
			"to": [9, 28, 7.75],
			"faces": {
				"north": {"uv": [4, 5, 5, 7], "texture": "#0"},
				"east": {"uv": [3, 6, 3.5, 8], "texture": "#0"},
				"south": {"uv": [5, 5, 6, 7], "texture": "#0"},
				"west": {"uv": [6, 3, 6.5, 5], "texture": "#0"},
				"up": {"uv": [5.5, 7.5, 4.5, 7], "texture": "#0"},
				"down": {"uv": [6.5, 7, 5.5, 7.5], "texture": "#0"}
			}
		},
		{
			"from": [7.5, 24.25, 6.7],
			"to": [8.5, 26.25, 7.7],
			"faces": {
				"north": {"uv": [3.5, 6, 4, 7], "texture": "#0"},
				"east": {"uv": [6.5, 7, 7, 8], "texture": "#0"},
				"south": {"uv": [7, 6.5, 7.5, 7.5], "texture": "#0"},
				"west": {"uv": [2, 7.5, 2.5, 8.5], "texture": "#0"},
				"up": {"uv": [8, 4, 7.5, 3.5], "texture": "#0"},
				"down": {"uv": [4.5, 7.5, 4, 8], "texture": "#0"}
			}
		},
		{
			"from": [7.9, 24.75, 6.65],
			"to": [8.15, 25.75, 7.65],
			"faces": {
				"north": {"uv": [7.5, 4, 8, 4.5], "texture": "#0"},
				"east": {"uv": [4.5, 7.5, 5, 8], "texture": "#0"},
				"south": {"uv": [7.5, 4.5, 8, 5], "texture": "#0"},
				"west": {"uv": [5, 7.5, 5.5, 8], "texture": "#0"},
				"up": {"uv": [8, 5.5, 7.5, 5], "texture": "#0"},
				"down": {"uv": [6, 7.5, 5.5, 8], "texture": "#0"}
			}
		},
		{
			"from": [6.5, 24, 7.25],
			"to": [9.5, 25, 9.25],
			"faces": {
				"north": {"uv": [6.5, 2.5, 8, 3], "texture": "#0"},
				"east": {"uv": [2, 7, 3, 7.5], "texture": "#0"},
				"south": {"uv": [6.5, 3, 8, 3.5], "texture": "#0"},
				"west": {"uv": [3.5, 7, 4.5, 7.5], "texture": "#0"},
				"up": {"uv": [7, 1, 5.5, 0], "texture": "#0"},
				"down": {"uv": [7, 1, 5.5, 2], "texture": "#0"}
			}
		}
	],
	"display": {
		"thirdperson_righthand": {
			"rotation": [0, 90, 0],
			"translation": [0, -5, 0.75],
			"scale": [1.23, 1.23, 1.23]
		},
		"thirdperson_lefthand": {
			"rotation": [0, 90, 0],
			"translation": [0, -5, 0.75],
			"scale": [1.23, 1.23, 1.23]
		},
		"firstperson_righthand": {
			"rotation": [0, 43, 0],
			"translation": [2.25, -8.25, 0]
		},
		"firstperson_lefthand": {
			"rotation": [0, 43, 0],
			"translation": [2.25, -8.25, 0]
		},
		"ground": {
			"translation": [0, 6.25, 0]
		},
		"gui": {
			"rotation": [-11, 149, 47],
			"translation": [-2.25, -3.5, 0],
			"scale": [0.65, 0.65, 0.65]
		},
		"head": {
			"translation": [0, -19, -1.25],
			"scale": [1.7, 1.7, 1.7]
		},
		"fixed": {
			"translation": [0, -5.5, 0],
			"scale": [0.8, 0.8, 0.8]
		}
	}
}