{
	"credit": "Made with Blockbench",
	"texture_size": [32, 32],
	"textures": {
		"0": "hazbin:item/roo_arm",
		"particle": "hazbin:item/roo_arm"
	},
	"elements": [
		{
			"from": [11.999, 12.999, 5.999],
			"to": [16.001, 18.001, 10.001],
			"rotation": {"angle": 0, "axis": "y", "origin": [12, 13, 6]},
			"faces": {
				"north": {"uv": [8.5, 2, 10.5, 4.5], "texture": "#0"},
				"east": {"uv": [8.5, 4.5, 10.5, 7], "texture": "#0"},
				"south": {"uv": [8.5, 7, 10.5, 9.5], "texture": "#0"},
				"west": {"uv": [0, 9, 2, 11.5], "texture": "#0"},
				"up": {"uv": [12.5, 4, 10.5, 2], "texture": "#0"},
				"down": {"uv": [12.5, 4, 10.5, 6], "texture": "#0"}
			}
		},
		{
			"from": [11.75, 3, 4.5],
			"to": [16.75, 9, 11.5],
			"rotation": {"angle": 0, "axis": "y", "origin": [11.75, 8, 6.5]},
			"faces": {
				"north": {"uv": [0, 6, 2.5, 9], "texture": "#0"},
				"east": {"uv": [0, 0, 3.5, 3], "texture": "#0"},
				"south": {"uv": [6, 0, 8.5, 3], "texture": "#0"},
				"west": {"uv": [0, 3, 3.5, 6], "texture": "#0"},
				"up": {"uv": [6, 3.5, 3.5, 0], "texture": "#0"},
				"down": {"uv": [6, 3.5, 3.5, 7], "texture": "#0"}
			}
		},
		{
			"from": [13, -2.25, 4.6],
			"to": [15, 4.75, 6.6],
			"rotation": {"angle": -22.5, "axis": "z", "origin": [11, 3.75, 6.6]},
			"faces": {
				"north": {"uv": [10.5, 6, 11.5, 9.5], "texture": "#0"},
				"east": {"uv": [2, 11, 3, 14.5], "texture": "#0"},
				"south": {"uv": [3, 11, 4, 14.5], "texture": "#0"},
				"west": {"uv": [4, 11, 5, 14.5], "texture": "#0"},
				"up": {"uv": [3.5, 7, 2.5, 6], "texture": "#0"},
				"down": {"uv": [12.5, 0, 11.5, 1], "texture": "#0"}
			}
		},
		{
			"from": [13, -2.25, 9.4],
			"to": [15, 4.75, 11.4],
			"rotation": {"angle": -22.5, "axis": "z", "origin": [11, 3.75, 11.4]},
			"faces": {
				"north": {"uv": [5, 11, 6, 14.5], "texture": "#0"},
				"east": {"uv": [6, 11, 7, 14.5], "texture": "#0"},
				"south": {"uv": [11, 9.5, 12, 13], "texture": "#0"},
				"west": {"uv": [0, 11.5, 1, 15], "texture": "#0"},
				"up": {"uv": [2, 12.5, 1, 11.5], "texture": "#0"},
				"down": {"uv": [12.5, 1, 11.5, 2], "texture": "#0"}
			}
		},
		{
			"from": [14.25, -4.25, 7],
			"to": [16.25, 4.75, 9],
			"rotation": {"angle": -22.5, "axis": "z", "origin": [12.25, 3.75, 9]},
			"faces": {
				"north": {"uv": [7, 9, 8, 13.5], "texture": "#0"},
				"east": {"uv": [8, 9.5, 9, 14], "texture": "#0"},
				"south": {"uv": [9, 9.5, 10, 14], "texture": "#0"},
				"west": {"uv": [10, 9.5, 11, 14], "texture": "#0"},
				"up": {"uv": [12.5, 7, 11.5, 6], "texture": "#0"},
				"down": {"uv": [12.5, 7, 11.5, 8], "texture": "#0"}
			}
		},
		{
			"from": [18.3, -7.75, 7.5],
			"to": [19.3, -4.75, 8.5],
			"rotation": {"angle": -45, "axis": "z", "origin": [15.55, 3.25, 8.5]},
			"faces": {
				"north": {"uv": [5.5, 7, 6, 8.5], "texture": "#0"},
				"east": {"uv": [11.5, 8, 12, 9.5], "texture": "#0"},
				"south": {"uv": [12, 8, 12.5, 9.5], "texture": "#0"},
				"west": {"uv": [12, 9.5, 12.5, 11], "texture": "#0"},
				"up": {"uv": [6, 9, 5.5, 8.5], "texture": "#0"},
				"down": {"uv": [8.5, 9, 8, 9.5], "texture": "#0"}
			}
		},
		{
			"from": [18.05, -5.75, 5.1],
			"to": [19.05, -2.75, 6.1],
			"rotation": {"angle": -45, "axis": "z", "origin": [15.3, 5.25, 6.1]},
			"faces": {
				"north": {"uv": [12, 11, 12.5, 12.5], "texture": "#0"},
				"east": {"uv": [12.5, 0, 13, 1.5], "texture": "#0"},
				"south": {"uv": [1, 12.5, 1.5, 14], "texture": "#0"},
				"west": {"uv": [1.5, 12.5, 2, 14], "texture": "#0"},
				"up": {"uv": [13, 8, 12.5, 7.5], "texture": "#0"},
				"down": {"uv": [13, 8, 12.5, 8.5], "texture": "#0"}
			}
		},
		{
			"from": [18.05, -5.75, 10.05],
			"to": [19.05, -2.75, 11.05],
			"rotation": {"angle": -45, "axis": "z", "origin": [15.3, 5.25, 11.05]},
			"faces": {
				"north": {"uv": [12.5, 1.5, 13, 3], "texture": "#0"},
				"east": {"uv": [12.5, 3, 13, 4.5], "texture": "#0"},
				"south": {"uv": [12.5, 4.5, 13, 6], "texture": "#0"},
				"west": {"uv": [12.5, 6, 13, 7.5], "texture": "#0"},
				"up": {"uv": [13, 9, 12.5, 8.5], "texture": "#0"},
				"down": {"uv": [13, 9, 12.5, 9.5], "texture": "#0"}
			}
		},
		{
			"from": [11.75, 9, 5],
			"to": [16.75, 13, 11],
			"rotation": {"angle": 0, "axis": "y", "origin": [11.75, 12, 7]},
			"faces": {
				"north": {"uv": [2, 9, 4.5, 11], "texture": "#0"},
				"east": {"uv": [2.5, 7, 5.5, 9], "texture": "#0"},
				"south": {"uv": [4.5, 9, 7, 11], "texture": "#0"},
				"west": {"uv": [8.5, 0, 11.5, 2], "texture": "#0"},
				"up": {"uv": [8.5, 6, 6, 3], "texture": "#0"},
				"down": {"uv": [8.5, 6, 6, 9], "texture": "#0"}
			}
		}
	],
	"display": {
		"thirdperson_righthand": {
			"rotation": [90, 0, 0],
			"translation": [-5.5, -2, -4.5]
		},
		"thirdperson_lefthand": {
			"rotation": [90, 180, 0],
			"translation": [-5.5, -2, -4.5]
		},
		"firstperson_righthand": {
			"rotation": [90, 30, -10]
		},
		"firstperson_lefthand": {
			"rotation": [90, -150, -10]
		},
		"ground": {
			"rotation": [180, 1, 0],
			"translation": [-6, 7, 0]
		},
		"gui": {
			"rotation": [31, -132, 74],
			"translation": [2, -2.25, 0],
			"scale": [0.86, 0.86, 0.86]
		},
		"head": {
			"rotation": [0, 90, 0],
			"translation": [0, 7.75, 1],
			"scale": [1.5, 1.5, 1.5]
		},
		"fixed": {
			"rotation": [7, 90, 0],
			"translation": [0, 0, 3.25]
		}
	}
}