{
	"format_version": "1.21.6",
	"credit": "Made with Blockbench",
	"texture_size": [32, 32],
	"textures": {
		"0": "hazbin:item/emily_halo",
		"particle": "hazbin:item/emily_halo"
	},
	"elements": [
		{
			"from": [11.5, 2.5, 3.75],
			"to": [12.5, 3.5, 4.75],
			"rotation": {"angle": 0, "axis": "y", "origin": [10.5, 1.5, 9.75]},
			"faces": {
				"north": {"uv": [7.5, 4.5, 8, 5], "texture": "#0"},
				"east": {"uv": [8, 4.5, 8.5, 5], "texture": "#0"},
				"south": {"uv": [8, 6.5, 8.5, 7], "texture": "#0"},
				"west": {"uv": [8, 7, 8.5, 7.5], "texture": "#0"},
				"up": {"uv": [8.5, 8, 8, 7.5], "texture": "#0"},
				"down": {"uv": [8.5, 8, 8, 8.5], "texture": "#0"}
			}
		},
		{
			"from": [3.5, 2.5, 3.75],
			"to": [4.5, 3.5, 4.75],
			"rotation": {"angle": 0, "axis": "y", "origin": [5.5, 1.5, 9.75]},
			"faces": {
				"north": {"uv": [1, 8.5, 1.5, 9], "texture": "#0"},
				"east": {"uv": [1.5, 8.5, 2, 9], "texture": "#0"},
				"south": {"uv": [2.5, 8.5, 3, 9], "texture": "#0"},
				"west": {"uv": [3, 8.5, 3.5, 9], "texture": "#0"},
				"up": {"uv": [4, 9, 3.5, 8.5], "texture": "#0"},
				"down": {"uv": [4.5, 8.5, 4, 9], "texture": "#0"}
			}
		},
		{
			"from": [3, 1, 3],
			"to": [4, 2, 12],
			"rotation": {"angle": 0, "axis": "y", "origin": [9, 0, 9]},
			"faces": {
				"north": {"uv": [4.5, 8.5, 5, 9], "texture": "#0"},
				"east": {"uv": [0, 0, 4.5, 0.5], "texture": "#0"},
				"south": {"uv": [8.5, 4.5, 9, 5], "texture": "#0"},
				"west": {"uv": [0, 0.5, 4.5, 1], "texture": "#0"},
				"up": {"uv": [0.5, 5.5, 0, 1], "texture": "#0"},
				"down": {"uv": [1, 1, 0.5, 5.5], "texture": "#0"}
			}
		},
		{
			"from": [3, 1, 12],
			"to": [12, 2, 13],
			"rotation": {"angle": 0, "axis": "y", "origin": [9, 0, 7]},
			"faces": {
				"north": {"uv": [1, 1, 5.5, 1.5], "texture": "#0"},
				"east": {"uv": [5, 8.5, 5.5, 9], "texture": "#0"},
				"south": {"uv": [1, 1.5, 5.5, 2], "texture": "#0"},
				"west": {"uv": [5.5, 8.5, 6, 9], "texture": "#0"},
				"up": {"uv": [5.5, 2.5, 1, 2], "texture": "#0"},
				"down": {"uv": [5.5, 2.5, 1, 3], "texture": "#0"}
			}
		},
		{
			"from": [12, 1, 4],
			"to": [13, 2, 13],
			"rotation": {"angle": 0, "axis": "y", "origin": [7, 0, 7]},
			"faces": {
				"north": {"uv": [8.5, 6.5, 9, 7], "texture": "#0"},
				"east": {"uv": [1, 3, 5.5, 3.5], "texture": "#0"},
				"south": {"uv": [7, 8.5, 7.5, 9], "texture": "#0"},
				"west": {"uv": [1, 3.5, 5.5, 4], "texture": "#0"},
				"up": {"uv": [1.5, 8.5, 1, 4], "texture": "#0"},
				"down": {"uv": [2, 4, 1.5, 8.5], "texture": "#0"}
			}
		},
		{
			"from": [4, 1, 3],
			"to": [13, 2, 4],
			"rotation": {"angle": 0, "axis": "y", "origin": [7, 0, 9]},
			"faces": {
				"north": {"uv": [2, 4, 6.5, 4.5], "texture": "#0"},
				"east": {"uv": [8.5, 7, 9, 7.5], "texture": "#0"},
				"south": {"uv": [4.5, 0, 9, 0.5], "texture": "#0"},
				"west": {"uv": [7.5, 8.5, 8, 9], "texture": "#0"},
				"up": {"uv": [9, 1, 4.5, 0.5], "texture": "#0"},
				"down": {"uv": [6.5, 4.5, 2, 5], "texture": "#0"}
			}
		},
		{
			"from": [7.5, 3, 3],
			"to": [8.5, 6, 4],
			"rotation": {"angle": 0, "axis": "y", "origin": [6.5, 2, 9]},
			"faces": {
				"north": {"uv": [2.5, 6, 3, 7.5], "texture": "#0"},
				"east": {"uv": [3, 6, 3.5, 7.5], "texture": "#0"},
				"south": {"uv": [3.5, 6, 4, 7.5], "texture": "#0"},
				"west": {"uv": [4, 6, 4.5, 7.5], "texture": "#0"},
				"up": {"uv": [9, 8, 8.5, 7.5], "texture": "#0"},
				"down": {"uv": [8.5, 8.5, 8, 9], "texture": "#0"}
			}
		},
		{
			"from": [9.5, 2.75, 3.25],
			"to": [10.5, 4.75, 4.25],
			"rotation": {"angle": 0, "axis": "y", "origin": [8.5, 1.75, 9.25]},
			"faces": {
				"north": {"uv": [7, 6.5, 7.5, 7.5], "texture": "#0"},
				"east": {"uv": [2.5, 7.5, 3, 8.5], "texture": "#0"},
				"south": {"uv": [3, 7.5, 3.5, 8.5], "texture": "#0"},
				"west": {"uv": [3.5, 7.5, 4, 8.5], "texture": "#0"},
				"up": {"uv": [9, 8.5, 8.5, 8], "texture": "#0"},
				"down": {"uv": [9, 8.5, 8.5, 9], "texture": "#0"}
			}
		},
		{
			"from": [5.5, 2.75, 3.25],
			"to": [6.5, 4.75, 4.25],
			"rotation": {"angle": 0, "axis": "y", "origin": [7.5, 1.75, 9.25]},
			"faces": {
				"north": {"uv": [4, 7.5, 4.5, 8.5], "texture": "#0"},
				"east": {"uv": [4.5, 7.5, 5, 8.5], "texture": "#0"},
				"south": {"uv": [5, 7.5, 5.5, 8.5], "texture": "#0"},
				"west": {"uv": [7.5, 6.5, 8, 7.5], "texture": "#0"},
				"up": {"uv": [0.5, 9.5, 0, 9], "texture": "#0"},
				"down": {"uv": [9.5, 0, 9, 0.5], "texture": "#0"}
			}
		},
		{
			"from": [12.6, 3.6, 4.85],
			"to": [11.4, 2.4, 3.65],
			"rotation": {"angle": 0, "axis": "y", "origin": [10.5, 1.5, 9.75]},
			"faces": {
				"north": {"uv": [0.5, 9, 1, 9.5], "texture": "#0"},
				"east": {"uv": [9, 0.5, 9.5, 1], "texture": "#0"},
				"south": {"uv": [1, 9, 1.5, 9.5], "texture": "#0"},
				"west": {"uv": [9, 1, 9.5, 1.5], "texture": "#0"},
				"up": {"uv": [2, 9.5, 1.5, 9], "texture": "#0"},
				"down": {"uv": [9.5, 1.5, 9, 2], "texture": "#0"}
			}
		},
		{
			"from": [4.6, 3.6, 4.85],
			"to": [3.4, 2.4, 3.65],
			"rotation": {"angle": 0, "axis": "y", "origin": [5.5, 1.5, 9.75]},
			"faces": {
				"north": {"uv": [9, 2, 9.5, 2.5], "texture": "#0"},
				"east": {"uv": [2.5, 9, 3, 9.5], "texture": "#0"},
				"south": {"uv": [9, 2.5, 9.5, 3], "texture": "#0"},
				"west": {"uv": [3, 9, 3.5, 9.5], "texture": "#0"},
				"up": {"uv": [9.5, 3.5, 9, 3], "texture": "#0"},
				"down": {"uv": [4, 9, 3.5, 9.5], "texture": "#0"}
			}
		},
		{
			"from": [4.1, 2.1, 12.1],
			"to": [2.9, 0.9, 2.9],
			"rotation": {"angle": 0, "axis": "y", "origin": [8, 0, 8]},
			"faces": {
				"north": {"uv": [9, 3.5, 9.5, 4], "texture": "#0"},
				"east": {"uv": [2, 5, 5.5, 5.5], "texture": "#0"},
				"south": {"uv": [4, 9, 4.5, 9.5], "texture": "#0"},
				"west": {"uv": [5.5, 1, 9, 1.5], "texture": "#0"},
				"up": {"uv": [0.5, 9, 0, 5.5], "texture": "#0"},
				"down": {"uv": [1, 5.5, 0.5, 9], "texture": "#0"}
			}
		},
		{
			"from": [12.1, 2.1, 13.1],
			"to": [2.9, 0.9, 11.9],
			"rotation": {"angle": 0, "axis": "y", "origin": [8, 0, 8]},
			"faces": {
				"north": {"uv": [5.5, 1.5, 9, 2], "texture": "#0"},
				"east": {"uv": [4.5, 9, 5, 9.5], "texture": "#0"},
				"south": {"uv": [2, 5.5, 5.5, 6], "texture": "#0"},
				"west": {"uv": [9, 4.5, 9.5, 5], "texture": "#0"},
				"up": {"uv": [9, 2.5, 5.5, 2], "texture": "#0"},
				"down": {"uv": [9, 2.5, 5.5, 3], "texture": "#0"}
			}
		},
		{
			"from": [13.1, 2.1, 13.1],
			"to": [11.9, 0.9, 3.9],
			"rotation": {"angle": 0, "axis": "y", "origin": [8, 0, 8]},
			"faces": {
				"north": {"uv": [5, 9, 5.5, 9.5], "texture": "#0"},
				"east": {"uv": [5.5, 3, 9, 3.5], "texture": "#0"},
				"south": {"uv": [5.5, 9, 6, 9.5], "texture": "#0"},
				"west": {"uv": [5.5, 3.5, 9, 4], "texture": "#0"},
				"up": {"uv": [6, 8.5, 5.5, 5], "texture": "#0"},
				"down": {"uv": [2.5, 6, 2, 9.5], "texture": "#0"}
			}
		},
		{
			"from": [13.1, 2.1, 4.1],
			"to": [3.9, 0.9, 2.9],
			"rotation": {"angle": 0, "axis": "y", "origin": [8, 0, 8]},
			"faces": {
				"north": {"uv": [6, 5, 9.5, 5.5], "texture": "#0"},
				"east": {"uv": [6, 9, 6.5, 9.5], "texture": "#0"},
				"south": {"uv": [6, 5.5, 9.5, 6], "texture": "#0"},
				"west": {"uv": [6.5, 9, 7, 9.5], "texture": "#0"},
				"up": {"uv": [9.5, 6.5, 6, 6], "texture": "#0"},
				"down": {"uv": [10, 4, 6.5, 4.5], "texture": "#0"}
			}
		},
		{
			"from": [8.6, 6.1, 4.1],
			"to": [7.4, 2.9, 2.9],
			"rotation": {"angle": 0, "axis": "y", "origin": [6.5, 4, 9]},
			"faces": {
				"north": {"uv": [9, 7, 9.5, 7.5], "texture": "#0"},
				"east": {"uv": [7.5, 9, 8, 9.5], "texture": "#0"},
				"south": {"uv": [9, 7.5, 9.5, 8], "texture": "#0"},
				"west": {"uv": [8, 9, 8.5, 9.5], "texture": "#0"},
				"up": {"uv": [9.5, 8.5, 9, 8], "texture": "#0"},
				"down": {"uv": [9, 9, 8.5, 9.5], "texture": "#0"}
			}
		},
		{
			"from": [10.6, 4.85, 4.35],
			"to": [9.4, 2.65, 3.15],
			"rotation": {"angle": 0, "axis": "y", "origin": [8.5, 2.75, 9.25]},
			"faces": {
				"north": {"uv": [6.5, 2.5, 7, 2.5], "texture": "#0"},
				"east": {"uv": [6.5, 2.5, 7, 2.5], "texture": "#0"},
				"south": {"uv": [6, 1.5, 6.5, 1.5], "texture": "#0"},
				"west": {"uv": [6.5, 3, 7, 3], "texture": "#0"},
				"up": {"uv": [0.5, 10, 0, 9.5], "texture": "#0"},
				"down": {"uv": [10, 0, 9.5, 0.5], "texture": "#0"}
			}
		},
		{
			"from": [6.6, 4.85, 4.35],
			"to": [5.4, 2.65, 3.15],
			"rotation": {"angle": 0, "axis": "y", "origin": [7.5, 2.75, 9.25]},
			"faces": {
				"north": {"uv": [6.5, 2.5, 7, 2.5], "texture": "#0"},
				"east": {"uv": [7, 3, 7.5, 3], "texture": "#0"},
				"south": {"uv": [7, 2.5, 7.5, 2.5], "texture": "#0"},
				"west": {"uv": [6.5, 2, 7, 2], "texture": "#0"},
				"up": {"uv": [7, 5, 6.5, 4.5], "texture": "#0"},
				"down": {"uv": [7.5, 4.5, 7, 5], "texture": "#0"}
			}
		}
	],
	"display": {
		"thirdperson_righthand": {
			"rotation": [-90, 0, 0],
			"translation": [0, -2, 0],
			"scale": [0.64, 0.64, 0.64]
		},
		"thirdperson_lefthand": {
			"rotation": [-90, 0, 0],
			"translation": [0, -2, 0],
			"scale": [0.64, 0.64, 0.64]
		},
		"firstperson_righthand": {
			"rotation": [0, 40, 0],
			"translation": [0, 8, 0]
		},
		"firstperson_lefthand": {
			"rotation": [0, 40, 0],
			"translation": [0, 8, 0]
		},
		"ground": {
			"translation": [0, 5, 0],
			"scale": [0.8, 0.8, 0.8]
		},
		"gui": {
			"rotation": [21, -157, 0],
			"translation": [0, 5.25, 0],
			"scale": [1.07, 1.07, 1.07]
		},
		"head": {
			"translation": [0, 19, 0],
			"scale": [1.6, 1.6, 1.6]
		},
		"on_shelf": {
			"rotation": [0, 180, 0],
			"translation": [0, 0, 1.75]
		}
	},
	"groups": [
		{
			"name": "main_halo",
			"origin": [10.5, 1.5, 9.75],
			"color": 0,
			"children": [0, 1, 2, 3, 4, 5, 6, 7, 8]
		},
		{
			"name": "outline",
			"origin": [10.5, 1.5, 9.75],
			"color": 0,
			"children": [9, 10, 11, 12, 13, 14, 15, 16, 17]
		}
	]
}